name	size	sha256	class_major
META-INF/FastDoubleParser-LICENSE	11358	cfc7749b96f63bd31c3c42b5c471bf756814053e847c10f3eb003417bc523d30	
META-INF/FastDoubleParser-NOTICE	1999	aa057961a9ac52f1a63a8ae5ae437aa8355a69a0876aa8b5d1ecd6e35944be3c	
META-INF/LICENSE	11358	cfc7749b96f63bd31c3c42b5c471bf756814053e847c10f3eb003417bc523d30	
META-INF/MANIFEST.MF	151	06c927e1754f9f2ff73cfafc09332ff88e4832fc73b3379f3b896d3352a2f957	
META-INF/NOTICE	738	612b14bc77c944ce229cbba0d14919162cfea8ed802cbf06a8e865e032d03201	
META-INF/maven/com.fasterxml.jackson.core/jackson-annotations/pom.properties	81	f82de6125334de9c29197d52250dadb24153678d67d4474d6ee5967ff1f477f3	
META-INF/maven/com.fasterxml.jackson.core/jackson-annotations/pom.xml	7092	0b2bd694ea89267eea48126a8a5b24a65234c643387542d24469d195bfba1cf8	
META-INF/maven/com.fasterxml.jackson.core/jackson-core/pom.properties	74	117a2e942d096f466ffbf286c3a2209e41f590843c85340dcf0b49581d1d1461	
META-INF/maven/com.fasterxml.jackson.core/jackson-core/pom.xml	12965	81d1261688ed23a622c4e5026599b8f8f0df90b075dc631f835026adf1722d35	
META-INF/maven/com.fasterxml.jackson.core/jackson-databind/pom.properties	78	67fde770707407551b273c121454636ae67d8ae45bd6d37c792d4bb1dc900e66	
META-INF/maven/com.fasterxml.jackson.core/jackson-databind/pom.xml	21242	493a3db6447b7a8ecbb3724234c6ce677d72db4b04f6ba008f0ebeaea7be5a9d	
META-INF/services/com.fasterxml.jackson.core.JsonFactory	39	8bf715fbf4c33436cce55f9269fc331eb255c322233cdedae4456297b338aaf0	
META-INF/services/com.fasterxml.jackson.core.ObjectCodec	44	a64943b0a3e7e5734e94fe6d71173a92b8c0f83ef650305b44ac438b07b88cc1	
META-INF/thirdparty-LICENSE	3047	6e0e5b6e6389568c1669163fdf40cee2143be58960be0a4e2f1428805505170d	
META-INF/versions/11/com/fasterxml/jackson/core/internal/shaded/fdp/v2_18_2/BigSignificand.class	2647	4bb5b31f0860bb49cfdeb26555a1c8470341114b969bf1fc27b8873f0c7ca487	55
META-INF/versions/11/com/fasterxml/jackson/core/internal/shaded/fdp/v2_18_2/FastDoubleSwar.class	7887	9c228a6c435f2f4a9ea366efc2f0baa62a03051371119c1cba3d23b9888dce08	55
META-INF/versions/11/com/fasterxml/jackson/core/internal/shaded/fdp/v2_18_2/FastIntegerMath.class	5130	fe95abbd62bcec0cdf476cfdab4432c13c878958a59a1a1d6aca48434b898e5d	55
META-INF/versions/17/com/fasterxml/jackson/core/internal/shaded/fdp/v2_18_2/FastDoubleSwar.class	7968	03946786ce94a48b9e4a2cf2eb47356eb0d86f77d7f54776c59bedd2d01ce077	61
META-INF/versions/17/com/fasterxml/jackson/core/internal/shaded/fdp/v2_18_2/FastIntegerMath.class	5130	4cc9fcc430e34110e23a78c4ceeb4dc67822cdf677e6488fb1ebfbf9d117014b	61
META-INF/versions/21/com/fasterxml/jackson/core/internal/shaded/fdp/v2_18_2/FastDoubleSwar.class	7887	cfc6a0f101f28dea92d48e457e3fb91d5e42a22e2aa8e85df6fcbda881c0056a	65
META-INF/versions/21/com/fasterxml/jackson/core/internal/shaded/fdp/v2_18_2/FastIntegerMath.class	5130	aba3525e3424287d3941020a13c591abeaaf87065c2a00a71ab550986b056a29	65
META-INF/versions/22/com/fasterxml/jackson/core/internal/shaded/fdp/v2_18_2/FastDoubleSwar.class	8346	615d15c4ed28c904703529b16a145aafe8468728852e8ca3158777543b1cd9fa	66
META-INF/versions/22/com/fasterxml/jackson/core/internal/shaded/fdp/v2_18_2/FastIntegerMath.class	5130	a3a20ffabc6751fd7464e3d65ad3237213b2f81b706b349fc6c9e967223e41f6	66
META-INF/versions/9/module-info.class	1496	f04982e8783a7baa722351b32a8fe84492cdf6dea4b717f86c63097ccdc0828f	53
art/capitals/poseidon_capital_abyssal_court.jpg	661527	e4427c58310bb6b3d9529756177a4f8f1995ab032c4d5d1a5c8662011600a479	
art/capitals/poseidon_capital_atlantis_nexus.jpg	552694	bae70580179f92b811888fafaeea1d5d9f72fc912c66e74a1f0ae6f8e8c638e3	
art/capitals/poseidon_capital_trident_bastion.jpg	580118	50942aef0bb34bcc8f18ac44760288645f6bc17ff9bd316a20b4f2dfa4c02cac	
art/capitals/zeus_capital_cloud_throne.jpg	653050	abf5fd87f9ee907b6423ddfd43d4e2809aae0badc9fac300173dca9e08a73098	
art/capitals/zeus_capital_keraunos_spire.jpg	611466	403c77fa938c86fda78b80f87bc8a1249104fafc6e58706a010f3c0017115537	
art/capitals/zeus_capital_olympus_citadel.jpg	746648	84318fc25f321054480835f18033ee170e325bcde9d668cd1afcafa7d65e9a4e	
art/characters/poseidon_ability_reefwarden.jpg	648952	0f25984df2dd03cc8905356d65d61780c7afe3959620cbc42eafa29c3b65aadd	
art/characters/poseidon_abyssal_molecrab.jpg	616294	3c61393252b79115950542a270d2f2003326d83d95879d3bdf6e46e810b89be7	
art/characters/poseidon_apex_abysswalker_nereid.jpg	741430	d6593318b138d7a32fe9c0f8944d2d7659813d485d70444ed885c2d5f94b7d7d	
art/characters/poseidon_apex_atlantis_tide_sovereign.jpg	682771	fb37765aa2aa0d89d6c9af04fe0dbc507443e4dcdcb6b47e6fdea2068b9fe8bb	
art/characters/poseidon_apex_kraken_prime_avatar.jpg	714527	9830782f2613663158ea84918cc85e4da8806ef89507cf21a235f95362c1a2d3	
art/characters/poseidon_delphic_sonar_adept.jpg	537599	e20822d073aa080eda5b149cd234772352c17b54e55eb67f89202f1d985d4e9c	
art/characters/poseidon_fast_razorfin_lancer.jpg	597329	9a7509e7b57d323c36eb6507ffd3ec112cdffb8abb7f5249c2af683c8008894d	
art/characters/poseidon_keyword_abyssal_leviathan.jpg	631107	b55df294b5e1208cd64979d10bc588f2070c0ec6253f4b4f9634dcf2e8dff2e3	
art/characters/poseidon_keyword_breakwater_hoplite.jpg	653212	90628701a54add2e7b80d87afcd3201896ee63780a0fd296dff970d84e1d69df	
art/characters/poseidon_keyword_maelstrom_bulwark.jpg	558011	e7ba4d94958068abe604d4f98751bacb4bd1378d7772de9a2673f99be6452959	
art/characters/poseidon_keyword_reef_tunneler.jpg	729034	4b06ed0e704597e657b4c61d9607c0ca7deec238c911b7c05de2018ff78c0178	
art/characters/poseidon_keyword_trench_stalker.jpg	582513	1372ca86f09092f9f6668354c66f0a2e6f9366ef846fd96c6be1c8cd3b843f34	
art/characters/poseidon_kraken_tendril_drone.jpg	532414	1ebaaa5dcc7be9d03fe675f334ddd172385bc13271dab8b8aa8e65abb41e401f	
art/characters/poseidon_leviathan_wakeborn.jpg	563753	bc3a6f8091e7b146b40d50fc312755d217b2c5e4921bf311cc0a3fd33e8f9527	
art/characters/poseidon_naiad_flowshaper.jpg	758018	90692f23838fe000a9b01c9609bc7689ae92c4cb7e4d2a3949e26a401d7c4fe6	
art/characters/poseidon_nereid_current_rider.jpg	651549	38f119bea45c5bc40acf4672945ffb6b0e0888950b8c06fcf0b9b41be61999e8	
art/characters/poseidon_oceanid_pressure_mage.jpg	663599	70ae65f753d11b03d8ffd07a2908e4201a7386b08ebaf335c764a3a4770290c2	
art/characters/poseidon_poseidons_trident_core.jpg	540884	665c6ad80b641946c96394980fc85a75dbf502985c41a95299fb69b4051f99f6	
art/characters/poseidon_reefline_defender.jpg	697114	41016ee9cdda11ecf4149a13e1c67b7783e208c3ad760286700f82a6acd792e6	
art/characters/poseidon_sharp_tidewall_harpooner.jpg	567116	51f45d2c0a5e6be95b147bbebcc5d23b4209f3f1bcd8a062bca52069da67d13d	
art/characters/poseidon_siege_kraken_sapper.jpg	718448	2aed3376ab94e64248e4ce0464ba293f8fd08a48e36d0ae9871ba07209619dd7	
art/characters/poseidon_tidepool_surveyor.jpg	530695	eee20763c06969b5251059cba70ac78e3f2831ffe0c6b1c6e8a6c769bc1afc58	
art/characters/poseidon_triton_waveguard.jpg	509282	bd68ef64758bdac297991e0376a97063da2c2c086cf6d4ab873f595d7d8c2623	
art/characters/poseidon_undertow_stalker.jpg	496300	fec4552c2a10d7f4cad5d23d05acb0a46f26575c1746aad249eab76575ed3365	
art/characters/zeus_ability_skyline_seer.jpg	626228	d1188dca215036c1f96ae04b9c8897aea878f58686d3967569a2b3a4e95b9ef2	
art/characters/zeus_aegis_airguard.jpg	677763	e3d1a84d511ff096e453740634d57996eb7ef490d3ee777886a7b9150f134e60	
art/characters/zeus_apex_keraunos_seraph.jpg	750494	ed106a333ae6b2d194d7828bacb4251612a1111d1ed95e1447655bbeb9779cc5	
art/characters/zeus_apex_olympian_storm_titan.jpg	708565	f7f738aef40c9589d08f946ec69cf3848a0e6ecc70927ea618598e859ea992a0	
art/characters/zeus_apex_skyfather_archon.jpg	650264	d535a1b1712202f4165217a181dd71c4d9ab1149e95bad7f5fc15f671714c06c	
art/characters/zeus_arc_relay_scout.jpg	466275	322c6192cb6996619fd4e1424f33af0ab8716c5f744ea493e008f22035f2fade	
art/characters/zeus_boltwing_cavalier.jpg	774286	060c21979af0f1a8673c76dbc69b65ba545e8d6f2ccfbb77c18320f818af160c	
art/characters/zeus_cloudline_courier.jpg	706297	0b89dab598255e9b736cbbe6c89b35852026178ebe304829db7fc16528caf618	
art/characters/zeus_cyclone_marksman.jpg	716868	e689d8269c96eb5a87495e292d463a932f4b2eae7b5e2bbb5039bcdb2aa019b9	
art/characters/zeus_eagle_of_the_high_grid.jpg	846699	93a909842371588ee61bb7ae3d5d70ea4e3baa7da3ffe0147449c1cb23730be9	
art/characters/zeus_fast_tempest_duelist.jpg	723139	fcd95fe3c547be98ab79dda592173eea392373c828bf0b376f8228808368f0ee	
art/characters/zeus_hera_protocol_warden.jpg	686743	663ca332503f2725d07631d5d526035f1c1f80c0211275783feb00c622a6542a	
art/characters/zeus_iris_signal_runner.jpg	703192	cd98d29051c9f2b05cc119145b168501a8dc1f999c2b02550bc2be6081eb0cf8	
art/characters/zeus_keraunos_prime.jpg	719870	fffec29152481ff6c447d24a0eae2b4f26b3f535addcd64402596bc63533e810	
art/characters/zeus_keyword_aetherbolt_avatar.jpg	820808	185972dca07b0eaadd967673d9702ce1ba66e928f206beb451e54389945e8159	
art/characters/zeus_keyword_cloudline_raider.jpg	618607	ba5c2db8007167db6b47f308300d860c794ea5f961a6132148ef25b61fb03d38	
art/characters/zeus_keyword_sparkstep_runner.jpg	614369	5649b680800fe83a9bd6333611b7a29c3065d04a1cc18b978ef60cfb8321ed3e	
art/characters/zeus_keyword_stormgate_sentinel.jpg	677519	481a9ffe0f71391f72de18bb6ee6720ba876de4c7fd77e1c14ea8846383f2ac5	
art/characters/zeus_keyword_thunderhead_guardian.jpg	666172	8a66b1726d363f1d4cb1b36deb31ed71467335ae9302e5fcd61d6fea30cf4024	
art/characters/zeus_sharp_aether_spotter.jpg	500367	fd4dd287190bf119dba2daa2d9fe02ef5e47329b056cb92ddf109e3c032e9620	
art/characters/zeus_siege_thunder_ram.jpg	786489	f379c0e5773dedbeb0ad565b7dec8266119116cc920757f1247396c55875e926	
art/characters/zeus_stormgate_adept.jpg	686199	fd661ae0e722000a706dcce0d4ab879d7b804e18192a15b6cc072baaa3baaae3	
art/characters/zeus_tempest_oracle.jpg	712048	a3ce92096dcc8716e1d16a6e80e087f225402951aa87103af1dea2bbea0fb481	
art/characters/zeus_thunderhead_skirmisher.jpg	670082	5781664a9d4e0a33bdb5dd42f3ad6c6e471944ddc78901d0349dd9b2331f4aac	
art/coins/poseidon.png	121704	47c1d9791aa10500cc29682549e86c251c621b09251a932ca86c32f4b153186c	
art/coins/zeus.png	102945	5b86666d00f0dcb92a6de32377a3fa633b68f7e21a99de1951c90337003e9601	
art/faction-environments.png	1260720	2accd0738a6d258a6cd2ae05af5269f040775a1c06e33e042c3c678fdaf06522	
art/lands/poseidon_ability_healing_shoal.jpg	618630	ac541e376e8cb2cb3b7f9bb3fce8d4f6991d9bee5167cf646c2ca79262db53a3	
art/lands/poseidon_abyssal_pressure_trench.jpg	589197	2446ca0b8a31c68db3bb5e280b7c226d4b64d9a9e9b93caa5ab18357b70cf57f	
art/lands/poseidon_apex_atlantis_crown_basin.jpg	490499	b90d820d75fe89001854df24565e43a8baf4210cb2d7a04b70c6cdf5eb54e030	
art/lands/poseidon_apex_leviathan_nursery_trench.jpg	619465	1d53a6b46ad7599fc296bdffc4fcd2fa61337264a59af5bf0fc1d5a710c7e3c6	
art/lands/poseidon_apex_oceanus_current_vault.jpg	674950	98bd9691f0410f805c49acad6eae99740007b946e4489dcebc55e4cd9ae13a19	
art/lands/poseidon_apex_trident_confluence.jpg	733752	ef70774862b0be16172300a340af03d0162bf728162bb07fd28c426bb6001978	
art/lands/poseidon_apex_worldsea_platform.jpg	483725	4904463e3b20a2d1740189420a34d7ebb109e33b20ba5807f9640766b2b22871	
art/lands/poseidon_coral_data_reef.jpg	596846	f38f004244b20066bb268c8145627c127efdf36abf268d3b6341d575d56ab2ed	
art/lands/poseidon_drowned_archive.jpg	603582	6fcedb6c9c0c9528a0f6d555cb61c2abd563c2fe9a2b75bb9d0dfe72154fc8dd	
art/lands/poseidon_land_coral_tributary.jpg	376256	c64888de55ae1ce7fc3e2fba1eb2b58f6a71a6c61aad3efde550929f4f937ee8	
art/lands/poseidon_land_leviathan_shelf.jpg	459741	46ef8466834138d7c6d3750999134423b3cc894389a4d096c6e6a9ff4e316576	
art/lands/poseidon_land_pelagic_kingdom.jpg	505611	03ea01fd0b96c6798b7b3f2bcf8f4375d6293f872d294882afc3814d57c20c0e	
art/lands/poseidon_land_saltmarsh_harbor.jpg	481148	ca7a33b38b4784df91c637486e120a645ec514db141a54182762f707f0ab0d32	
art/lands/poseidon_neon_tidelands.jpg	632437	44f40000dbd5d34be10c3f44abbe5c0d928e04996c244f950f2b676cf719f84b	
art/lands/poseidon_palace_of_tides_approach.jpg	692900	8937013067fac4321dae7660a1f5a996d688104249a5b993c32a48ab8fb641e8	
art/lands/poseidon_tutor_land_1.jpg	482388	e364549bff6d852be1dd39e29d29f5ee4da28437824b5f9910235baee7dd1c88	
art/lands/poseidon_tutor_land_2.jpg	498060	cb5504397f21f2f3bfcabe29f1e80dbb575ce3368e69da0c9aa35a4d832824f8	
art/lands/poseidon_tutor_land_3.jpg	370613	d5fe630f4bf4ec775c3c667de5ddf77deeb62b5ed6f37e0b73f62e84d69ed1b0	
art/lands/poseidon_tutor_land_4.jpg	464344	f8bdb78888e2e8b8e6b4b8fd9835d86bb9d9d0c090ef14b292d862aa29c1a611	
art/lands/poseidon_tutor_land_5.jpg	426576	ec5f6a44e47f0ff14f434431ae98575525d93767a967fc3b20f22cbbdd6c0756	
art/lands/zeus_ability_stormfront.jpg	522962	096984e4a22e902731ef0bf7be4540be2493b766ec545ccb565f69e5af2b7422	
art/lands/zeus_apex_celestial_throne_grid.jpg	741683	044db57ed55d81f0ba1c30a6fcbfb3ff4abdeccef6864d3ad989ffb3070ffe7a	
art/lands/zeus_eagles_perch_array.jpg	534468	6a9b5593c5a71d86220659ba284ed8326ba151c28daf93b55943183393cb8a48	
art/lands/zeus_ionized_skyway.jpg	680364	f0089c42d80399d997e18b8c4a8af8fa2fcdb915be4335ae1dd913ead9a05bc7	
art/lands/zeus_land_aurora_reach.jpg	598885	52358c5c15198c81697c3a090b5d62cfc6361a8e5a59dc41fffecc1d3a672515	
art/lands/zeus_land_dawncloud_step.jpg	668222	a287a1ae46c377974547365182521c656966f27c38aba08e46a550c0b29ca643	
art/lands/zeus_land_empyrean_current.jpg	623981	3881171bc5c0207e803eb62f2dd35a095a5fd4d1968aff065207db1642299fc3	
art/lands/zeus_land_thunderstep_plateau.jpg	595681	1fa63f4574e07601f87702e1ff48352a3cab62c918140e05710c1a1473daab13	
art/lands/zeus_olympian_cloudbank.jpg	584809	11c6003c8174ea0bb4bd0aadbf4a9bcac1159e50059f3aaa0dc99fcdd5e5e722	
art/lands/zeus_throneward_conduit.jpg	689879	aee570d4715d132fc9fb31564bfa03c049d15db1517ae9acda92cc26f54467d3	
art/lands/zeus_tutor_land_1.jpg	474177	940bd17c8ca01a7e107c296cdde2984e7474dbf905a406206ade57b282269ffe	
art/lands/zeus_tutor_land_2.jpg	440271	edbbd0f438783277a7ded2617547ac78ef3785015ac1110f33d60270a4fc0591	
art/lands/zeus_tutor_land_3.jpg	455372	ec9b878418a429ce25fc23f2e57dff9557be2c81841c85f99ea976ee95d15c4f	
art/lands/zeus_tutor_land_4.jpg	509866	2f433b7dc90f9e2e7f055461b4a853e77cb47ad0b43259c76adc632eb4d21e00	
art/lands/zeus_tutor_land_5.jpg	478379	673515a96dc469602a1c6775cb89aa386d80e0e6714acedc9764b552cf4244af	
art/spells/poseidon_apex_maelstrom_verdict.jpg	627224	cbec0cf3b9343f2477cd2e2d79d55e1f58a0dc2b1a61b81ebeca51589c248bcd	
art/spells/poseidon_crushing_depths.jpg	497727	b88ec16ab77a8f4790c0a9019f225b6ea71df20c56af0c939968ebf9e5da4b41	
art/spells/poseidon_erode_foundation.jpg	566780	1b9a65c7e442e9995d43c3c72aa9098305d02c3d5c42dd1d4483d5c56ca17c23	
art/spells/poseidon_restorative_tide.jpg	505821	c02f257ac0ae2057983c21c060658f56809e984813705e12efd5381e59c4183c	
art/spells/poseidon_tidal_armor.jpg	787263	f0e9389d74322b0a031405069e42f420b8d2f30bc9aad94ad6a266a1bb07becc	
art/spells/poseidon_undertow_recall.jpg	618502	a950503d8b8fc29838177b15ee44d434652c813874403ea3d7a854fdd499f14a	
art/spells/zeus_aegis_of_the_sky.jpg	670659	57c3c23e1eafab53088e2ccb795a8179a8fe8f92a1d87bfc2cf75994fd9b64dd	
art/spells/zeus_apex_crownstorm_ascendance.jpg	713713	fd057ba38994200815900204fc17e5f38942184074e2413017cdb67cd972ccfd	
art/spells/zeus_apex_divine_tailwind.jpg	737391	52ad4e17cf0ee5eb7a55d730734bd394aed977afc778c96ebe36de56daf9b6ed	
art/spells/zeus_apex_imperial_sky_aegis.jpg	642379	3258509dee8fc337ef45b412a1b7df068ba17ea058e291e53567ec677919e0e8	
art/spells/zeus_apex_thunder_gods_verdict.jpg	604289	7d55656faba3a8fd49ff529bb66ac8af8e42124a6644697e019ce4d3efaae401	
art/spells/zeus_apex_wrath_of_olympus.jpg	731067	28e2a666d13ac72a92444a4efaa0c2bfb2bf77c4caa667b9b3beeb1bd4164e52	
art/spells/zeus_chain_lightning.jpg	542940	833de3c9717c04bbba29dbab211c7d936e262f02da3589bc0413e43c7091bb33	
art/spells/zeus_skybreaker_bolt.jpg	507689	29ab0792fbe8875f8a714cd16197b1e7d40e335a3773a8b20d34d4652e9f3d1c	
art/spells/zeus_stormcharge.jpg	703532	a9b1f801675cecd44a0657f7ed8cb86dd4ea8f1b3f827e5cdc66bf3d3ec7d26c	
art/spells/zeus_windstep_protocol.jpg	550083	bbf1a65265aa89d6f08a5f7b1721618f67e1caedd970f87ecab4647887b29723	
art/structures/poseidon_ability_tidewell.jpg	688354	d75e690f8cdbb67f8e5516369ddf27ac5bfaefa9624617a4736c677510fa35e8	
art/structures/poseidon_abyss_gate.jpg	619777	e02abe4196b2f18d7b37cad9e4d1adbbac35e817e24c92582528a5710f71ade0	
art/structures/poseidon_apex_leviathan_gate.jpg	777864	cbbcd514b2dfd387715f5609c50323b9c1ef8a5171c2087e3d4810ced70be615	
art/structures/poseidon_coral_bulwark.jpg	550446	bb48e34057d8162da8223c3559e00d0110f8f573e590c68f56d487821d929a09	
art/structures/poseidon_driftwood_breakwater.jpg	643752	3e578fcdfe25dc612cae57217d6a251b4074a747666c3e93cdcba0f37d559916	
art/structures/poseidon_moonwell_tidegate.jpg	581663	9056eb5924c129b9396a156b71a8f233ed7b785e28d2bb7c038defec5ca7ae73	
art/structures/poseidon_sonar_beacon.jpg	474262	2ac7c1728d4ce8b58d1da2cae53ce93edb43016b703b9797388ff598754195bf	
art/structures/poseidon_structure_ambrosial_spring.jpg	589040	7e55a1525387e555a212b07ceb551dd612674a5c85f95b2c256306caedc2790e	
art/structures/poseidon_structure_current_exchange.jpg	600803	f4b56dc93f57def13a4b89beb79d052ade635c2470d4ad36d201df842b6218f6	
art/structures/poseidon_structure_pearl_infirmary.jpg	539141	9619d94c6d5bd734ee1b86860cfe4bd276614e4c3620f41bc4e79a51bced78a2	
art/structures/poseidon_structure_tidevault.jpg	617463	1d3777d9ef76fdaf60263c013e9599b30772d62fe592e64e04c42437918b32fd	
art/structures/poseidon_tidal_pump_station.jpg	655378	cf0239863b941ab51ac11ef06b82bede94ad380334695164ae1779bb499bf624	
art/structures/poseidon_tutor_structure_1.jpg	468976	4d486cf170882c80b8670a65585afa5d23a1d766273ec8b6ddb59a90ee5d47dd	
art/structures/poseidon_tutor_structure_2.jpg	514445	cf90ca96f2e9544186fc7f848753bad85811c66c34c61836db45a22fa1ecc2ff	
art/structures/poseidon_tutor_structure_3.jpg	556129	e2fa5aac1602072558c04d03829504adcfccefcedc2f98fdb5e391c02f2a2bb8	
art/structures/poseidon_tutor_structure_4.jpg	528205	42eb7de5f30521e48dd418ee83966c412f9fb0760912f345945caa1a8c8e81da	
art/structures/poseidon_tutor_structure_5.jpg	521267	fa1801eade4aadecd17b89fdc3bfed2f958f3612cf9e39ed7cb0367c9a10c7d0	
art/structures/zeus_ability_oracle_spire.jpg	679591	ddcac744c9bb84fb926f108d594b58e6401adb995990b495d5a2b8d7633c6416	
art/structures/zeus_apex_worldstorm_spire.jpg	739623	cce7cef5e36f05d10ac93e5de1f764388026e6da8828421e03d08577c56fa9ce	
art/structures/zeus_cloudwall_bastion.jpg	636765	a815daa44534ac536aec8a52b9c616623667c42559b5b58faa4dbcf71dff2fe2	
art/structures/zeus_ion_storm_lattice.jpg	759042	290a91660c38b69303d3d657b399afe665b6a28807ec115f1874cdbf71eedfe9	
art/structures/zeus_keraunos_charging_spire.jpg	672846	0698353ab27a470564b0eb0089b6a3079a58c87792b1a2f743410331231ac554	
art/structures/zeus_storm_relay_pylon.jpg	539900	6ce4ba1cce60777384c03db3a5fb57d5e32d103c8ce75591e1b5ba4b5d7e701d	
art/structures/zeus_structure_aegis_conductor.jpg	640843	c30d4f7786e6d4d3978334d455248c800939775a218fd5eae98dd7506c6bb794	
art/structures/zeus_structure_cloud_archive.jpg	654915	7dc2dc4eb3f43c46bc5fdf3259ad6ac640cfc1bb4a562d8202664e5732ab4287	
art/structures/zeus_structure_oracle_of_storms.jpg	729475	0af7f885f6e7aede41d5d967f8bce41b5886e938ab7c2977b0739f268cfd8c2c	
art/structures/zeus_structure_stormglass_relay.jpg	567134	7d422a4c707f998aab7f107387a562492e55b39a078902a46fc16993c1078536	
art/structures/zeus_tutor_structure_1.jpg	438271	fddcb5565a7889d481c646310a00506c5405d4867c38fc0c2fb1c2f32928df16	
art/structures/zeus_tutor_structure_2.jpg	396917	25b9e7f9c924cd08acb7209f47db497e514543510cf2a9de149cccc0cee1365d	
art/structures/zeus_tutor_structure_3.jpg	491121	cd5f0865b0c1a70263d9dc97caf080b984dee45d63983f9a9d5cf2ac95421bcd	
art/structures/zeus_tutor_structure_4.jpg	452125	71fdf99a73c195d92b277458a452213743951fcba8a02018765300f698a733d9	
art/structures/zeus_tutor_structure_5.jpg	506422	0f9a86193dfea605cb594e0aca243be332b8f46eb755d71cf40b0c5aa5f98f64	
art/structures/zeus_zephyr_mooring_mast.jpg	560702	bbfa28fc204a476fdfd48b31036a8443e840ff1a31d41d55386dec1e2fa58f4b	
art/structures/zeus_zeus_command_nexus.jpg	696484	8e9897e30905067da296a1f4c840bd46d2330d78d868231a5482a51ff34dde55	
audio/ATTRIBUTION.md	2759	c85637ffbc41a776ccd6476e1b0abfb3b982e6bc8e4a193bc67658f9f22c3af0	
audio/capital_hit.wav	100220	878e22aea7a0978801629f184be7918d3d61f42a7cfe89f6f51d5a6480f5efc2	
audio/click.wav	7422	1886f4d5622dad8d04c1e8c0ac0d46eb1395aa8e0efbed64403921cb02b30d43	
audio/coin_gain.wav	10796	261a48905ece53779d04ebfb26a804fe4360c82484ddd315b16d3432b7e3a6d2	
audio/coin_spend.wav	12420	253b94877de74b6fc42b4bf04c70308859e7d07a7653da64a08384bc478ff3a6	
audio/damage.wav	40428	fe84a8a6a2c3dcead0c3fda51f892c72568df8e96ae221f3f1692a5de8f75fee	
audio/defeat.wav	152820	39ca6e37732bfaf01bff9cb05d2e0b98a98c58997c37299868d63fd77a1899d3	
audio/deploy.wav	24514	501a4c8ada2770597ab5d5edd998c906ad75db3c17d10a0770ad903d95281f4e	
audio/destroy.wav	110836	542c2e4211c4e2453dd039427f260ed6c98cf954f55e1ce9e650bb0bfbb1cfe3	
audio/enemy_turn.wav	58258	2a1e8fa65186ac587524f0d054c661aeed6aaac2060d1e87ae59e48b949625d4	
audio/hover.wav	4880	5e0c2cc2a4036743d8060b240c244d83c5e31753a36911d68a3027d8c27e55d1	
audio/keep.wav	34684	0b60ce076f95be3f650fc21ce12121ad74bc27c2d0807eb8e5dcb94f7a5281e9	
audio/melee.wav	50246	575b839f74be6782b0c86573d39e58dc5056ce81f11cd769c4bc290c95f89ac8	
audio/move.wav	23806	813cc42b54ee05b912664ad21af1e99f75d5419cd90940a23cae877eac3d33aa	
audio/notify.wav	53648	50591a168a6599d469f932862578c05f8d0aa4256235d442a39753b1fb0ce1ff	
audio/penalty.wav	61578	a81425f9a441e236849d4e722907aca21e0ceca0ce68ed3763803d31af3efb28	
audio/ranged.wav	12366	01d34e533101f0165262f9ecabbcd5856a1f494484d7f6817f8c30da3fb14296	
audio/reaction.wav	40814	3daf34fff511e86bb9b49302350090b94348a24aa31bfe70be09f3ed0eb2b0d3	
audio/shuffle.wav	258518	8e618b658f6dc18017dfeb600d854c18500a574e6c8b8acb5a284c2a1dcbccd2	
audio/spell.wav	84392	038825ee3cdbfc79a60bb181665b9c5d89e3d07a7f56ae53c31b2a22f69f050b	
audio/victory.wav	131836	26e4809ead19771bfd316144d41aa4ef1d89e5b878d2bcef69d11a32374a1c4b	
audio/your_turn.wav	51828	6ef0d5ca5212da5d5a0ba7296ef948c901a792c6276fcb951847d384c557cd92	
cards/development-cards.json	5460	0c2e6c269eb3a0b391894d2bb648bedfae0efce363145637bf9f7fb4e68a3e64	
cards/faction-ability-cards.json	4747	5cbc219a4d142ee9d0eb3d2fae634bf1ef67bea602d7b00ab288e041609b36f8	
cards/faction-apex-cards.json	13140	feadf1bf5e67135ab0f79f70d2ab6f1c6f12459d146dff766048ca1b75938622	
cards/faction-capitals.json	3044	9de04e78a898b81f837c0609dd068957c5cadb6eed0836c81c5d2335dff7b4fe	
cards/faction-cards.json	26793	ec5ee388103b7e22a6e1b0e6e32e1f94f8071a97e454a4bd9ad3774eccc79601	
cards/faction-development-expansion-2.json	4542	c93a3f06125698b3f63137b486b7919c97ae14050ff4b23544b38ab753d540ae	
cards/faction-development-expansion.json	5588	9191a5cca3a55113f75a5aef5b936b45fff9365f077ee6e9b9649d38ca1fe53a	
cards/faction-keyword-cards.json	5997	ee6dc631243133a0349648699c1b333c4d969b3ec8c1425586f60c020b9c6b65	
cards/faction-spells.json	7229	415b6fbb024824d4cb3ae1adf7e0fe48bf120cfdad628a14d255219ea91cb0ab	
cards/faction-starters.json	3839	89e4d89d1e304bb3667e6e695e33125c21a2178d9036b8be562fc89f66badb36	
cards/previous-faction-starters.json	12794	bc8a515c4d3224758a065f2a9aaa842a4171676c1723904d76abd6d88dd874bd	
cards/prototype-characters.json	2429	73e543e37584da95bea45e11f1655e097c74c73044a03286f7a6884696a9dd80	
cards/tactical-keyword-cards.json	3236	58711a93141609ce2874d7ac2632c17b1c39af4131c21428b6f47e17c4f12436	
com/fasterxml/jackson/annotation/JacksonAnnotation.class	429	d1ac6185bbf7aee3ad1efad987d48a9e029c0a4744853b20d2b89aae92929946	50
com/fasterxml/jackson/annotation/JacksonAnnotationValue.class	313	c4a8d1d5f2be3ccd389cdca5522beaa4831cec3819212b5f0b422c3761f34583	50
com/fasterxml/jackson/annotation/JacksonAnnotationsInside.class	502	d7409464a0df7c7f607aa0a7db34590e589520104c018d99e40cdc3b3009e121	50
com/fasterxml/jackson/annotation/JacksonInject$Value.class	3950	0447610e18ca89ba2685f7db5680b477a2ac8bf341b82ce16ed2bf42ea9dff80	50
com/fasterxml/jackson/annotation/JacksonInject.class	822	f1307e89d90efc347ae00435bd0a46e2d3f2ea1447782a42f96684b8e9eb037a	50
com/fasterxml/jackson/annotation/JsonAlias.class	577	977ce1da0b505635ddfc0e55b923ea556c65d93ab731f16b8fe898f6bbf35200	50
com/fasterxml/jackson/annotation/JsonAnyGetter.class	565	8f74e42deee32612964feaf9bb3afbd52fdafe15f60d979ceb26caa3f29ca868	50
com/fasterxml/jackson/annotation/JsonAnySetter.class	582	627e1b5b8e71302f63b8647d2bce24b4b9482a738813e843a5d6f4b1c5ef1fbf	50
com/fasterxml/jackson/annotation/JsonAutoDetect$1.class	1639	5cfeb159c896fe0cff78a1ad346a803c909951c908bed49b01014f461823df63	50
com/fasterxml/jackson/annotation/JsonAutoDetect$Value.class	7339	9a3e550793ea7737163974006d8901b15c7dce4651d63d94b100549543c04311	50
com/fasterxml/jackson/annotation/JsonAutoDetect$Visibility.class	2135	51bbf14907b1a186a85c8a449c8400d0ea789c4c61a9f9af7218409a48793756	50
com/fasterxml/jackson/annotation/JsonAutoDetect.class	1090	7e29ac48e12125c215c34dde8fd2f2f37ced9447b2d5befed4e0bf855bbad88f	50
com/fasterxml/jackson/annotation/JsonBackReference.class	594	9c5e52f40e2ac432362140e4c2b29af33ce4eafb802e81001dbe68d05a8dfd27	50
com/fasterxml/jackson/annotation/JsonClassDescription.class	609	e5cacd6e9561f388a41c3b74c357629c5bae2bfc7bb970706f904d3f3179ec49	50
com/fasterxml/jackson/annotation/JsonCreator$Mode.class	1320	821f057ddec4552ce10a10f34d41b507d1283e94a8003b82df2eba9423d9997d	50
com/fasterxml/jackson/annotation/JsonCreator.class	768	a3f4657389e139d24ee1f37f951f1107e68162b0ac9e4befc77699916c8c1600	50
com/fasterxml/jackson/annotation/JsonEnumDefaultValue.class	507	3e4ae376957d7338dab8bb315443f97a76c098cbca3d5508fb746a750c783a8a	50
com/fasterxml/jackson/annotation/JsonFilter.class	561	832aa1da37ae76c3e1ac45baef4238fdf32d7f75e5a749f1f6782aee407879fc	50
com/fasterxml/jackson/annotation/JsonFormat$Feature.class	1992	1467ace9e6cfe1e88a95c4a1f68b4c2fad6097db712f1902b252c8b48c6f015d	50
com/fasterxml/jackson/annotation/JsonFormat$Features.class	3820	ac1770634baa552d5fc95b935463a8b0f56c996906fd4d83187fba2909e25f1d	50
com/fasterxml/jackson/annotation/JsonFormat$Shape.class	1930	d2a382e33a6af04f7970174effee16452ad15bf96d33ce34e0ea56545b44fe8a	50
com/fasterxml/jackson/annotation/JsonFormat$Value.class	12070	d7ba5a012ebfd83328a4cfc6d1df89d2c07f891cac40c979539ef1e7eed35536	50
com/fasterxml/jackson/annotation/JsonFormat.class	1484	690370a1f22188c5f9b627da76cf6ae0ca9b4f59cc5866cc216fea9ce77ec3de	50
com/fasterxml/jackson/annotation/JsonGetter.class	551	aee9f587db76671a3ff339e36ac34b61ad6f5f77435ac039e3907e6979571247	50
com/fasterxml/jackson/annotation/JsonIdentityInfo.class	1012	8fb9d20539e31f80d2a4f5ac7d113c5cb30513abc35abbec2e579fd87b882880	50
com/fasterxml/jackson/annotation/JsonIdentityReference.class	613	04992079c985bd5accac2961b57acc457ec4a66878cf728503040485643b41b4	50
com/fasterxml/jackson/annotation/JsonIgnore.class	568	2b781f055a2763f42aa63f357a5180d8f2d845d481a585db8073aae06103a145	50
com/fasterxml/jackson/annotation/JsonIgnoreProperties$Value.class	9156	292555b82613a036d0f849e607410733dc01a8e89645a5c3f97159125429d88f	50
com/fasterxml/jackson/annotation/JsonIgnoreProperties.class	825	2b5b681fa19292d2ba1c04e3a4ef3e52ff87bd31ac78323bcdf45b6a17486e90	50
com/fasterxml/jackson/annotation/JsonIgnoreType.class	542	ca98ce70c4d3e2cadc5fa3a7d61b773d58e81f21624b0fbbdec5c711cd166f7e	50
com/fasterxml/jackson/annotation/JsonInclude$Include.class	1512	20e985ff2a7ca27bfd0255dd5e684131ed9c015f9c38a037945b959ab8e057f9	50
com/fasterxml/jackson/annotation/JsonInclude$Value.class	7768	b144da3d058adca0f9bc773f0d3c9cebbc4d5a479d2a843cd73204a975bdddf8	50
com/fasterxml/jackson/annotation/JsonInclude.class	1054	9aa2b51fac49e57301cb35b9617acaf5bcf77e47405cbfea63ffb77e3a6be85e	50
com/fasterxml/jackson/annotation/JsonIncludeProperties$Value.class	4071	4ea3cf49f5e21c571d955cc18e10e09e3587b29d29d8242df9e1b6e852bc3dcc	50
com/fasterxml/jackson/annotation/JsonIncludeProperties.class	720	fa4df63316fc5888f1f132c295411376431084fc34f60c55dedb0bd04a5c19bc	50
com/fasterxml/jackson/annotation/JsonKey.class	543	72c375a481f52229b40d53543eae2c751482f24ab57c573a9607277a4771aa9e	50
com/fasterxml/jackson/annotation/JsonManagedReference.class	600	711eb762e00da798f3cf6c2816e590bee78586ba04ae554e668f12a56aa4d9a9	50
com/fasterxml/jackson/annotation/JsonMerge.class	660	8f6bb82f44265ed4aaca6b5f9ecf98cc5b86d52bf2bc907fcaa2ecfdd4d39501	50
com/fasterxml/jackson/annotation/JsonProperty$Access.class	1340	aafb6a852680ebbfd34883188d0abd12d2da3cf9df547f115605a7ce174e617f	50
com/fasterxml/jackson/annotation/JsonProperty.class	1081	1a6d7e30723045649b6db5bb4bfaac8ee3031ad02316282c5a97bb41cfd7ade2	50
com/fasterxml/jackson/annotation/JsonPropertyDescription.class	647	ab4481c73966539685ec4cc257ed9f0d1d5dbf78f3c7cc1ecb929dcf54317445	50
com/fasterxml/jackson/annotation/JsonPropertyOrder.class	648	7077ec939fa891822558a70ece120bc4af240258c0584305059aaaca4ce7a56a	50
com/fasterxml/jackson/annotation/JsonRawValue.class	553	ad2a3e0457aee197b7f208bb050ac6e1e885e6e06c1375792640deff33bd5a33	50
com/fasterxml/jackson/annotation/JsonRootName.class	573	fee823d09fcd723995bfa865b96528dc7c019095cea92fa8e6d70ad8ef7637a5	50
com/fasterxml/jackson/annotation/JsonSetter$Value.class	4841	79f06e2c4a5d299a540bec939b7c7acc44f524b7320dfd7a93c85de1b2dc23f7	50
com/fasterxml/jackson/annotation/JsonSetter.class	834	53e1e83f61ad80931a11785942ea4e36bcfffcfe736ee4a888fd93dcf2cf1f38	50
com/fasterxml/jackson/annotation/JsonSubTypes$Type.class	473	63a0e14013c57d4109018e8ba0964fe9207cae7cd45fc3b43921245bd3824775	50
com/fasterxml/jackson/annotation/JsonSubTypes.class	764	cc38464657d875d68248b36911ddd5dfe7ac361999e47a3d5418ba97a20ef06c	50
com/fasterxml/jackson/annotation/JsonTypeId.class	518	e36973733abf924c416e4159e4e0bd8ffc74c491ce05b4b871efd39debfe3dff	50
com/fasterxml/jackson/annotation/JsonTypeInfo$As.class	1395	cf622b689158b05e8bc03cc4beae144eb39d7e866d22ce819b910fffb89a6cc0	50
com/fasterxml/jackson/annotation/JsonTypeInfo$Id.class	1772	b44e9069a1cd4c79017f79a36e6ed67475e16e93fcf6b13181ffa3dad79bd5f8	50
com/fasterxml/jackson/annotation/JsonTypeInfo$None.class	510	d61b9a465508904dadbc5e51c560bf04e8fed59fea1bac45af341ca988760676	50
com/fasterxml/jackson/annotation/JsonTypeInfo$Value.class	7598	0a8ac5442c697601c63e4671ecdcbf9b5a04eabe957169459ccfdf0b5d66d849	50
com/fasterxml/jackson/annotation/JsonTypeInfo.class	1466	e9ff3c3374d200ebcea6235925222810fa130d6b31798ff67db1e562ec747e8d	50
com/fasterxml/jackson/annotation/JsonTypeName.class	553	9611a55984cde3eb6adcb9578a79ffc2bd4e8d1025e895953d136083ae40f7a7	50
com/fasterxml/jackson/annotation/JsonUnwrapped.class	660	fc748aa82c001b8ab2e07fb01bc6489f2c61ff83e6d6ef50dba9315728ef7ef5	50
com/fasterxml/jackson/annotation/JsonValue.class	547	598cd38fb34a6bf90355073ebf476b6c3d85712dbcbae2e21b9874c695321687	50
com/fasterxml/jackson/annotation/JsonView.class	632	5028275bdf6aae4051a1e4b24a687edbafb261bc7ba7e7a0a02160d61a8dad1f	50
com/fasterxml/jackson/annotation/Nulls.class	1198	78c177ce421632da33138d494151650d34e88580986789960bb1bd933a7fefd5	50
com/fasterxml/jackson/annotation/ObjectIdGenerator$IdKey.class	2089	86d48a2324b1a7314675a81db446374d62e8de262203a36eaff9dfb87d9c7c2c	50
com/fasterxml/jackson/annotation/ObjectIdGenerator.class	1779	783bb0e6bb14d70e5a4c7a1b56fc9e0d2fdab2730532e938d9335f13de74733c	50
com/fasterxml/jackson/annotation/ObjectIdGenerators$Base.class	1572	c2e9dbeca39cc8625a84ba20d4003d9ffa4b538f2137564b03595a08bf8b6987	50
com/fasterxml/jackson/annotation/ObjectIdGenerators$IntSequenceGenerator.class	2777	3a150f34f488aa0f19623a57c0478760a83120e0a6fdbe81d9a12e675cf67e68	50
com/fasterxml/jackson/annotation/ObjectIdGenerators$None.class	579	2546a9cbd65379862e7b663b6e861f5963e6976baf58d623aba6dda7df06b5c6	50
com/fasterxml/jackson/annotation/ObjectIdGenerators$PropertyGenerator.class	1007	bafc39cdb9dff0b7a436a2c9e90afd81fabb0a2c88906205748be32bba71e0a4	50
com/fasterxml/jackson/annotation/ObjectIdGenerators$StringIdGenerator.class	2697	131361834a647c0c8c8781cea87e8d893fa85147ce3490c0442884668497e0de	50
com/fasterxml/jackson/annotation/ObjectIdGenerators$UUIDGenerator.class	2653	eaa227e580111c136162ce7e8b6ecb4b593595250c8863a6c9cd7fe5e8f18a3d	50
com/fasterxml/jackson/annotation/ObjectIdGenerators.class	932	0ecaf956ae146974202700663aa4455ef9c99f1579ec0b18bdeb575e2025fabb	50
com/fasterxml/jackson/annotation/ObjectIdResolver.class	688	596eb5d272d074499c834b253577d95e3131a025149ef2e6fbbe169b0b0b4f21	50
com/fasterxml/jackson/annotation/OptBoolean.class	1870	a0752fc97716f39d98aba494c95726e6156a212c32b74da86b3d8f2db083960f	50
com/fasterxml/jackson/annotation/PropertyAccessor.class	1930	2aa1d2803cd54722d46ee28e3462b5e6d9ee0d6f7b967a639094b34525d5a75e	50
com/fasterxml/jackson/annotation/SimpleObjectIdResolver.class	2396	2b45208db995cc09be4fe544cfce2ae401c45f1b2e6ed159b4b4acbb37808066	50
com/fasterxml/jackson/annotation/package-info.class	138	0b71a22b524141822e673ed93ebaf10d3913e4e705213ea23c7a22fd82c9546d	50
com/fasterxml/jackson/core/Base64Variant$PaddingReadBehaviour.class	1372	777362c6428d01bebc2636913bd0eba1f8354591940cc29821fc140968c0402f	52
com/fasterxml/jackson/core/Base64Variant.class	12894	a2bf94061c0386b1d35846ef01ab4fcd34075c0742735766858aa6a986cc6a26	52
com/fasterxml/jackson/core/Base64Variants.class	2131	915d9013b5efbb3701ed0b5fef3d91bf06e810b36f102307cfa33268f4a05ff2	52
com/fasterxml/jackson/core/ErrorReportConfiguration$Builder.class	1433	1bb7b6a438b73e6bfe7f3b71ef01e15d32d0b3cea3e662eaf2e8d01906d5b71a	52
com/fasterxml/jackson/core/ErrorReportConfiguration.class	2353	8bcdcf6450f26fff1923f8cd81d0595fd4b78bcccd90b1492ab3448dead8b90b	52
com/fasterxml/jackson/core/FormatFeature.class	272	41ef5bdbba8e95a705767c2e6a3d5be5da05fca3a6f8213e887550aa4915d219	52
com/fasterxml/jackson/core/FormatSchema.class	179	260e840fb470c72aacde25f0a879ec84ca040faf0497222742aac736172c3ee8	52
com/fasterxml/jackson/core/JacksonException.class	915	599633e0589c0c569c24644623e1a7556d83a10fe98c331d1359e46eec851fda	52
com/fasterxml/jackson/core/JsonEncoding.class	1823	12b4edfe18d9570a7e7493659e4571466ca1c2ae0aa3398b0eee51f4570ddd0a	52
com/fasterxml/jackson/core/JsonFactory$Feature.class	2176	0ffb3e94ddf985b103c0a013b3e51bf891496355102e994d67b3bde9b2162f07	52
com/fasterxml/jackson/core/JsonFactory.class	33489	e1d382de19065aef3c0b296b282a11a172ad6bce5b931d2a28a9d20958448f12	52
com/fasterxml/jackson/core/JsonFactoryBuilder.class	7415	403ffb85dbd447a9ffb8aaf74051911177ea9c4a2466c098f0049cdb1dd40439	52
com/fasterxml/jackson/core/JsonGenerationException.class	2086	d93f3ba4cc1ca8a7550d8aec3fc1819d2e87b6ba0e5a117a0b1e88b016589ea9	52
com/fasterxml/jackson/core/JsonGenerator$1.class	1096	039b0896d74af6603f83902775b1590808783b45beab580e768ad47beefbfc45	52
com/fasterxml/jackson/core/JsonGenerator$Feature.class	2946	e0cd18452a693aef4b304b4920f05a03a9fdb1ea9ece5255c8341705e6f21054	52
com/fasterxml/jackson/core/JsonGenerator.class	23761	a8aed614027720e969d31a8c8ee09f7f44681fe984e4eac9c6f6053f0b8b1805	52
com/fasterxml/jackson/core/JsonLocation.class	4648	58304afa5b9bbc0ad0d5e1713d5cf8c7e49a3fb531f228a5c7c2ee9b766fb8a1	52
com/fasterxml/jackson/core/JsonParseException.class	3370	73b67d9ebb1fc51571f13c9e315e37825bbaf8b2e6d09e2bf4a8d251309e2ebc	52
com/fasterxml/jackson/core/JsonParser$Feature.class	3402	7d76e5d2a4ffcef49f1714865a2a82f57c12104fe0083aaa054d5f4119151851	52
com/fasterxml/jackson/core/JsonParser$NumberType.class	1392	d012ee19a0ea2888d7be88accb816049fb88e5000d8505801c766b2b80884e0f	52
com/fasterxml/jackson/core/JsonParser$NumberTypeFP.class	1378	d336caf1d0afdb3725614ee3d16a631e1b2e9fd93073e7d9b66b4d5defc82a5b	52
com/fasterxml/jackson/core/JsonParser.class	19325	51ac1092f179b5109fab9d3e7b9feba57ffa84c1a1491b878a4ee87d5e75db77	52
com/fasterxml/jackson/core/JsonPointer$PointerParent.class	703	633d93d2047185388b82755715fd1fb3e16cb7544ccacf28916693b5c75d508a	52
com/fasterxml/jackson/core/JsonPointer$PointerSegment.class	819	df2765a6aa6f1d7fdc6d4e5ffb80a9adc15eef34e712a3388f19398b13e11bc0	52
com/fasterxml/jackson/core/JsonPointer$Serialization.class	1381	c52c9d22cf75ea0dc249623bc1c4608df9e2345fa2d05b356afb2b5276eff6dc	52
com/fasterxml/jackson/core/JsonPointer.class	10582	be42759fd1c1092653124f865abf18134ac2e8960360f0243592777e10936944	52
com/fasterxml/jackson/core/JsonProcessingException.class	2578	eff47889d7e5165bc21fc74cf8d8d257317bf8b731f37dce94d123e8f7b58b2a	52
com/fasterxml/jackson/core/JsonStreamContext.class	4198	12b192d11ac7d4373918a667ddb08717bb1f7c7c375a15e16ba9a5f809fcbd10	52
com/fasterxml/jackson/core/JsonToken$1.class	1314	75c1982ee3f155f7ea3f0970b54f07700d153f0c79ffc7b675ef217926e7d447	52
com/fasterxml/jackson/core/JsonToken.class	4189	80ad15b3b743aedb85e7d5146035277f4798f90179e5bcefa58153a3ef64f99e	52
com/fasterxml/jackson/core/JsonTokenId.class	657	63ac0edfa3281446cd8e45a2a8245f496dd6e3441ba694c046674f47f3601a80	52
com/fasterxml/jackson/core/JsonpCharacterEscapes.class	1305	8cc425da65fd637ddd2065cdd2ba4c50687ed3a5908c9fd35c49974e93335404	52
com/fasterxml/jackson/core/ObjectCodec.class	3165	33ce3e548858979c33bfcda3172e63fd2d560c456f28514370f1a5d2f04000c6	52
com/fasterxml/jackson/core/PrettyPrinter.class	1197	298714c1f4041fcf5d659b9de8d3ef5f846438ed7390fe49b030fe1f57e95a8a	52
com/fasterxml/jackson/core/SerializableString.class	658	df271b8c7701091f54d9a163d82d439cbd38148674ceeb0f89042371940ae892	52
com/fasterxml/jackson/core/StreamReadCapability.class	1841	2df49ee48d33d83136122f5050a9cdbc8b4b875e0e8d4b731870f139dab30b75	52
com/fasterxml/jackson/core/StreamReadConstraints$Builder.class	2616	4a1ab1c47c83dbdebf122e03f3866c10f4e68326e4ae85ac7b1596462fbb220a	52
com/fasterxml/jackson/core/StreamReadConstraints.class	6061	600dec41eabc5de2a86d5e9c8de939e4f39390b9fbf8b90753ec28e186c367c7	52
com/fasterxml/jackson/core/StreamReadFeature.class	2699	c2c748c63304cf4668f789e17572906fbc4b827db6e85552ec590e6e925e8fe9	52
com/fasterxml/jackson/core/StreamWriteCapability.class	1739	babcb786e2bd2c79caef9ce3515be9b70dd9f0856d097c236bb7359ed04341f0	52
com/fasterxml/jackson/core/StreamWriteConstraints$Builder.class	1290	4e301d9b96c20e41c3b109a09d678b1bb594df71104fe89d4d77f89463cd1580	52
com/fasterxml/jackson/core/StreamWriteConstraints.class	2606	70b3074b695a460b31e5f64871710ff4e2801b2dfdf79f2c99fb5d787265308e	52
com/fasterxml/jackson/core/StreamWriteFeature.class	2826	1a85bec6476de730da3ba809c1cebabfc58b7089d74437709ff762defbc8af8a	52
com/fasterxml/jackson/core/TSFBuilder.class	14668	ddf83382ac4cd1740e0171410f7967ec111f117d5f5a21952f6729237cd1a656	52
com/fasterxml/jackson/core/TokenStreamFactory.class	6064	ad1e2d7cc837b83ad7a029e97f2f290201f11ee761b3c32d92be97728737cad2	52
com/fasterxml/jackson/core/TreeCodec.class	1078	b85be2544ade6f973a694a51da607c4ebaa118366c44d5e0bad943a529a3a30e	52
com/fasterxml/jackson/core/TreeNode.class	1118	ae4675944ab535f8dbd3770f430fa0e1bb9f77936d40ff302a9dc907b81144fb	52
com/fasterxml/jackson/core/Version.class	3961	6ae067615ff645339241168844ce897c5105ba9c4b6fdb709cb29794c3fe5dc4	52
com/fasterxml/jackson/core/Versioned.class	185	3586ed19651524b5c4f0cb2424d4487e6db7301b78d13e6d543ed145ff3c3fe1	52
com/fasterxml/jackson/core/async/ByteArrayFeeder.class	285	b0d57dbbd245277df95f675078777a6b13a3cf94fc539bfc1b180126fe2bf532	52
com/fasterxml/jackson/core/async/ByteBufferFeeder.class	304	a51321fd51f5a01c3f30686dbd1bce2b999b5bb52e0db1fac628e8ffebc159f3	52
com/fasterxml/jackson/core/async/NonBlockingInputFeeder.class	215	45a888af975a7c062a1e39686252984d3c1aa1faab281794b8bc332a8da3d602	52
com/fasterxml/jackson/core/async/package-info.class	138	35195842d289d6c4f77ae2753307f806a596a25034af4600af03629db158acc3	52
com/fasterxml/jackson/core/base/GeneratorBase.class	11585	fc8471dfef109b245370d833be691ad03b10b0d0fdb6aa661f17c427b08cc737	52
com/fasterxml/jackson/core/base/ParserBase.class	27471	0666aa4705d715cbd7a65a710ee07b2ec610a420640fc2662d881cc883dd9ef7	52
com/fasterxml/jackson/core/base/ParserMinimalBase.class	18347	2ee7b44a396054987b1f2d8cb997286bdb269b4128a73b840b3ea5c1817c9143	52
com/fasterxml/jackson/core/base/package-info.class	137	a73095a736f22ba1df3e2f715f0eca95122fa53d33dbacdb0bff3b220f1b4a59	52
com/fasterxml/jackson/core/exc/InputCoercionException.class	2221	9da2533f59da8c6fc33b34e2d60176829904153479479a38ae8724fff8da398b	52
com/fasterxml/jackson/core/exc/StreamConstraintsException.class	735	597c40400956f535d1bb888b0add237d2e49b78349c797c2904c482c95528c56	52
com/fasterxml/jackson/core/exc/StreamReadException.class	3245	488e50ff3fc79d037d8f21afabb1cc5e498b6973d97121a7c7867496e68232f5	52
com/fasterxml/jackson/core/exc/StreamWriteException.class	1628	1da18023bc43312545d07bc9df2605bff4390433fc0a9d182d6987e092ef4951	52
com/fasterxml/jackson/core/exc/package-info.class	136	0c228a00d2e363e6d612739ebb889f60bd06d60839c4355faf3f9653a6191fc3	52
com/fasterxml/jackson/core/filter/FilteringGeneratorDelegate.class	15077	2c3b964df816cf3c5915f396643c19bbb51e5e9d6731660003db36a2815af945	52
com/fasterxml/jackson/core/filter/FilteringParserDelegate.class	16859	b1b675ddc79da6b778a65a0a2ff581df33e44bb802d5b72ba29b83ee0d60eb3b	52
com/fasterxml/jackson/core/filter/JsonPointerBasedFilter.class	2682	0d40f156d93c581470acb8e9ddf1aec8e027774efeae908a1f9a3305e014a0b1	52
com/fasterxml/jackson/core/filter/TokenFilter$Inclusion.class	1332	f1a67663507e941d9be6a0fdcd8a060a3ea29fb0f595e664334e2b806d92d531	52
com/fasterxml/jackson/core/filter/TokenFilter.class	3311	e19377c31e42f27992f4493ab54cee8d5c2c03d07b45f3a5bf3f42ff36485b42	52
com/fasterxml/jackson/core/filter/TokenFilterContext.class	6927	588d41f7b9ec2aedb59720a705e33855a01f13d3a403e6a79568b532a002e644	52
com/fasterxml/jackson/core/format/DataFormatDetector.class	4580	091a105ce60cfd264aa3d4ae65948705e1c4e11beec18fd62c2eb467fc0d0a19	52
com/fasterxml/jackson/core/format/DataFormatMatcher.class	2881	916599f906d283c666b7602bc0b36cb64a0a6cf1cf1a31bf7718bbb9fba53877	52
com/fasterxml/jackson/core/format/InputAccessor$Std.class	2555	f41e7025b2649370a6ff9836d8cb9856bbba2269ad176db89545b79657909b52	52
com/fasterxml/jackson/core/format/InputAccessor.class	369	21870ef4c190ed78f1d0bf88918b80afc6f7445df6d9e6c31baee55ff8037aa4	52
com/fasterxml/jackson/core/format/MatchStrength.class	1285	1616e2545838dbd443a09263dd35db1c926dd05d3f441a6be7d769ce82320222	52
com/fasterxml/jackson/core/format/package-info.class	139	5acdd9d0056b06fdd1f0dcc3adf097d0580825863637adc4597862b7bff32ae9	52
com/fasterxml/jackson/core/internal/shaded/fdp/v2_18_2/AbstractBigDecimalParser.class	1210	93d934549859a6c6375a9d4afa2e0be6538694c46550231ad155a9a3e942dbff	52
com/fasterxml/jackson/core/internal/shaded/fdp/v2_18_2/AbstractBigIntegerParser.class	1086	fee01fe4fc7400ed6bb006ab8ec4b641f503223d917a6086c4489a5936aba76d	52
com/fasterxml/jackson/core/internal/shaded/fdp/v2_18_2/AbstractFloatValueParser.class	631	6c9cbee6869ce10691174d534cb29d91cfe04517c22b0ccf55232838511ba165	52
com/fasterxml/jackson/core/internal/shaded/fdp/v2_18_2/AbstractJavaFloatingPointBitsFromByteArray.class	5126	3440545566be4efa5a5892166c5cd663cc0bf7e6e84bc07d07243fe1d5dbe88e	52
com/fasterxml/jackson/core/internal/shaded/fdp/v2_18_2/AbstractJavaFloatingPointBitsFromCharArray.class	5486	0b846820785d4101ef8d5cd54d23b1aee4e4cf48268dd15070254c797b6ccedb	52
com/fasterxml/jackson/core/internal/shaded/fdp/v2_18_2/AbstractJavaFloatingPointBitsFromCharSequence.class	5503	1c2b7da8d144e3a7429dae07add3bcb1059f4500752d844a7071ca024b3fe950	52
com/fasterxml/jackson/core/internal/shaded/fdp/v2_18_2/AbstractNumberParser.class	2197	7d8a94853cc53fb46d91221942273f245d6b8e4d3b705aa60928706bc58fafdc	52
com/fasterxml/jackson/core/internal/shaded/fdp/v2_18_2/BigSignificand.class	2330	c86f0a3036cd8309c611cda88ef0b15a8d836dce6d1ee40436db06d37822a673	52
com/fasterxml/jackson/core/internal/shaded/fdp/v2_18_2/FastDoubleMath.class	24422	8d2a8d4cf059cae1490bddf90b0d220195a1e8aeece20ac894c011bfa89aa781	52
com/fasterxml/jackson/core/internal/shaded/fdp/v2_18_2/FastDoubleSwar.class	7796	44dd6522eee66e2803d4e7f919e3d0c8331ef6648eead54555fe67c96229de7c	52
com/fasterxml/jackson/core/internal/shaded/fdp/v2_18_2/FastFloatMath.class	3165	c00d22b417efc7e342db44251f1cf000c9c19ca5ba4de99d55a2d20a8765da35	52
com/fasterxml/jackson/core/internal/shaded/fdp/v2_18_2/FastIntegerMath.class	5130	425f90eafc67b2e7c2f200256b947cf48db46490872a413ba059a8baeb79773b	52
com/fasterxml/jackson/core/internal/shaded/fdp/v2_18_2/FftMultiplier$ComplexVector.class	6863	cd4bf95e552feb5968be7954b6f98ed379baeb31752365f860788d35024b1d37	52
com/fasterxml/jackson/core/internal/shaded/fdp/v2_18_2/FftMultiplier$MutableComplex.class	3713	39d883275e51cbe9bdf333a2a809ff859c1b57491a2c260797a27ca5ab66986f	52
com/fasterxml/jackson/core/internal/shaded/fdp/v2_18_2/FftMultiplier.class	14422	c0b3df28aa78841a93a94db7c113a8d653a279dbf0104b717292c165467f8532	52
com/fasterxml/jackson/core/internal/shaded/fdp/v2_18_2/JavaBigDecimalFromByteArray.class	6904	e897a6f4373272374772779500c3d013612908c85aa602aadbdc8eb2c3dc83c2	52
com/fasterxml/jackson/core/internal/shaded/fdp/v2_18_2/JavaBigDecimalFromCharArray.class	6904	f366afc5f0c4ed98f8a3ecd091f4922fe7bcf1587da0b98625510e922709dfea	52
com/fasterxml/jackson/core/internal/shaded/fdp/v2_18_2/JavaBigDecimalFromCharSequence.class	7168	def79c5ae62a7771a8f0d80181fbfc9314c8f05fd4923f4abdeb1c087420e970	52
com/fasterxml/jackson/core/internal/shaded/fdp/v2_18_2/JavaBigDecimalParser.class	2149	6c7a8f38e277b0c700bb776bd771a19921439d9022ed9e3cccfd40bfef521d02	52
com/fasterxml/jackson/core/internal/shaded/fdp/v2_18_2/JavaBigIntegerFromByteArray.class	4724	5aab6b4813bfa983031d5af8169d0cedea23f3075e519d0d6dd402b804538fb5	52
com/fasterxml/jackson/core/internal/shaded/fdp/v2_18_2/JavaBigIntegerFromCharArray.class	4608	661c3f80a44f4aea5a70a582a05bb4e088f5aaece7f3e3bc18d248060c6cfa19	52
com/fasterxml/jackson/core/internal/shaded/fdp/v2_18_2/JavaBigIntegerFromCharSequence.class	4907	0168d6bbf1994512f52aeead6ee8421af7b9bd813d403c48c3817e109bc554c7	52
com/fasterxml/jackson/core/internal/shaded/fdp/v2_18_2/JavaBigIntegerParser.class	2797	7776f5b17c19de54f7271e74b8c8ce10f8c71b868b1c3eee663f753eabe507c0	52
com/fasterxml/jackson/core/internal/shaded/fdp/v2_18_2/JavaDoubleBitsFromByteArray.class	1905	c5e40108c529c64aff517e20ad97760e6468e583c000f525243807f276919a87	52
com/fasterxml/jackson/core/internal/shaded/fdp/v2_18_2/JavaDoubleBitsFromCharArray.class	1770	3609d1f77a8a57e47ad354fb81c9a79592dc88b4aa252da0515a724160807547	52
com/fasterxml/jackson/core/internal/shaded/fdp/v2_18_2/JavaDoubleBitsFromCharSequence.class	1937	81df868768ec48d5517df1f3c423726fcaa5435b120be3ba514dd4d75dfa16b8	52
com/fasterxml/jackson/core/internal/shaded/fdp/v2_18_2/JavaDoubleParser.class	2195	96e24af3a34af1ce77dddfdef4e6332d43b963e72a02ae9ed1a17eb3b10911fa	52
com/fasterxml/jackson/core/internal/shaded/fdp/v2_18_2/JavaFloatBitsFromByteArray.class	1877	ed4dd4ee00862452459cd265d040e6404db0820b8a5a23a9f7efb9266d4ebfd9	52
com/fasterxml/jackson/core/internal/shaded/fdp/v2_18_2/JavaFloatBitsFromCharArray.class	1750	2c2109c8e21ef47f75d0975fb80ef0bb688d45ae40d2400e72367b4b41cd3bc1	52
com/fasterxml/jackson/core/internal/shaded/fdp/v2_18_2/JavaFloatBitsFromCharSequence.class	1880	4d70d7181d03937db8771c3ba82792418a84b5e235348efd876dfafc8cf41b49	52
com/fasterxml/jackson/core/internal/shaded/fdp/v2_18_2/JavaFloatParser.class	2185	f9e71ab01778ede5b2d1c792ac98519696921f0959ac9bdfff4c3763708ec8d6	52
com/fasterxml/jackson/core/internal/shaded/fdp/v2_18_2/ParseDigitsTaskByteArray.class	3044	6f4c02b5ff6afca13324bd6480b03b71d9e780a3792db0154882e34faf1ca9e9	52
com/fasterxml/jackson/core/internal/shaded/fdp/v2_18_2/ParseDigitsTaskCharArray.class	3044	a23563e9edaac99428c65fd7acf724c0f8f5b5375c4e2be464a50d8cabf9eb7b	52
com/fasterxml/jackson/core/internal/shaded/fdp/v2_18_2/ParseDigitsTaskCharSequence.class	3210	3bca4e2bd8c2a2fc09ee2e2ddedbfaf95f61e307e24d148a0092c5be81adc064	52
com/fasterxml/jackson/core/internal/shaded/fdp/v2_18_2/package-info.class	160	802c45b33742cf99c2b2e81dc941c247d5f6b9fc106776eb772ece83c6a2c825	52
com/fasterxml/jackson/core/io/BigDecimalParser.class	3408	85526c6402418f617059b709d6fca058f91133916d044bcf2f6f5a8e90fe23e0	52
com/fasterxml/jackson/core/io/BigIntegerParser.class	1781	87d00af59e909f50ed4a7821bd867553a57bbe4b3d82166e166595a8997a75ab	52
com/fasterxml/jackson/core/io/CharTypes$AltEscapes.class	1187	4b22050d391fe8e1bf0b5f5479c6519c9c4570162500cf150b0bd5d7b5aa480c	52
com/fasterxml/jackson/core/io/CharTypes.class	4809	67cfd5d1b5e3208300342e649a2fd23775f7be382a46a16901c34e80c2a9e89e	52
com/fasterxml/jackson/core/io/CharacterEscapes.class	854	fb0a01c92c3add625d1bf0cde9d92698cba44f936323c47fc8a6158ce9a78872	52
com/fasterxml/jackson/core/io/ContentReference.class	8468	2a4cabfe01fd90b6232ca4f2a68d769a76c33adca5538c16bf9d3c098409213d	52
com/fasterxml/jackson/core/io/DataOutputAsStream.class	893	9c188ed411a6e581459e29b651c6b090324659a916e018a42fe43f47e8a37bfe	52
com/fasterxml/jackson/core/io/IOContext.class	8063	7e5f3653cd167c6c03b4c4531c2c4acf28fd0407bb1123278555528c8dab14ce	52
com/fasterxml/jackson/core/io/InputDecorator.class	1068	5e1c10ed8823b660ebb57bb1802acc7eed98ef9dc77bea1ecf11a3581fadc569	52
com/fasterxml/jackson/core/io/JsonEOFException.class	905	64358947485fbd2d48efa39914a2a42b078e8ab4926e716c6a89bca3b3774688	52
com/fasterxml/jackson/core/io/JsonStringEncoder.class	9770	20040ae960b006487ab24e9d5b26dee52146ce0fdb27a92eefb863846de9f9e4	52
com/fasterxml/jackson/core/io/MergedStream.class	2555	acf7fb50cc0743bce4751427a255bba6707750c9ee1405d07e653c88ae0c6e58	52
com/fasterxml/jackson/core/io/NumberInput.class	8302	96b60d7690e1231a58140f4bdfc5aa968d0a3e864eb5330319b37a127df36ac2	52
com/fasterxml/jackson/core/io/NumberOutput.class	8103	9c807a67467c1a0a747f9f562179691c406feffd4b0efe33f3d15e5e20f3ccf6	52
com/fasterxml/jackson/core/io/OutputDecorator.class	611	ef8ddc3887e56798c94a539f99ecc76deeb635666c142ce7371680bc9314efba	52
com/fasterxml/jackson/core/io/SegmentedStringWriter.class	3032	a183a09737b6259c5a581fa5b824960d151ab6960ee528dfe81b6da627a02c1c	52
com/fasterxml/jackson/core/io/SerializedString.class	4983	ae74c1338b897f1109c99b799931cf9facba97aa12b75aecbf544e99a40af1ac	52
com/fasterxml/jackson/core/io/UTF32Reader.class	5002	96d9405b0ef34ce4b84dec63056cea0989eff17c8afe84ab8af4c8a3ee32280a	52
com/fasterxml/jackson/core/io/UTF8Writer.class	5815	3674d15e0cffb93eab3a8a85bd4033eb7f842537158e8c97dc5e2563c907dbe6	52
com/fasterxml/jackson/core/io/schubfach/DoubleToDecimal.class	6368	676726b6b3945f8c93cf9512a6f5611f5fcef5442ea6d6368d3ff5a3be79a4db	52
com/fasterxml/jackson/core/io/schubfach/FloatToDecimal.class	5827	25a99ad593a7cbfcda2d33795431753d8aaacba0bdff03f1d7230812be78a0f4	52
com/fasterxml/jackson/core/io/schubfach/MathUtils.class	22299	a09da2ad9a78734e00358cd2153333711f3b9c1ff2679a6d871688352be0d3b9	52
com/fasterxml/jackson/core/json/ByteSourceJsonBootstrapper.class	9751	57a7a50503fe708b534701d1c70b841525b43279f06d3a096fbc1dd65db8d5e3	52
com/fasterxml/jackson/core/json/DupDetector.class	2094	6f06aaef6e46b4204f4bfceafff6ddd538a1ae681d275c4156a53741b8e504b6	52
com/fasterxml/jackson/core/json/JsonGeneratorImpl.class	5946	db4547024fbe3f05a9237add8e39536e3e47cb5a42e90dccd662f576e2529114	52
com/fasterxml/jackson/core/json/JsonParserBase.class	3285	291c15a3b75b1a464d0478832513ab8cd9009e24a57f2ccedc15aabc13ec5daf	52
com/fasterxml/jackson/core/json/JsonReadContext.class	5599	289c3586c5fa4441d865c4c843a907e74a4e1125a03d1dc4a846fc1b02b9e615	52
com/fasterxml/jackson/core/json/JsonReadFeature.class	3492	4b682993117aaea14cec484c3624af58b129414ca1a70c4957dfeba56fd1487c	52
com/fasterxml/jackson/core/json/JsonWriteContext.class	5766	51baf0b5b626314270959620db748a435b4b05c8ff83d0b28139f7710b0789df	52
com/fasterxml/jackson/core/json/JsonWriteFeature.class	2882	64f548d442f63a68081571f1bdf12dd8824101533a5d223fc3e4bb32b27e6260	52
com/fasterxml/jackson/core/json/PackageVersion.class	846	7f6d4ddb2807c9c7756980985d70b5be233b6da07221130d0cbc9c86a2573090	52
com/fasterxml/jackson/core/json/ReaderBasedJsonParser.class	42455	bf86e3c010f7fe7939fb51bbd38acc20d07a69d5bcdc4b2dbf28445d6d31261d	52
com/fasterxml/jackson/core/json/UTF8DataInputJsonParser.class	39972	0989d9fc2c903a79dffa65f361d42072732d2bacc9f357f37ad8c0667a90bf62	52
com/fasterxml/jackson/core/json/UTF8JsonGenerator.class	35710	38d981193c307b5ed51b39222e00a21702c2355225787b449f2719a9ba29fddf	52
com/fasterxml/jackson/core/json/UTF8StreamJsonParser.class	52848	84d69942c955d93a59e40c5492379b94537a1e5c22ccb7038b1bbba92dab442c	52
com/fasterxml/jackson/core/json/WriterBasedJsonGenerator.class	31393	7fefb1668d139cc63b168d50e7e28b1ddfca4d49a8ffdd6fc371676a4a0a75bf	52
com/fasterxml/jackson/core/json/async/NonBlockingByteBufferJsonParser.class	3190	139b7c2c538a6b87dc929733765510af94a32166a7d4315c05a98b14a1019de0	52
com/fasterxml/jackson/core/json/async/NonBlockingJsonParser.class	2847	95bcb2bef0cc0d368a2139f3f9a058d3619b23d66d15401e9cd536d8bc3c6f4a	52
com/fasterxml/jackson/core/json/async/NonBlockingJsonParserBase.class	17127	974bef24c3df0079a5ddc7edb862100474059fd5d2eb0e6f452dabac85adaf2e	52
com/fasterxml/jackson/core/json/async/NonBlockingUtf8JsonParserBase.class	39330	23a45c17942930ababd645c0fd343653fb960a0441078bbea21242a216bdc060	52
com/fasterxml/jackson/core/json/async/package-info.class	143	9d3d54b605975114e0e5ea295ebf307e57df1556358d72c28d69e64d614f056a	52
com/fasterxml/jackson/core/json/package-info.class	137	58de7ab0bd4228a2afd23ae7f1d1dd51c281f91ec2264c8bcea22836337ebb56	52
com/fasterxml/jackson/core/package-info.class	132	11e90e20b437ea8d42b6987632171036621f632af033cbde5fea709c4df4e8e9	52
com/fasterxml/jackson/core/sym/ByteQuadsCanonicalizer$TableInfo.class	1640	02eeb9902d6d5f3b1a72df091c92c3fe9d84f1a0a9c8324b45ff48175a65dfbc	52
com/fasterxml/jackson/core/sym/ByteQuadsCanonicalizer.class	17696	45010281745130507156ff890c4b3a7c75989a10c6e53ff3c07241ba17f74d6c	52
com/fasterxml/jackson/core/sym/CharsToNameCanonicalizer$Bucket.class	1117	c0d5506f5fa3a6160227a07b48a93ea9794a273a9466ccfb40b2d1371d176705	52
com/fasterxml/jackson/core/sym/CharsToNameCanonicalizer$TableInfo.class	1505	d12d6ff4486e63f5e7195d463dad58aa5c1a5e3ab074274200574c9ab7b493c8	52
com/fasterxml/jackson/core/sym/CharsToNameCanonicalizer.class	11460	e0a1cce8cec328c987ae5cbe44bdf54b4174728020fef7b02696ebc911941307	52
com/fasterxml/jackson/core/sym/Name.class	925	fe70f38dbca2e08208e9b935f453ca3160687c407018646cf1f43f42e96c53c5	52
com/fasterxml/jackson/core/sym/Name1.class	1192	4c8aec7be60fc83b16d6eca135c56f838820be3763bda31275c81b144820c8ac	52
com/fasterxml/jackson/core/sym/Name2.class	1006	6dffe08e033dad2a407be193c132839d756fd6c5aeb484e4245f7178b1c8665c	52
com/fasterxml/jackson/core/sym/Name3.class	1086	646a5948c7504066037222ae06282d66afb0ad61aa1c74d1017a6910170699f3	52
com/fasterxml/jackson/core/sym/NameN.class	2090	d38d7991afb605a28f33e9f107174941f637225af1adbd7af44f6aa2f1cdbe67	52
com/fasterxml/jackson/core/sym/package-info.class	136	53ec5bbb5ef54200753678269e97de12673c8ff79739232aaabad7f739009672	52
com/fasterxml/jackson/core/type/ResolvedType.class	1403	31b5bbd1a962ad57ec49e8867c5e50f9ed83a84665f7ea4735aef9f74086aa0d	52
com/fasterxml/jackson/core/type/TypeReference.class	1619	c1d237747b369f40e1396e4e5b46bef6faa63c35df187053f071f3931614f6ed	52
com/fasterxml/jackson/core/type/WritableTypeId$Inclusion.class	1593	76c4cdfcdadbd16ddce4f12a9f7623d4d43212ab561f8bd701be03fe6a3bcf04	52
com/fasterxml/jackson/core/type/WritableTypeId.class	1544	ea8d2ff46120557a4d510c5e7dc952a643b34c5229b5e55783ce85cdbb9a49c4	52
com/fasterxml/jackson/core/type/package-info.class	137	1a87b4b9e07e594503d121bb50f187325ca2434e056b34ce31755b8ada64bacb	52
com/fasterxml/jackson/core/util/BufferRecycler$Gettable.class	322	24ec79226bd6a9c08ee136b6b60a67b64707bbb7d4fb0a8054ae01be1f3f4aee	52
com/fasterxml/jackson/core/util/BufferRecycler.class	4900	d0d0c9b801624f05e468aa2cb22776f1423c461627c80896f3fd0cad87a09de7	52
com/fasterxml/jackson/core/util/BufferRecyclers.class	3235	bce1cd7fc9f6a3a8300d4d6fd368e326a7ce2d9d73c9c6b4358267127c8fcf22	52
com/fasterxml/jackson/core/util/ByteArrayBuilder.class	6088	e916e64bb3de92cf9ca9353719e5eee5996e8ba10278ff738e3ef87e987c814e	52
com/fasterxml/jackson/core/util/DefaultIndenter.class	2636	8bf0411d93c4d2b69dd8e18d840e7eb565932192803ea9ef890ef9112e968c7b	52
com/fasterxml/jackson/core/util/DefaultPrettyPrinter$FixedSpaceIndenter.class	1074	d502f109667feba70f3bfdbc1eca74234cc39fa9e1c8a7d1d64ddd080b809d4f	52
com/fasterxml/jackson/core/util/DefaultPrettyPrinter$Indenter.class	411	3dda4d05fbb37dc70a7290b9b06553989011993ddbea0900708fb5fe98508d82	52
com/fasterxml/jackson/core/util/DefaultPrettyPrinter$NopIndenter.class	1015	f3184d4cacc885053336cce9e8a2c3984841e58d2c0fbfa16cd2100d6dfa6bc9	52
com/fasterxml/jackson/core/util/DefaultPrettyPrinter.class	9481	ff4904afd8f9ba13465d291e84e7b0f8798c2a9290b899659c51c9964e0b0024	52
com/fasterxml/jackson/core/util/Instantiatable.class	268	ef373cc22c4e816ec86f0d9426be347178ad6056a0f09967d3f46afffadc5fb1	52
com/fasterxml/jackson/core/util/InternCache.class	1595	fef77f1cb722c3f95d9fa2db1aac4362efe16b590e01b154ce4577c8e0754b68	52
com/fasterxml/jackson/core/util/InternalJacksonUtil.class	558	d525e07dea950a80c6d2e0a628e5e6904d35e75ca28dae2760265572af8d8133	52
com/fasterxml/jackson/core/util/JacksonFeature.class	225	1e691d530aebc6e4fbbad185a353ffbfc13612cf1856a7ecd2864acc6ce28be0	52
com/fasterxml/jackson/core/util/JacksonFeatureSet.class	3093	d70df0a221834b7aed483c0af1d51c090af75084c702c641f32474d2204b1c01	52
com/fasterxml/jackson/core/util/JsonGeneratorDecorator.class	305	eb9e4aec25a55d773ee4a209fae1b58fdaff32d13b9884048d1bdc1b104346c1	52
com/fasterxml/jackson/core/util/JsonGeneratorDelegate.class	14144	be4c2b139c73104aef0fe2e62e361b87034fb76fdc5e51bf32e72f6e1beb9037	52
com/fasterxml/jackson/core/util/JsonParserDelegate.class	11769	a38354ffb063cc704078ee0535a6898119b0d436d4fd01c3ce9e41366fb35ccc	52
com/fasterxml/jackson/core/util/JsonParserSequence.class	4046	6f41ae3b85fd0a5c29080a85b55a46d491801c9ce178e1bde895f1ea998ed597	52
com/fasterxml/jackson/core/util/JsonRecyclerPools$BoundedPool.class	2986	9d4a1126ecf1b5dcc29b48ad062f3a8d78a0a21b1bca7589ca073bae1d064d48	52
com/fasterxml/jackson/core/util/JsonRecyclerPools$ConcurrentDequePool.class	2543	9498c5a9462d523b25b6f33057350e7bf03887069e7bc649eca7b648ce719688	52
com/fasterxml/jackson/core/util/JsonRecyclerPools$LockFreePool.class	2578	5683c925a6da0ef54a8d35851334c892fc54db94cbc6a8dd1c3ba0ccbfbee955	52
com/fasterxml/jackson/core/util/JsonRecyclerPools$NonRecyclingPool.class	1401	2417e09584cac1a8f39089bd55f7bbbc95a5910e477ce5220fe93c5270a9dd46	52
com/fasterxml/jackson/core/util/JsonRecyclerPools$ThreadLocalPool.class	1417	1155fa312a0ada2337417c5263ca6857858a65ac118020ed16d7e0f25540b5d0	52
com/fasterxml/jackson/core/util/JsonRecyclerPools.class	2597	88575f5587da77a78d33c29d440e904b56aa0cf4209b073a217001930cab11ad	52
com/fasterxml/jackson/core/util/MinimalPrettyPrinter.class	3253	4d03ffba69751a9e7ef5e46bbeb9921c8e9341cc8c76a9258a470ea1dbcdef6e	52
com/fasterxml/jackson/core/util/ReadConstrainedTextBuffer.class	1036	43824af144b44658d5e8cc2d294c210a55a80ddeb2383b81c5303cb0bfe613b9	52
com/fasterxml/jackson/core/util/RecyclerPool$BoundedPoolBase.class	2246	e5b44a2f640b6636b99eabc913a48c4a67d1654e2498fbabe12be2f5c2ff2d26	52
com/fasterxml/jackson/core/util/RecyclerPool$ConcurrentDequePoolBase.class	2067	c9181ce82a300b5248f266c21aef1d5d9cb71938cc9d7d4782f73fa71902703b	52
com/fasterxml/jackson/core/util/RecyclerPool$LockFreePoolBase$Node.class	891	966ecec0d6be4b5897e0d4fe732b6d7dbe93b3863b90fb9d8fff5d11f170af01	52
com/fasterxml/jackson/core/util/RecyclerPool$LockFreePoolBase.class	2876	bf6c6ccab7b6309b8b330155a266b33edd8b177d969be3a85758913c7d1e786a	52
com/fasterxml/jackson/core/util/RecyclerPool$NonRecyclingPoolBase.class	1558	2f0df276ea2f7ee653e451c6c8eb4e88daf18b881afa470c7c6cb0c0e1089e58	52
com/fasterxml/jackson/core/util/RecyclerPool$StatefulImplBase.class	1706	90c37c6f74ee9b710d14f3591b6e054f309dd17c38a1c0b6a79d99fb0b5d3e90	52
com/fasterxml/jackson/core/util/RecyclerPool$ThreadLocalPoolBase.class	1554	c42cf83e251c479d109c756b98a4a9966c664275afbc71972b546ada6483b39b	52
com/fasterxml/jackson/core/util/RecyclerPool$WithPool.class	566	bf4fa0829a3615be6b7cbba43e2add8e0cba654507bd90b9470f95a91f917fd8	52
com/fasterxml/jackson/core/util/RecyclerPool.class	1808	b6784ef06e81c1f5f5bf7fd9acda1f18b437574a3e53e8546f1c868c695d2963	52
com/fasterxml/jackson/core/util/RequestPayload.class	1527	240ae6af52d1954199c45ea6ffdf9f6baf51df8336433f0b7060aa4266a85b40	52
com/fasterxml/jackson/core/util/Separators$Spacing.class	2011	9bdb89c49dbce79cde89ee7ed35a9bd9f8f5337bc820c9124a484ed9c2dc0d5c	52
com/fasterxml/jackson/core/util/Separators.class	4924	87665464cc9c5efd035861a7e4d58edab218fd67cb88bee680241deccc54e62a	52
com/fasterxml/jackson/core/util/TextBuffer.class	13841	82fc29b84f0f73bf702d81cb686a26bdb118300003dad6151cd589f586726f5c	52
com/fasterxml/jackson/core/util/ThreadLocalBufferManager$ThreadLocalBufferManagerHolder.class	703	6b3e287bac70f57d78b39720ec9f2be7a9c5cb2b44653a14ec6fbb9182e55c41	52
com/fasterxml/jackson/core/util/ThreadLocalBufferManager.class	3050	e0f3fdfbad77ae3016200f197514d2cc37db4f1f5b79b88550621c2855de37ef	52
com/fasterxml/jackson/core/util/VersionUtil.class	5235	919a016230b58140dcb7f73220e7abbed134167ff2306bf812b484eb7c384080	52
com/fasterxml/jackson/core/util/package-info.class	137	87c5002628325716583d03e9753d3dc9b1852bf3c0e1395340949adb1ef651a7	52
com/fasterxml/jackson/databind/AbstractTypeResolver.class	1173	3f0c264e904291af93720b141f5d962af9b22fe12c3002ac8b4b94d9b04c002a	52
com/fasterxml/jackson/databind/AnnotationIntrospector$ReferenceProperty$Type.class	1509	56fd9ec2a6e0aeceb56f9e8e18e3843041010fdc505524c8dc66912e57328d1b	52
com/fasterxml/jackson/databind/AnnotationIntrospector$ReferenceProperty.class	1700	4152591ad6f765431b70d4da87768291047324c7c29bea782a1af1d99f0ac20f	52
com/fasterxml/jackson/databind/AnnotationIntrospector$XmlExtensions.class	933	2cc6224b6a8ca5ee38a5a9a3800055ed35aa1c46bfcff4f15d6ea502adc7d922	52
com/fasterxml/jackson/databind/AnnotationIntrospector.class	26149	3542d218f8e257feb453c14d2940ed838894c9cab1c663d2d44fa399e9b6bde7	52
com/fasterxml/jackson/databind/BeanDescription.class	4994	4d504431a78a4fae9eec04d726b74355334ce01c49e166d378b55db805aae925	52
com/fasterxml/jackson/databind/BeanProperty$Bogus.class	4451	85e16e4af248db9611fb11421af9fdc250aaaeceb0fa0eda833e8e137fc348ad	52
com/fasterxml/jackson/databind/BeanProperty$Std.class	7889	fb9c28cfbe2263a74c7edab3bcf80425d292c2f438d2443fb2eb14637afa0c8d	52
com/fasterxml/jackson/databind/BeanProperty.class	2834	8eedcc2a6d97b29fea3779cd8aa9a9b9b33463672d1b8df4a6b69442114ab674	52
com/fasterxml/jackson/databind/DatabindContext.class	13312	ee0aa612b5c1d3959e6962892852c0a76a14430478faf94b70414184c3b36ba9	52
com/fasterxml/jackson/databind/DatabindException.class	1164	0d397b288e9201646c0289b1d391247c1e58025cbdce0673249b9fbfe3bd9e0e	52
com/fasterxml/jackson/databind/DeserializationConfig.class	27700	37d5b461a5879c93923e5269a06035a84e97b9a1500cf32eb29537e67b60c4fe	52
com/fasterxml/jackson/databind/DeserializationContext.class	53600	a9638be5d2d7d800dc2d90dc63a6cffab97f2bb8cc3d4623266716a131bd6e70	52
com/fasterxml/jackson/databind/DeserializationFeature.class	3874	5430b0a51f63bf4cd9b858897b9d970a1045c5bc8ffe27ac244ae9a6ccb2edc8	52
com/fasterxml/jackson/databind/EnumNamingStrategies$CamelCaseStrategy.class	2618	28586a3cda5ac017b7475ec1e08c4cd1de19c9e93f4f265fe2917283f34cbc60	52
com/fasterxml/jackson/databind/EnumNamingStrategies.class	473	08db166362585ab24534df8fde4040fd0812070bbb4fa372a2d070a908d0c731	52
com/fasterxml/jackson/databind/EnumNamingStrategy.class	225	85ffc219eb72ec9cc6ec5cc2be0245eac69507d906525022084401aa89da3d09	52
com/fasterxml/jackson/databind/InjectableValues$Std.class	3344	03e7477ff17dde37e4c22c500adebc4ee7bdb4831cfd1550e2e575e99b4a3d35	52
com/fasterxml/jackson/databind/InjectableValues.class	698	48edcc762e4fb77662fb5ef8add09b84507840e6f16d34f06fe225592bddb1e8	52
com/fasterxml/jackson/databind/JavaType.class	7907	13113220d6715eda213a568580ff434d386c4c82f9179295e915593f8e9ba6fb	52
com/fasterxml/jackson/databind/JsonDeserializer$None.class	506	1cb26ac99d3f4cf27c79feb987ee112b86ba99ee9585060fc38fe69ed93809e4	52
com/fasterxml/jackson/databind/JsonDeserializer.class	6778	5c5f1fe2cce0ba9bbf55bbb22dc3437a56415868402b9c3e4f3df6bcd250dfe1	52
com/fasterxml/jackson/databind/JsonMappingException$Reference.class	3066	7dcef4d72c2e2d533a1b2109f31940baa7de3d9ef8b7236e5a39369e54936040	52
com/fasterxml/jackson/databind/JsonMappingException.class	9876	a2c2d5d81c66e2f7905efad88b1c0487215d1acc8c81265a1edde80134d3d1ec	52
com/fasterxml/jackson/databind/JsonNode$1.class	846	e1b1b83b48c97f3c55134697905e4f52d0b5118c4fba1481835a306f5d1b5b07	52
com/fasterxml/jackson/databind/JsonNode$OverwriteMode.class	1329	bd51f6ad2975789d0a85c65c6d58c953b9aacb0bdb60bc9e102e793a3a394766	52
com/fasterxml/jackson/databind/JsonNode.class	15065	3c3f3626faaf543bd6371f41e3d017d9b369c0d9c0674e080563d07e7e9473d5	52
com/fasterxml/jackson/databind/JsonSerializable$Base.class	641	1f57ce809d20c8a691c160951953b6706d411ff303afd6b5079da9999e8d3676	52
com/fasterxml/jackson/databind/JsonSerializable.class	600	e1eeccb9777b5c4744043eca45c7b85f4b88e16ed9970219c2cf6c5484acdd01	52
com/fasterxml/jackson/databind/JsonSerializer$None.class	496	0240fc21a82491c8f3dab2120622120822b399a6ee2564ed4bdd49d24fb3af3f	52
com/fasterxml/jackson/databind/JsonSerializer.class	5857	d0fd8ef52ce137cc79017c1015d7032d8f92652c67a0f67c624396b0f285a96d	52
com/fasterxml/jackson/databind/KeyDeserializer$None.class	410	1ed83299e3d79716e75c49f1e96fd87f748c09069ea52f6053525093465fcee9	52
com/fasterxml/jackson/databind/KeyDeserializer.class	596	21e2140236b3bd808ffc15282eb2d48be045e0e10635d93f01819a178f32b454	52
com/fasterxml/jackson/databind/MapperFeature.class	4764	54f4f9c5a155b1fe637ea7a1376752010e8ef3a258a054beb65bfca58ac6d3e7	52
com/fasterxml/jackson/databind/MappingIterator.class	7995	20ae075a65e05b9a40cd4a405a0833227776622ba2ca41a7b145d356c1597fcf	52
com/fasterxml/jackson/databind/MappingJsonFactory.class	2346	0badecfbae6a38e927b5b7e2882005969d6cca1d1c89b4e95fb153f5b3a96979	52
com/fasterxml/jackson/databind/Module$SetupContext.class	2998	9089723888cf01db61be82a72e7028adf0efb7b8afcd6a721479df6098933688	52
com/fasterxml/jackson/databind/Module.class	1080	2c8acd9a8d28c1fd2cb98f89f0ad8e8d34262bc73874d77e9e6dfefc12f9395a	52
com/fasterxml/jackson/databind/ObjectMapper$1.class	10639	e06e3bc3e9aab98c4efc0889a5c2eb424f856bd1a91b74e1b519e10e7de5bd15	52
com/fasterxml/jackson/databind/ObjectMapper$2.class	1247	436b7c95fa40ae039c19fb225d0b8cd2714ebce3b4145116f3c283281d063d6f	52
com/fasterxml/jackson/databind/ObjectMapper$3.class	1124	c8bb7139ca2422ecd085619b93d86c61a7428316c830d55e3de22da1cfd54b1e	52
com/fasterxml/jackson/databind/ObjectMapper$DefaultTypeResolverBuilder.class	6979	a5a42735b3e9d93e6f46740c76c851008e9d4d8e49fb82ff9e04d16232e5d138	52
com/fasterxml/jackson/databind/ObjectMapper$DefaultTyping.class	1621	6db6a2784effad880f61f4845395759606a21d8978426577f008aac8a17eb225	52
com/fasterxml/jackson/databind/ObjectMapper.class	98973	6fa05885f9eac12a9803026411dd75e0fa55e6715dad051d7d54466bb0ec20c0	52
com/fasterxml/jackson/databind/ObjectReader.class	53515	fc7cec90a369940b29bce5041e8bade69dec0b2e35bf2035eb8c70e6b6952d42	52
com/fasterxml/jackson/databind/ObjectWriter$GeneratorSettings.class	3998	6e0eab0d65d85dfa9f902de7610f31a8714b717316774241321e72703923ad16	52
com/fasterxml/jackson/databind/ObjectWriter$Prefetch.class	5133	c0814104038e9e83bb16cb31e279a9854d1f52b8bc8aa3646a0e7475063ee013	52
com/fasterxml/jackson/databind/ObjectWriter.class	30788	8568c10a304ba6e4164db31cb41ece3d33cfbccad32a50c8042912999628c956	52
com/fasterxml/jackson/databind/PropertyMetadata$MergeInfo.class	1088	f87e7a1078be0ded572706acb6e7b1ed4c21d3cf1785b6b47f804c4c972e6c43	52
com/fasterxml/jackson/databind/PropertyMetadata.class	5182	b3f390eed479ed643b858077840cf23cd7ef8e3604f70b38ba99c279b9975987	52
com/fasterxml/jackson/databind/PropertyName.class	5227	234f1fd293c922f54be718b82ac7ed35e976c86c5b41ab8f25d4987d4a4bda5c	52
com/fasterxml/jackson/databind/PropertyNamingStrategies$KebabCaseStrategy.class	978	c142b86241dceb1038f8f0ddba071ee3445fa6150326e57bb47ae073c7d2d2b6	52
com/fasterxml/jackson/databind/PropertyNamingStrategies$LowerCamelCaseStrategy.class	901	5852809e89af1899cad993309062fa5375d0b41d7731ed6f76cddfc83736da2a	52
com/fasterxml/jackson/databind/PropertyNamingStrategies$LowerCaseStrategy.class	1031	17aace3f2a73eac92da6eaa08aa0e5c25b78cf49adcb96917c2de07a3adc63e0	52
com/fasterxml/jackson/databind/PropertyNamingStrategies$LowerDotCaseStrategy.class	987	a276ee9e1b16d0461529ede7dcb58679657a0ec04df90572cc1e9330248c2232	52
com/fasterxml/jackson/databind/PropertyNamingStrategies$NamingBase.class	3452	825a57e8c0ebcffbe3de412d2beaa4253080a853b6776a006adc161119304b34	52
com/fasterxml/jackson/databind/PropertyNamingStrategies$SnakeCaseStrategy.class	1629	585b77959726a3809dd021724a3ae449b37267bf7781512cc3f43204cd203851	52
com/fasterxml/jackson/databind/PropertyNamingStrategies$UpperCamelCaseStrategy.class	1359	b4cf578f006cd29765b3be07593b96bfe457e30db13a10b7aaccd7ee9157202d	52
com/fasterxml/jackson/databind/PropertyNamingStrategies$UpperSnakeCaseStrategy.class	1073	f50ed4fb5add3ea828750533ee1ebdfef3427f6cc4f351d1f8fcaa23f6cb9cd7	52
com/fasterxml/jackson/databind/PropertyNamingStrategies.class	2410	8cc406a87b293c412a42a0d539a167ff061f182dfb70e490cadbb95b9ac626f4	52
com/fasterxml/jackson/databind/PropertyNamingStrategy$KebabCaseStrategy.class	1031	06cf37252f7030037110627ac7158074f78eba0563fdc316c7420262f1ef42f3	52
com/fasterxml/jackson/databind/PropertyNamingStrategy$LowerCaseStrategy.class	1012	001d32730975f29bb5b3f57231dc1fdaf251aba94e18add7a4c67b126464df19	52
com/fasterxml/jackson/databind/PropertyNamingStrategy$LowerDotCaseStrategy.class	1040	1a29153fb4fed1c54ac00a404ea1086c99f6737db4213b421f3a15d1c0e40d64	52
com/fasterxml/jackson/databind/PropertyNamingStrategy$PropertyNamingStrategyBase.class	4203	59e4aa730dca7361bf1d7ae436f7ec7b92e46ae50016856810ddeca69277fd94	52
com/fasterxml/jackson/databind/PropertyNamingStrategy$SnakeCaseStrategy.class	1679	37f9fd2cb30bac11c7a41faca47b7223997ab7bf90b20e01d673fe2ff38ed55e	52
com/fasterxml/jackson/databind/PropertyNamingStrategy$UpperCamelCaseStrategy.class	1413	6a13011544208306e390c04b34892bc63ee6394f0ba55fa9ab63bd5dd4b110c7	52
com/fasterxml/jackson/databind/PropertyNamingStrategy.class	3542	56a7930420ad374f4e6ff2fe5aea8c9ca46dda18f322f5f1117ec3666ce3f55c	52
com/fasterxml/jackson/databind/RuntimeJsonMappingException.class	897	30e795bd8583dd0c51211eda9f0cfe34a72802dc478ff80f4e80113d549b278d	52
com/fasterxml/jackson/databind/SequenceWriter.class	9439	e7827583d546f84262736a5c49e81924b199b347e173a0bf068d81a6e517b94a	52
com/fasterxml/jackson/databind/SerializationConfig.class	23174	31f0fceaebd7974a441c41f7429386a1d0498d9388c2cceb50432a46e7aa7355	52
com/fasterxml/jackson/databind/SerializationFeature.class	3669	f06c16d882b80eec8c4ff1386e36c7725c839182a78a0bbd041f080088ba4142	52
com/fasterxml/jackson/databind/SerializerProvider.class	30176	fa40fe94f72fce5b34a1ffaf66f587b34b77bf852c70daf7b1f1cfe5c55f7a9d	52
com/fasterxml/jackson/databind/annotation/EnumNaming.class	621	bc5b59c03af0168890fe5b8a19abbeb4e5e589d1ec34b5fb548e6c76e7f07afc	52
com/fasterxml/jackson/databind/annotation/JacksonStdImpl.class	480	81cf97aff9b0c6e638d0be666e3713f825f115bf648946ba036c48c3f14cf6b7	52
com/fasterxml/jackson/databind/annotation/JsonAppend$Attr.class	727	2382af1b4feb149eb19030ee99b6af56bd995317d25076b2ce851239db8c6b08	52
com/fasterxml/jackson/databind/annotation/JsonAppend$Prop.class	926	b65fa200899828bf504febef80dd7287d93861e2895bb6d5b2ce724635a49dc8	52
com/fasterxml/jackson/databind/annotation/JsonAppend.class	912	2b02290d57caa7e193daca683da8bf0ab1751b7fd1e8f66e3b8e3deae2d5e3a5	52
com/fasterxml/jackson/databind/annotation/JsonDeserialize.class	1740	14a4b2a6c416b14f243db73def80d209b39d4d7e695c5f979947c6d3009050f7	52
com/fasterxml/jackson/databind/annotation/JsonNaming.class	712	8979ae09aca914ab0b9854e6322c9d545911464ac8f596baab1dd785c40a3486	52
com/fasterxml/jackson/databind/annotation/JsonPOJOBuilder$Value.class	913	af34f95ef62809277763c3503c4425cfef5a52397ce9a31553d7d14b2a9bb4b1	52
com/fasterxml/jackson/databind/annotation/JsonPOJOBuilder.class	856	7f17db7bd895801e8698ffe7d2ed0e84d23dcc742c7b03f8bc4f00f66fbf6d40	52
com/fasterxml/jackson/databind/annotation/JsonSerialize$Inclusion.class	1581	1b46585746fba2dfd2b4408d021a153464408b1be0353163cc8764af15976ce9	52
com/fasterxml/jackson/databind/annotation/JsonSerialize$Typing.class	1358	ba334e599d77249ed1df7403cd8abc8591b139365013735652029b62a2c0593b	52
com/fasterxml/jackson/databind/annotation/JsonSerialize.class	2089	bae82b01720313838e7711b9ae152d0a9ff7c65d5b83514416156ee738116db5	52
com/fasterxml/jackson/databind/annotation/JsonTypeIdResolver.class	686	cceb72c238cc39480a210645ec1ae19f8dffc5607c1ee0860f2391d32b58c144	52
com/fasterxml/jackson/databind/annotation/JsonTypeResolver.class	690	1820cc68195348e9aef8e5d5676fb55f6d92e01310c0679a4bd905788e4ba2d4	52
com/fasterxml/jackson/databind/annotation/JsonValueInstantiator.class	648	1bc257d17c3687facba05f0f9a6192718a8da4110ec461684761d119183196ac	52
com/fasterxml/jackson/databind/annotation/NoClass.class	330	cbfe83619163fd7e3ae35431a757e492f266f138ddb058420e405ce9a706c8d0	52
com/fasterxml/jackson/databind/annotation/package-info.class	147	e6a3b8c253a40b0ad648b55715b6391871e681474b506ecd697d139be34e3385	52
com/fasterxml/jackson/databind/cfg/BaseSettings.class	13820	1d9e047cf81843094bc66a6bd0d9c01471033d565d3a936827d38ba41789a983	52
com/fasterxml/jackson/databind/cfg/CacheProvider.class	1114	42ffd679274ae17dd8d75edbe67bf005b90e53a92a3a7fdabc8855ac9f5140fe	52
com/fasterxml/jackson/databind/cfg/CoercionAction.class	1227	630c36663f6fd42125a07ea0a22f85dcc8b4bda58f025c46992b3551ba9daae2	52
com/fasterxml/jackson/databind/cfg/CoercionConfig.class	1566	4d6fdae273e1d1add5bda933e23860a836736b16a9141fe1a7f026b992e159ec	52
com/fasterxml/jackson/databind/cfg/CoercionConfigs$1.class	899	48f48ca52e46d18eb2d45cb48971c8095a3fa908b5183348601f0dafd698bf62	52
com/fasterxml/jackson/databind/cfg/CoercionConfigs.class	8194	561504d9cb42bb33e6c7e8725c57e7c1b9a79c0d0de701b4166197b955941142	52
com/fasterxml/jackson/databind/cfg/CoercionInputShape.class	1593	dfbadcce44d89289b1debf40cf3064c09929fdfd8cea1fc885eb23c56b1015ac	52
com/fasterxml/jackson/databind/cfg/ConfigFeature.class	226	6b64ca29ba9c5c67b12128d6b9c75f87e739bf5a66faf6298da7fa483abf70f1	52
com/fasterxml/jackson/databind/cfg/ConfigOverride$Empty.class	515	505b603d595bb2c34cf8f879130c4b963778bc67a19c42af91912edfee3aa338	52
com/fasterxml/jackson/databind/cfg/ConfigOverride.class	2954	8963ff9807683a3b56a30efacbe696243d0bcca45c66ac96636478fb843c10ee	52
com/fasterxml/jackson/databind/cfg/ConfigOverrides.class	7883	f67fce6eb24b861cf80d016cecce7aa07ef066f32bfd66005b811e954fa47ea3	52
com/fasterxml/jackson/databind/cfg/ConstructorDetector$SingleArgConstructor.class	1516	c5c8e003f33d328230193b3c7bc9b525d2197ed4a44897d56e27c3d7434d1d3a	52
com/fasterxml/jackson/databind/cfg/ConstructorDetector.class	3093	ea9e1830bc8b917b810fea30b7ff7a70bd8b42163ca4330594341cff7a23d63e	52
com/fasterxml/jackson/databind/cfg/ContextAttributes$Impl.class	3616	210f256a1db4217c409b03deb02665feb47e169242e92d1bba55a4ad9658693a	52
com/fasterxml/jackson/databind/cfg/ContextAttributes.class	1102	81c9e40d65267223fe75e2da4932a20736091d34522904faa7332a30df5f683d	52
com/fasterxml/jackson/databind/cfg/DatatypeFeature.class	229	6b75b76016c1549f5ca3a832503fa92f7eda2c3d5720543c4675ce9ec94141a4	52
com/fasterxml/jackson/databind/cfg/DatatypeFeatures$DefaultHolder.class	1645	139ad56ae57ce9872d528363065cf496e019898daaf7a5664d69da450a51afd7	52
com/fasterxml/jackson/databind/cfg/DatatypeFeatures.class	4183	aa68a4cb50883268c9526232c178fb814f202f32f808309c77936ce89327829d	52
com/fasterxml/jackson/databind/cfg/DefaultCacheProvider$Builder.class	1520	37e735f70a3013a04b7d8644aedde7ac709c7a93a3e95478a5279d5d8c8e548c	52
com/fasterxml/jackson/databind/cfg/DefaultCacheProvider.class	3075	b60379f9d6b63f45fdbcefee0ae39e44be54f3bb34487a75f18248d9c6600ba5	52
com/fasterxml/jackson/databind/cfg/DeserializerFactoryConfig.class	6268	4075e2394189c7aa5791190ecc3ca5cc50adcaad4d9ebc2ca3e3b0b343038ddd	52
com/fasterxml/jackson/databind/cfg/EnumFeature.class	1895	b262578472476baebfee11ec5fbceef1a1c4c6bf752c8f181a779fccb0ef0c6d	52
com/fasterxml/jackson/databind/cfg/HandlerInstantiator.class	6244	41a44c97fbb766c6f62b46eb0bdf87b348109cd052651ff42720c51850bc08c6	52
com/fasterxml/jackson/databind/cfg/JsonNodeFeature.class	2148	1d5bd7fbeb26c06b905210226bdb951ba6a8f0a14172b20e91a857e97d678819	52
com/fasterxml/jackson/databind/cfg/MapperBuilder$1.class	1263	a17582623c997100a429e6286bbcba88d79ad036e3ae3f3ec161d24746be5075	52
com/fasterxml/jackson/databind/cfg/MapperBuilder.class	35418	a37d63e2d18a15b09f59b786ef38158ad51d205028cf305339b229773a7039af	52
com/fasterxml/jackson/databind/cfg/MapperConfig.class	18217	dd6048af0cc5423871032f8bdb0cb32449faac51ddc16f57f7b37ffe1f9b84b0	52
com/fasterxml/jackson/databind/cfg/MapperConfigBase.class	31464	375b95d0fc76dbba55fc19f68fdb63ccdaff8794693a3bea3befaf5896b9abce	52
com/fasterxml/jackson/databind/cfg/MutableCoercionConfig.class	1660	ae9e607357a4a6e9205cf2adc6b3ac846d5e00900794395ad5c811c00648f8d0	52
com/fasterxml/jackson/databind/cfg/MutableConfigOverride.class	3376	cb87220bbf3b7662f36953383b7b9076fdf52ee5b3314b7d90ba1bf30ffdc924	52
com/fasterxml/jackson/databind/cfg/PackageVersion.class	856	aec51f0c703db7f312522ca8b2d7ddd80568c201ce0c4cc681998f501adc5e81	52
com/fasterxml/jackson/databind/cfg/SerializerFactoryConfig.class	3531	3f95355ae930569ad9647515369dc9786549008c9bc4c78fdba0c00f1e540737	52
com/fasterxml/jackson/databind/cfg/package-info.class	140	76bcc7a8274c9288b62f03c41f20617eb30e8ef32d599cc00be6044abcf27c94	52
com/fasterxml/jackson/databind/deser/AbstractDeserializer.class	15077	fdaf10b8fc350b401552c862d38a392be971c7e5e725cb894b95f1edeb4a098e	52
com/fasterxml/jackson/databind/deser/BasicDeserializerFactory$ContainerDefaultMappings.class	2977	c55893521576a597cb684be1ceb5bd56907df338998dd63a03474e8f4fec7d81	52
com/fasterxml/jackson/databind/deser/BasicDeserializerFactory.class	75363	36413ad0276e4971e3775047d802930b9133713adbbfb0de33d7a1328ebcd31e	52
com/fasterxml/jackson/databind/deser/BeanDeserializer$1.class	1658	540b934c3830473e7d9a56688e696c14909db079a97a007efb780215e7c6ca4d	52
com/fasterxml/jackson/databind/deser/BeanDeserializer$BeanReferring.class	2484	9268ed0116a439af3a49ca91023c68ee89c4ab876cd653e45d70ed6d5789d3fc	52
com/fasterxml/jackson/databind/deser/BeanDeserializer.class	32382	0aa0568bef11606c523f6af2f54c2ded6f527e17c6e2c8893983318ecfe18920	52
com/fasterxml/jackson/databind/deser/BeanDeserializerBase.class	61009	4c5026d90ad3a3ce2b6dc5d27fa839de5b534fae1ffd294452cae06004a0ca7d	52
com/fasterxml/jackson/databind/deser/BeanDeserializerBuilder.class	18826	3451cd41f52c0b82d1de78dffe3a3aeb9d737ac219b426e21ed8ff180276a2c5	52
com/fasterxml/jackson/databind/deser/BeanDeserializerFactory.class	43430	65311c9a4252f3b2ab72fedebd394afb789b001075fe3cd2667ef7d23359d7b3	52
com/fasterxml/jackson/databind/deser/BeanDeserializerModifier.class	7783	8963da844c386659194a28182c3adb9150edcf4270db2c2cc39813dda8471ebe	52
com/fasterxml/jackson/databind/deser/BuilderBasedDeserializer$1.class	915	e86e0a85e5922dbce4a7ad496e65416db013cad79671ddd843f7008a02e30cfe	52
com/fasterxml/jackson/databind/deser/BuilderBasedDeserializer.class	27063	91b2e91cb79b016558597a4213b5c36073ef8b5af37d25846793193afba196d5	52
com/fasterxml/jackson/databind/deser/ContextualDeserializer.class	600	a64d300929685d6da0680ad4d278778b43d86c1d67df9f9e601c3dfa40748041	52
com/fasterxml/jackson/databind/deser/ContextualKeyDeserializer.class	428	e07c67437502c51fec87d1e6149c587861a0b4bd6f4d2766ade1adfa47515bb1	52
com/fasterxml/jackson/databind/deser/CreatorProperty.class	12466	9355fb2aaef5e5113b630700f1e860d8f41227e61da18f79d04412d9e9b10a56	52
com/fasterxml/jackson/databind/deser/DataFormatReaders$AccessorForReader.class	1650	566d150d03d79fe1f3a360db876a284332a78653449aa3a92a40e4cb385d6319	52
com/fasterxml/jackson/databind/deser/DataFormatReaders$Match.class	2715	f78d60128f4fbe0b144a0c2e19c6489b93a7c7258e9387598f75e1cb4529fdad	52
com/fasterxml/jackson/databind/deser/DataFormatReaders.class	6098	bb909d396769decb209ff43c9f9cdddc1b524ae6776d3322081f157885444cd7	52
com/fasterxml/jackson/databind/deser/DefaultDeserializationContext$Impl.class	4335	a53d3d36e1bde45017f9cbac82f82e9502ac984dceb5929544375807009f7959	52
com/fasterxml/jackson/databind/deser/DefaultDeserializationContext.class	16490	09d3ed4e0fed0f247e8470018260842184f8192d63e0d175860652b25f1980e3	52
com/fasterxml/jackson/databind/deser/DeserializationProblemHandler.class	6464	d01082d4fe548fe5b60a50f9eca34fa728cb21338232c145529d169c0b17ed7e	52
com/fasterxml/jackson/databind/deser/DeserializerCache.class	21192	9cee7e55ef3e114f81f4b0cebf6c92cf9a8d22371a5c91baa653a4669145c81c	52
com/fasterxml/jackson/databind/deser/DeserializerFactory.class	6907	0267368eff1909f3f591b1a9d4cc18fa8cc3d89815e4fe282587174a72f18e52	52
com/fasterxml/jackson/databind/deser/Deserializers$Base.class	7935	9714ddd05cb8e28e5b57eca9a63ea45e637e3f376ced6626bb79499098aaacfc	52
com/fasterxml/jackson/databind/deser/Deserializers.class	6283	9a431276a019d3f073f253123f0d8aa9334065768c54cf7f2b00288835b0fe78	52
com/fasterxml/jackson/databind/deser/KeyDeserializers.class	456	93e98eab2d74100d57f4900dc9fc4d213099106c0cab791d2b7dca9c5e5438e2	52
com/fasterxml/jackson/databind/deser/NullValueProvider.class	708	d1e7ea8440fd41c105c9454efba7dbe15356b4564acbaf45dd4de9c66cb9cbc8	52
com/fasterxml/jackson/databind/deser/ResolvableDeserializer.class	321	ead6210c7f0c38fa0704f7145e7b8679a74473936a90e8678a07579b4de89f26	52
com/fasterxml/jackson/databind/deser/SettableAnyProperty$AnySetterReferring.class	2368	95ac1351f3b6ee63dd118cb987337ee5c73a33ea0ec848f08e17d280eb58ca0a	52
com/fasterxml/jackson/databind/deser/SettableAnyProperty$JsonNodeFieldAnyProperty.class	5193	d34f2859e6da2810212d832a771f5f22702a1ca56d1acdd3d65035eecb48d0e3	52
com/fasterxml/jackson/databind/deser/SettableAnyProperty$JsonNodeParameterAnyProperty.class	4160	0af2e487e7307625c9b29a01deb858fc740b6389c5dae5cdaf12547ded4fd764	52
com/fasterxml/jackson/databind/deser/SettableAnyProperty$MapFieldAnyProperty.class	5297	068a92bc4ed2f7290e549ddb5c4670293b0845925bba04196aa0997c48f93f6f	52
com/fasterxml/jackson/databind/deser/SettableAnyProperty$MapParameterAnyProperty.class	3770	f95dafa95cf48969e11b629a8bf2470c703fa31363e9d2bb23a5929fc74b2a43	52
com/fasterxml/jackson/databind/deser/SettableAnyProperty$MethodAnyProperty.class	2769	1a22b4b86f7fdcfdec6a19d094ad0d6afa9af1bde77b5cf2a674a1da69422a05	52
com/fasterxml/jackson/databind/deser/SettableAnyProperty.class	16150	b9735180ee43b7b4af3a698545080054d4abb9a85a71726ccbd86c90d1a220bc	52
com/fasterxml/jackson/databind/deser/SettableBeanProperty$Delegating.class	5757	1427eb2ea22a071f01b5429fb2f72f1989e53620481c8a913c702b69615aa4ef	52
com/fasterxml/jackson/databind/deser/SettableBeanProperty.class	16563	eb576c798ab711511f0e0d7dbb80ab40de297118029c7f6759b74a174e8fbc54	52
com/fasterxml/jackson/databind/deser/UnresolvedForwardReference.class	3929	9d89f8c184d1a7548f930230ccb24e39904b4c6cfcbb4883350c25ea4dd7f089	52
com/fasterxml/jackson/databind/deser/UnresolvedId.class	1559	dadc3867f1355d0f728854cd54b66035365cda51aea53a52f3963962ca2a74c3	52
com/fasterxml/jackson/databind/deser/ValueInstantiator$Base.class	1278	4c04e51606892616e5feaf10622c645a2ff37a408beca4ed99b193b7034e089e	52
com/fasterxml/jackson/databind/deser/ValueInstantiator$Delegating.class	6638	de3629a1d870d5bcb9f5f8620ff1c1bb7a6ed37de6db38dfa14bddcb8a8430ef	52
com/fasterxml/jackson/databind/deser/ValueInstantiator$Gettable.class	355	36d6280988a0ec680ec9775866890f86254b3dddede070fdcbbedef99582ae1c	52
com/fasterxml/jackson/databind/deser/ValueInstantiator.class	9812	3c74277e34db91f5dea432d7673bc519630e43799de4c86c4971838a9099d0fd	52
com/fasterxml/jackson/databind/deser/ValueInstantiators$Base.class	1004	07be409207218cfab176a809669707995728ea1eff07a55796ec6dd67becb92c	52
com/fasterxml/jackson/databind/deser/ValueInstantiators.class	509	d29a8a6c9fcfbb56254286b81017bc2ee447c679e4160b44db2a1d4b37ca611e	52
com/fasterxml/jackson/databind/deser/impl/BeanAsArrayBuilderDeserializer.class	11877	b8f916bce037ae790ef1b294bb4e7f8066bf06ae35b4a6342be7130a02aa696e	52
com/fasterxml/jackson/databind/deser/impl/BeanAsArrayDeserializer.class	11101	255011a22c681bbb54e506ed54425f75d176929332f07ea0cd9d00569c1e1cf2	52
com/fasterxml/jackson/databind/deser/impl/BeanPropertyMap.class	20304	a87c810b5ebc40e752f83559f8b84ec5f3b7324bcb097e9f4a243d077e4051e5	52
com/fasterxml/jackson/databind/deser/impl/CreatorCandidate$Param.class	1656	d319f565c0fef1383a0c858a80f646669b689d1738fe50770e0183d2c85b5d63	52
com/fasterxml/jackson/databind/deser/impl/CreatorCandidate.class	4905	dcd194edce3dae87625db5dbfad1480d08dc36c093f897ca79a8c8dff51cd8b9	52
com/fasterxml/jackson/databind/deser/impl/CreatorCollector.class	12568	6b2b48d71c7714e02b6eb864202c8d9a417c125eb03cd3777d376a11876532b5	52
com/fasterxml/jackson/databind/deser/impl/ErrorThrowingDeserializer.class	1030	02bcd7808c7c9f0b616a4611c0aa870240921aacfcadfcb0f4bf155f232b47e2	52
com/fasterxml/jackson/databind/deser/impl/ExternalTypeHandler$Builder.class	3970	6716ef9dcbd0300dd9be6ccc86fb77647ee1e398aab0397b820a494046c26799	52
com/fasterxml/jackson/databind/deser/impl/ExternalTypeHandler$ExtTypedProperty.class	2449	21e722dcfcd67f349b25dd6ff13806aca399c57d446cd4e165284e5b2834caab	52
com/fasterxml/jackson/databind/deser/impl/ExternalTypeHandler.class	12341	4d79414a9fe7dc07e52800e1bd7e569c451bdb8b70c548cc7a403511a41158e8	52
com/fasterxml/jackson/databind/deser/impl/FailingDeserializer.class	1585	dde0e87f96e3edf714796de960068147786b403a26a269ed200806649d547ad5	52
com/fasterxml/jackson/databind/deser/impl/FieldProperty.class	8481	4e69037121456e2424e1d137440c2149fa2fc71686679ea70acb6d7e8c6d89cd	52
com/fasterxml/jackson/databind/deser/impl/InnerClassProperty.class	5218	4e1fe5a5b2d2dce630e34383c0bccb81fa1e73695fb110c4e4f4f7631f2a0a89	52
com/fasterxml/jackson/databind/deser/impl/JDKValueInstantiators$ArrayListInstantiator.class	1147	8de5f1a93e8e646281e29e89cda9b3ec94196bd35e99178bdb5740f171ca874b	52
com/fasterxml/jackson/databind/deser/impl/JDKValueInstantiators$ConcurrentHashMapInstantiator.class	1096	a8b3f65228cfbaef00380bdceae672a5ef2e90cbed69773db699d5378047f29e	52
com/fasterxml/jackson/databind/deser/impl/JDKValueInstantiators$ConstantValueInstantiator.class	1187	700a131a282198cfa473f327e0a5233191a4d11f496dcbcd2ba52f826a37f7b0	52
com/fasterxml/jackson/databind/deser/impl/JDKValueInstantiators$HashMapInstantiator.class	1139	6ff03f2477e7ebc4ac08ef072ed7ff06e1503b614209c74aa05da076345cbfc9	52
com/fasterxml/jackson/databind/deser/impl/JDKValueInstantiators$HashSetInstantiator.class	1139	c2ad4b366c5b76d23c6a9d9d0bc2b50e43f1fb66d6b92fa0ee727aeda3c4cb29	52
com/fasterxml/jackson/databind/deser/impl/JDKValueInstantiators$JDKValueInstantiator.class	1236	3f6a4e38c680685012276af6b95fe975c13833986f2f1d2eb27439eadfdf42c3	52
com/fasterxml/jackson/databind/deser/impl/JDKValueInstantiators$LinkedHashMapInstantiator.class	1163	543f758cf6832fe0a514920770f6af11199425ebade3fba3eb0ed3253e2243b1	52
com/fasterxml/jackson/databind/deser/impl/JDKValueInstantiators$LinkedListInstantiator.class	1057	ac4dad426218a77cbb1ce1d8e499eb7859529da1a4ae271fe6e2dd28554ee62d	52
com/fasterxml/jackson/databind/deser/impl/JDKValueInstantiators$TreeMapInstantiator.class	1045	4785d9aa09fc26da14df0dce22a39e1542c4ff40c1ae631d18bef431ab9e8f67	52
com/fasterxml/jackson/databind/deser/impl/JDKValueInstantiators$TreeSetInstantiator.class	1045	0ef676cc3a45350a59eac74186a7cec1f9689ce399fd784c96a3573cfa9f47a2	52
com/fasterxml/jackson/databind/deser/impl/JDKValueInstantiators.class	3627	bc11a52b2a792a755ff7c6d42166b298b72f59cf0ecb5c171cea2b06910642e2	52
com/fasterxml/jackson/databind/deser/impl/JavaUtilCollectionsDeserializers$JavaUtilCollectionsConverter.class	3603	89b0c3d2b5d1b4ca6125b7ebef9d8c7faee0d8252cb813aa22dc334ca4749a2c	52
com/fasterxml/jackson/databind/deser/impl/JavaUtilCollectionsDeserializers.class	5411	07fd83212239b589b807550addee7ac03d48a1c74179d8cf1215ce559f1565ff	52
com/fasterxml/jackson/databind/deser/impl/ManagedReferenceProperty.class	3901	d60f5cb70555b3ca7728b1dd2ada1af7a4173f491de3ecd53df0b6d3f66aef51	52
com/fasterxml/jackson/databind/deser/impl/MergingSettableBeanProperty.class	3462	455baa9518175829a12f0c29760719237e5c5603b7db2bec15df342ae2364002	52
com/fasterxml/jackson/databind/deser/impl/MethodProperty.class	8512	6431ba5f5a965dc935a4ced713d5ca9de888d7a3daca15fbd2704458056dd6d3	52
com/fasterxml/jackson/databind/deser/impl/NullsAsEmptyProvider.class	1539	69dfda73eb01c9848eb2fc8c3c87d93dd7ff5a0967ed0553358c738fedf8b01e	52
com/fasterxml/jackson/databind/deser/impl/NullsConstantProvider.class	2085	8295481a741eb680fe8ffd0d383af2c77b1761281d655cf924ebc2ff526c1223	52
com/fasterxml/jackson/databind/deser/impl/NullsFailProvider.class	2571	4990e65bd1abcef0defcb4b95c16548deb740acb3cbf5300f5ba896ba9f060c0	52
com/fasterxml/jackson/databind/deser/impl/ObjectIdReader.class	4127	a88a0665db49464a23a09d312074e2bbbb42cb6278f30c64b45e79c51c9ae49f	52
com/fasterxml/jackson/databind/deser/impl/ObjectIdReferenceProperty$PropertyReferring.class	2279	c690f22985ff35229f08af2ffecbfcf8eeac3e0bdbdaead18d2ef93087fea911	52
com/fasterxml/jackson/databind/deser/impl/ObjectIdReferenceProperty.class	6787	936782ecd253b01c9792f216a59f8f58961834f970241e10fdc36508470e751f	52
com/fasterxml/jackson/databind/deser/impl/ObjectIdValueProperty.class	6487	f24cbfe88a086f2a6d48d8d86af6514292e9ae61fb3a2fd06c65ea606d7a61e5	52
com/fasterxml/jackson/databind/deser/impl/PropertyBasedCreator$CaseInsensitiveMap.class	2191	6a35e4506042c601e46b79b1420ed12fff85f86d1fc7b8b85fd806b1301b2ffe	52
com/fasterxml/jackson/databind/deser/impl/PropertyBasedCreator.class	8802	c83b00897e76c75670069cb13ea1fe619af2f6c1c386bf1db53cc639acb24958	52
com/fasterxml/jackson/databind/deser/impl/PropertyBasedObjectIdGenerator.class	2105	201981cf1c5ddaae5b9da05bd9d607f5f7c7352d67c352292eb51416ee4a1a7d	52
com/fasterxml/jackson/databind/deser/impl/PropertyValue$Any.class	1312	9beec11145a2685b58b5575005fbcc46ad779a1ee8add346f06d07fa248b41fe	52
com/fasterxml/jackson/databind/deser/impl/PropertyValue$AnyParameter.class	1445	f80b477368be1d1dbc601654a43c269ef7c9f2eb91c9d81d531724f22b8864f2	52
com/fasterxml/jackson/databind/deser/impl/PropertyValue$Map.class	1059	6e90b02e3b6552e0d345533d7e0c5b03160897c27eadfbc5d992205d625d341c	52
com/fasterxml/jackson/databind/deser/impl/PropertyValue$Regular.class	1201	cd2f8cfb3702867abaeeb3f5d2ab23ebc9089f6e9b2289dc7fb288b6168a10c4	52
com/fasterxml/jackson/databind/deser/impl/PropertyValue.class	1483	afabec8181d551e94278d585f001e2fa0f6a2138668b4465a4e9290292617c1a	52
com/fasterxml/jackson/databind/deser/impl/PropertyValueBuffer.class	11067	b4b8406116d905516681dbad4359c14926c3765e7847e7215c6d0f3dae645954	52
com/fasterxml/jackson/databind/deser/impl/ReadableObjectId$Referring.class	1966	fb14812f3aa6651e58d0c1f8026e3b3723fe83816e9037cdcec90d82cdc140b5	52
com/fasterxml/jackson/databind/deser/impl/ReadableObjectId.class	3808	5cb67c71dd88053810846f457fb1118ebd1dae41e201973dc3c7c6ea841467e8	52
com/fasterxml/jackson/databind/deser/impl/SetterlessProperty.class	7657	278a8cac2184ab2a03ca2cab85a96f52484aaaa0fc29173d82407f4ccd539fa9	52
com/fasterxml/jackson/databind/deser/impl/TypeWrappedDeserializer.class	3697	03e935a865b6ed09a2f3679bc50f8a2de9f6f6f92dc4e4e44ea2ca2f6ff32d6e	52
com/fasterxml/jackson/databind/deser/impl/UnsupportedTypeDeserializer.class	2047	dbdac6a964308589411ab13a7c6255b2409ad40ea9698cb19dddc16a3a550c42	52
com/fasterxml/jackson/databind/deser/impl/UnwrappedPropertyHandler.class	4351	78d477b756504f43d1809fa446e6f3681d3c94c478b39502b5af1d6f6ccee6ac	52
com/fasterxml/jackson/databind/deser/impl/ValueInjector.class	2803	ff4130dc25df980232e999b4b04986e7d1fbee7058079e003c67244631cc0dbb	52
com/fasterxml/jackson/databind/deser/impl/package-info.class	147	f1b3aa3230c3012858aedb9b52ad9766de1d05b4991f932b476565e494fa0586	52
com/fasterxml/jackson/databind/deser/package-info.class	142	1c029ec2ad8e7f6990ea6981ba9d0a74a1cf7db3cc1ed0ceddd2477d3249d2a6	52
com/fasterxml/jackson/databind/deser/std/ArrayBlockingQueueDeserializer.class	5849	9978fdd2eed834b90d0945e6ed063c39f49e5f2df24a03a75141a2e7bdcb83de	52
com/fasterxml/jackson/databind/deser/std/AtomicBooleanDeserializer.class	2493	d511ad5f0d2aa83e0ea5294b0cf9cec41155ceb087cfdf4095ea8f24f7f885fe	52
com/fasterxml/jackson/databind/deser/std/AtomicIntegerDeserializer.class	2311	2e3c221fdf7c13a8fa495f0e6e6817bd3e55434476a9762265c97db67a637cdc	52
com/fasterxml/jackson/databind/deser/std/AtomicLongDeserializer.class	2289	491d05dfde16c198100082b4c9bd23ce60f02a252a856867d0919a18b81c72f2	52
com/fasterxml/jackson/databind/deser/std/AtomicReferenceDeserializer.class	5075	ceab89e1b4aa61964b3b99d909ad033c2cdbdd614516892b5648d19029673209	52
com/fasterxml/jackson/databind/deser/std/BaseNodeDeserializer$ContainerStack.class	1464	d8fc91d4366eb2a967592a2c31f5bb673108d4cdbfbb76f45d3bcd7c94a6bc79	52
com/fasterxml/jackson/databind/deser/std/BaseNodeDeserializer.class	18547	7c6b3a2cd56a603a4b2d10af46bee3a7ada9885f8d99af59d732adbf3aa66d1e	52
com/fasterxml/jackson/databind/deser/std/ByteBufferDeserializer.class	2645	7a4ee63a28e8e848972456a0d0b3ed9f0e4e374db3d98232e0d4768694dc2810	52
com/fasterxml/jackson/databind/deser/std/CollectionDeserializer$CollectionReferring.class	2076	accfc7359b2b5b5212dce4be6023b6db4a5245e4fd63c64ad28fbf33b933f4c3	52
com/fasterxml/jackson/databind/deser/std/CollectionDeserializer$CollectionReferringAccumulator.class	3755	1c26f8589b725543ca1b3273ccc12b357181efe15d2d390ae727407d86465e6a	52
com/fasterxml/jackson/databind/deser/std/CollectionDeserializer.class	19861	bf0ec0bf2308d44fd4c855e0d5435785a750ac795391981f6de07a8e3f365826	52
com/fasterxml/jackson/databind/deser/std/ContainerDeserializerBase.class	7536	5b5328dbea3013b9475935f9b6eab2c8c7344b726fbdf8c8d22b4f09161d0f45	52
com/fasterxml/jackson/databind/deser/std/DateDeserializers$1.class	902	958657b61fc75c1a86e7df7265bf5e9c74ca10b19da0d6ff891510ade98d3c26	52
com/fasterxml/jackson/databind/deser/std/DateDeserializers$CalendarDeserializer.class	4854	e5e7eeaba726f59e720fda457e1ef8f3549e3d5632a10d31522bea58bcbb9352	52
com/fasterxml/jackson/databind/deser/std/DateDeserializers$DateBasedDeserializer.class	7382	37668a6de09582b1a2cc76c6cda2914e5a049d43804a6d747c21ae7bfa3b43e9	52
com/fasterxml/jackson/databind/deser/std/DateDeserializers$DateDeserializer.class	3121	5ab005f4b15855b639241f102ace43c978f297baa8fd10e6cd6e3c58dfaf829c	52
com/fasterxml/jackson/databind/deser/std/DateDeserializers$SqlDateDeserializer.class	3190	66c452dcf209d6d07563ee23895994785957a752a64dd2db9b88c63518823540	52
com/fasterxml/jackson/databind/deser/std/DateDeserializers$TimestampDeserializer.class	3215	77ee5e57abae629025cea21309dad84bae105841f578fef31f229cd43201424f	52
com/fasterxml/jackson/databind/deser/std/DateDeserializers.class	2357	180bc92e1f0fdd4bf12e9fc9775e1454ffb674c1036433320ad0c0d744a5097c	52
com/fasterxml/jackson/databind/deser/std/DelegatingDeserializer.class	6526	9a9f8a7fa97dbc684ca28c70c352730ee23344fa2a5a328d2bff5733a7dbdb6d	52
com/fasterxml/jackson/databind/deser/std/EnumDeserializer$1.class	899	6dac98abdb87b728bcf8bcfe3b16a42a1d50a158f7da135aba00a22960058752	52
com/fasterxml/jackson/databind/deser/std/EnumDeserializer.class	16678	24a1e3fa946347b1ca7fe32e42d7a97eaab10f6517afd02b2e13e305f14dab89	52
com/fasterxml/jackson/databind/deser/std/EnumMapDeserializer.class	18966	042901f119fc274ea67a35000da0e7f1adf3e7a80ce5cdcc95987ab18c297507	52
com/fasterxml/jackson/databind/deser/std/EnumSetDeserializer.class	13418	691cc25ce8d9310a4d1922db44229a25c109272c9c3e88138a816ce504fbc732	52
com/fasterxml/jackson/databind/deser/std/FactoryBasedEnumDeserializer.class	12680	a6fa19206b5e2406e959d6ebbfed59a6c99e6493477cc976fcedf9ed2cd73a0d	52
com/fasterxml/jackson/databind/deser/std/FromStringDeserializer$Std.class	7685	3fc4636325a850b7292175c78cdd7687a71359f062f256bc65830eb9fd19d15c	52
com/fasterxml/jackson/databind/deser/std/FromStringDeserializer$StringBufferDeserializer.class	1974	a1805f1529219e105bd88fba5acfc30b485319e3bcf5c23fb61e9d1815cbb865	52
com/fasterxml/jackson/databind/deser/std/FromStringDeserializer$StringBuilderDeserializer.class	2049	b1c5af29b180d673725cbc363f599795dbf8f51c6c62e38afe586d337c754e57	52
com/fasterxml/jackson/databind/deser/std/FromStringDeserializer.class	7993	82922d7ce17fb18300c38f0d8223ceb10b8fade39b5ba08e929539f50004749e	52
com/fasterxml/jackson/databind/deser/std/JdkDeserializers.class	3798	ea86f23dca4199e485696895a3ddffa5fbd3cfcefac91764fa75bc648b665fd1	52
com/fasterxml/jackson/databind/deser/std/JsonLocationInstantiator.class	3812	8992938bf046fd7ed3f0eacada9435b66f0f0addf41e5f8079063ba33fc2d71b	52
com/fasterxml/jackson/databind/deser/std/JsonNodeDeserializer$ArrayDeserializer.class	4132	1fa22e94d64906a945ff36fdf0352501548b6019bf6cd0383d3f5fa2ea1c4ab5	52
com/fasterxml/jackson/databind/deser/std/JsonNodeDeserializer$ObjectDeserializer.class	5030	2003dd88aa719f87b0eafdb3654ec68658ea8cf0d735c319fee6de09ca77a9c4	52
com/fasterxml/jackson/databind/deser/std/JsonNodeDeserializer.class	6110	fe4a6555fa99a4a5cff4d9b02cd1714883c71f8d0a6a7094f7cb76faeb576216	52
com/fasterxml/jackson/databind/deser/std/MapDeserializer$MapReferring.class	2056	b9d337b8e08c6a25199310b6c830f49b6917155ed0cfa8c852d6bf02ebaa994f	52
com/fasterxml/jackson/databind/deser/std/MapDeserializer$MapReferringAccumulator.class	3744	0cfc91c8c3a4c55d9e929c0b0d3b41cd54c05d8d78186cd9dc8448299df8bf81	52
com/fasterxml/jackson/databind/deser/std/MapDeserializer.class	31721	80e6fd0ed3f3c46f7c81266860ba69898fcbdc1e22c6f0a6fc651aa52434d300	52
com/fasterxml/jackson/databind/deser/std/MapEntryDeserializer.class	11643	8b0adf1bfdc37fd06781e3de151a545d6aa25fea47cab1c8aa73b755bcba7dee	52
com/fasterxml/jackson/databind/deser/std/NullifyingDeserializer.class	2450	5e51f55e0a1e3186f86b446945a690be54b575307f97e1da8a35100bdcc85330	52
com/fasterxml/jackson/databind/deser/std/NumberDeserializers$1.class	902	099d3bdce27da6c4f4061dcc3bf29d0c4a727bdcb5ff53b83d699c89caa1b352	52
com/fasterxml/jackson/databind/deser/std/NumberDeserializers$BigDecimalDeserializer.class	4711	cb0c74400356ee4724ea5fbc96e53d60488353662eaeb7b4d2bb538beb5347a7	52
com/fasterxml/jackson/databind/deser/std/NumberDeserializers$BigIntegerDeserializer.class	5005	f1817f7a6b5ec2971c69f325e26450c2fd8c22da3f2da9b2067d18f9f7984ab6	52
com/fasterxml/jackson/databind/deser/std/NumberDeserializers$BooleanDeserializer.class	4210	ea258a523707736a7ef5044f3e6e088188b980f8248131de24f9a65fd21771b6	52
com/fasterxml/jackson/databind/deser/std/NumberDeserializers$ByteDeserializer.class	5526	53fa2d3de65e823a991f3e10c3284f12ac2c2f447578473b3840bdcc8d018a6e	52
com/fasterxml/jackson/databind/deser/std/NumberDeserializers$CharacterDeserializer.class	6335	52786bbce784b43d84b08a56595ab713cb5b32d0d8e33c5c940ed68642a783c2	52
com/fasterxml/jackson/databind/deser/std/NumberDeserializers$DoubleDeserializer.class	6758	0961b7b480997d12f084f995f56f30d812a687f8f4dc0beaa286d74ecb6d5198	52
com/fasterxml/jackson/databind/deser/std/NumberDeserializers$FloatDeserializer.class	6053	22c85261ca0d537ebd12dd41efaf8b0ab079ddfcc1aa1661766e0f6508844225	52
com/fasterxml/jackson/databind/deser/std/NumberDeserializers$IntegerDeserializer.class	4001	48d4995baf194f10d2fc64918202abc869a602ab1888086ac6de151f52e8ede9	52
com/fasterxml/jackson/databind/deser/std/NumberDeserializers$LongDeserializer.class	3261	467dc11c4f1c66f529f0847a3fdd9e2ee2758b5e7a002cef917a22f3c941d17f	52
com/fasterxml/jackson/databind/deser/std/NumberDeserializers$NumberDeserializer.class	5954	938fbdfd6b35a4b1e4fcede8f72536a27495879a63656ce598787692075f68b5	52
com/fasterxml/jackson/databind/deser/std/NumberDeserializers$PrimitiveOrWrapperDeserializer.class	3895	77882bb926caaf6e8339a3b26813faaf0bf7e60820233e70de0a1fc899808f0b	52
com/fasterxml/jackson/databind/deser/std/NumberDeserializers$ShortDeserializer.class	5544	3311cd72add5484f87e5b988908899e3da9c533be3fe091f26350b444af84844	52
com/fasterxml/jackson/databind/deser/std/NumberDeserializers.class	5259	8bc937022d5239278aed85fe2ebec73168868940ea946de299ab69465335bc28	52
com/fasterxml/jackson/databind/deser/std/ObjectArrayDeserializer.class	15252	000ec1351dab4da9ceda0a0efb5aaea99c4b3e2c45d619e077e2140697eb6ba0	52
com/fasterxml/jackson/databind/deser/std/PrimitiveArrayDeserializers$BooleanDeser.class	5389	8f14635bf76255df520c03a4f6ed9a55b620c33cbc366f961666c4bdacc13e2f	52
com/fasterxml/jackson/databind/deser/std/PrimitiveArrayDeserializers$ByteDeser.class	7221	1032e7de8dbe7251dbfc315c5660c1c5bcfaec741c8b3da12ddf841b5bd7c030	52
com/fasterxml/jackson/databind/deser/std/PrimitiveArrayDeserializers$CharDeser.class	5895	99b8b8bda06bed4f311c90b1b4dbe7acce73010dc8db69ed3351e23937b9160a	52
com/fasterxml/jackson/databind/deser/std/PrimitiveArrayDeserializers$DoubleDeser.class	5138	a597b01fca0d849d32221c197920361988295fcab150b05867abfd6f9adb44d8	52
com/fasterxml/jackson/databind/deser/std/PrimitiveArrayDeserializers$FloatDeser.class	5128	815adb6bb2b956c07e1caa8a7b23873b61a140b3cf38d61cf6af9caf5f25034d	52
com/fasterxml/jackson/databind/deser/std/PrimitiveArrayDeserializers$IntDeser.class	5420	60830376cc6cbc30e38dca8c81219f8e249be4e3a5ea521f0694c44d898d40a6	52
com/fasterxml/jackson/databind/deser/std/PrimitiveArrayDeserializers$LongDeser.class	5437	e510d93755fc784415b2e237d159d0834389176664a9bf681190d129ca4f2bb2	52
com/fasterxml/jackson/databind/deser/std/PrimitiveArrayDeserializers$ShortDeser.class	5256	99f78da9abb37a9ecf67921c1ab3ece068475066040e05cfb628e22ff264d75e	52
com/fasterxml/jackson/databind/deser/std/PrimitiveArrayDeserializers.class	10992	270bf3235abec3a199eace5dbb7dc5070e5673f98ebaf1dd25ce3525f78e0483	52
com/fasterxml/jackson/databind/deser/std/ReferenceTypeDeserializer.class	8837	ffb20b925bd66fdfeebc8dde2e41f3eb903076b67bcb37035df004cd02c6c1bd	52
com/fasterxml/jackson/databind/deser/std/StackTraceElementDeserializer$Adapter.class	854	8e3f84337569460ff5e207ad4edaa9cfed6b9888a48e6d152d6a13631e6f0dda	52
com/fasterxml/jackson/databind/deser/std/StackTraceElementDeserializer.class	5389	a30fb0d4e53cd6626614308bb90e1f6d43dcab688c23836d2fdb6900108c429c	52
com/fasterxml/jackson/databind/deser/std/StdDelegatingDeserializer.class	11194	eab0bc7ed830cad2557c6408e3d967612e932165014f8804693a35d9a35d62d4	52
com/fasterxml/jackson/databind/deser/std/StdDeserializer$1.class	941	af968b19ec764842b78aa711740e656f6c0be26097d1e5687886964024b50c2e	52
com/fasterxml/jackson/databind/deser/std/StdDeserializer.class	55717	515df4c255c3287e151ab5f4f6aea89792bfc7562946948152905b5cfb7cb16a	52
com/fasterxml/jackson/databind/deser/std/StdKeyDeserializer$DelegatingKD.class	2935	0ec25400c8bc8c2322e41680f53fd631b4d9c85d820229474f1462dd2ac65f8b	52
com/fasterxml/jackson/databind/deser/std/StdKeyDeserializer$EnumKD.class	4959	0bd418b8219250e5dbb5d69169885d07e553144187f7befbe56008bb68a6a43b	52
com/fasterxml/jackson/databind/deser/std/StdKeyDeserializer$StringCtorKeyDeserializer.class	1389	4358a6cec95a652df45201ca976acc2d5d6b9aa41ade5513a87e67406183abec	52
com/fasterxml/jackson/databind/deser/std/StdKeyDeserializer$StringFactoryKeyDeserializer.class	1256	8955c3631021dc12938d473e830a31d42ce9dd2e819a7e2c0017ee1e56946e5c	52
com/fasterxml/jackson/databind/deser/std/StdKeyDeserializer$StringKD.class	1703	8aad7d95bfb852987d5bd7dacf930f4674c99c521cdcbcbcd94eb61a262b7551	52
com/fasterxml/jackson/databind/deser/std/StdKeyDeserializer.class	9183	5b322f227ef592de51e4c4a2608773b21b5e8ac25e86b3290be7f6a3cf4b392b	52
com/fasterxml/jackson/databind/deser/std/StdKeyDeserializers.class	11050	2c8de6d0ac45dd13d0c41dc61b48e4c2b123f22ae3543393440495aa7eb56225	52
com/fasterxml/jackson/databind/deser/std/StdNodeBasedDeserializer.class	4602	4af4fd29bd83e8f54acc23d5118c4ee8a1c46ea62d75f2f375f9f9f88b819b3f	52
com/fasterxml/jackson/databind/deser/std/StdScalarDeserializer.class	3778	d39f7e1147615c3702ba5a5f7613e87f5ba10bc70830801f6c8c978c71aa0888	52
com/fasterxml/jackson/databind/deser/std/StdValueInstantiator.class	15993	11dcebd7da1c7e9da6fb5c0b724bbf8e72a7f0c18d778709bb07999be9095173	52
com/fasterxml/jackson/databind/deser/std/StringArrayDeserializer.class	12754	51a2882226967295d4f87a253e61166dc5388d8b4832b05f6ff05c6c67135635	52
com/fasterxml/jackson/databind/deser/std/StringCollectionDeserializer.class	14984	934933191a8784473971a4eef6db66c0431e7071901dd62aa119d5fc5894ce18	52
com/fasterxml/jackson/databind/deser/std/StringDeserializer.class	3247	06bc4d04a1d3e2b7a62b1fa69aaa6da3010d11fc4ee298fd10284d0aaf7b3098	52
com/fasterxml/jackson/databind/deser/std/ThrowableDeserializer.class	7843	7b6a0bcf68c37ab0305f286f69583c6b54790f0cce588ccf34ceb7bf6266ef2a	52
com/fasterxml/jackson/databind/deser/std/TokenBufferDeserializer.class	1908	a0b2eae79cf75d485bb838df79629dcd95a014b9f2dd2b0efaeddc7930c01862	52
com/fasterxml/jackson/databind/deser/std/UUIDDeserializer.class	6347	b5838ba87ce829a5194f3578d952b748b7667e1b991e947324a9234a36a00fef	52
com/fasterxml/jackson/databind/deser/std/UntypedObjectDeserializer$Vanilla.class	10329	a83eb66539c44de6eccdf90818e88f5e11db1a13b077d6ea6a0d936bd324d007	52
com/fasterxml/jackson/databind/deser/std/UntypedObjectDeserializer.class	17725	61c4bcfdf7af94456b7a0652c615d91966392793394980e8d3d2e62964775a21	52
com/fasterxml/jackson/databind/deser/std/UntypedObjectDeserializerNR$Scope.class	5204	787f4904050ee2b7331731a87743c5221f6183f97027fbd77852e5f74d6b2083	52
com/fasterxml/jackson/databind/deser/std/UntypedObjectDeserializerNR.class	11269	3fcb899044dfbd6dbbf85da256c49501250b55ad6907c0e95d7462e78e0a5a42	52
com/fasterxml/jackson/databind/deser/std/package-info.class	146	24fa711173c11c5378bd10749e431f7099ce28c04a6fd8b33d0907bf77d59054	52
com/fasterxml/jackson/databind/exc/IgnoredPropertyException.class	2994	25b95feb4ba8d98782e1546ba4374e88f2c2a1753bb832d748d295a4c7a24422	52
com/fasterxml/jackson/databind/exc/InvalidDefinitionException.class	3948	8fb4f0264f7484fb4d7f8bb8987c243116c5792ff58041cc66d29d45a83c25f3	52
com/fasterxml/jackson/databind/exc/InvalidFormatException.class	2578	d11cc7b9e7a359bf9c6e81b6a02bb32066cccb29f945d162fcab75cbab300cd0	52
com/fasterxml/jackson/databind/exc/InvalidNullException.class	2205	79b72b59762fdf4b5b675e743d0b4d64cb190a21ccb176381b2e12fe8cce376b	52
com/fasterxml/jackson/databind/exc/InvalidTypeIdException.class	1419	ae2ad66163e9fb9456882cd419c107b00ab101f64c5ec191cb6aa2b912288bbf	52
com/fasterxml/jackson/databind/exc/MismatchedInputException.class	3167	9ddadcd378fced5f54557ec28369605fd9fd7a4e0e283109149fca245542de80	52
com/fasterxml/jackson/databind/exc/PropertyBindingException.class	3778	133ed0a282cf5da20e87d013c5e11fd1c25e375255131627862d073a9ce3977d	52
com/fasterxml/jackson/databind/exc/UnrecognizedPropertyException.class	3000	fad9b2c4de8b832b48d26a3b7ff194d6d6d57197353e21849b848522ce9ca323	52
com/fasterxml/jackson/databind/exc/ValueInstantiationException.class	1780	4f942d8af13881a68a8e08b58302026a3f82c4e2a9cb0b861356108718bd8104	52
com/fasterxml/jackson/databind/ext/CoreXMLDeserializers$Std.class	3870	c10a6497d53e4524cf501b39612f6824a4f8fc49317d001024610c4dfc13516d	52
com/fasterxml/jackson/databind/ext/CoreXMLDeserializers.class	2849	68b865c535448d7efb18acb0b70678dc34b31eefd5e6292767824a2be00c6907	52
com/fasterxml/jackson/databind/ext/CoreXMLSerializers$XMLGregorianCalendarSerializer.class	5743	fddfac48569cb8fe972ba1a110eee6fb48a39e1807e57a345484106ed3b6384c	52
com/fasterxml/jackson/databind/ext/CoreXMLSerializers.class	2015	3502bd183de9d48306b1f4da474e0d1a4b9c18a7f3af96fdb543f856e06fcaa6	52
com/fasterxml/jackson/databind/ext/DOMDeserializer$DocumentDeserializer.class	1270	9933fc7ea5adc52c3532b636f4ab31bb31adeb92566628360768b14dc54acb6f	52
com/fasterxml/jackson/databind/ext/DOMDeserializer$NodeDeserializer.class	1246	41df914d1f455ae4776f4be674e52f31c82f19f9a94f5c1914f1657cfc9c55c4	52
com/fasterxml/jackson/databind/ext/DOMDeserializer.class	3151	9a921a6590876cf5f87602ff4c687ab955d960f461f15a09bbc44e77135efad0	52
com/fasterxml/jackson/databind/ext/DOMSerializer.class	5370	98f783d0d592fbbcfe12c5bcaa487a5c51317c5066d26df52a5bfb2f03b167f3	52
com/fasterxml/jackson/databind/ext/Java7Handlers.class	1085	87e872097439ee9010f4957b8902b23eb244b7c51f5d49311be0fefe3c401645	52
com/fasterxml/jackson/databind/ext/Java7HandlersImpl.class	1523	6c99ae17a3edd8984a989a7d6474fc68d410a5ba3e5787b892e3f5c162a4c722	52
com/fasterxml/jackson/databind/ext/Java7Support.class	1513	c93ed270fcded3ddbc8496e6c4a94f38933ab6a8bb822223c2201cafd6cf90b2	52
com/fasterxml/jackson/databind/ext/Java7SupportImpl.class	2358	ec34ad35c9c0e0ca03d4b6db4471a08904bb30935e09c30367f5a6d52aa54ddf	52
com/fasterxml/jackson/databind/ext/NioPathDeserializer.class	4060	983ad8f92908d72eb4eecc363c496decaba40ce7b9a61293c358eb77f1b3e8bf	52
com/fasterxml/jackson/databind/ext/NioPathSerializer.class	2724	5cf284a7e4512b95275fec62fbbabda3641b4a549e3f38158898a4545c79760f	52
com/fasterxml/jackson/databind/ext/OptionalHandlerFactory.class	8920	b4abdb2b65e72be454062edb8a12af554bc82fa4bc42771e36632c56029d8b92	52
com/fasterxml/jackson/databind/ext/SqlBlobSerializer.class	5035	828b63b55abbf4d4bbc63f2cbcf8ae740a6fe8f1193deca388013d21b893c56c	52
com/fasterxml/jackson/databind/ext/package-info.class	140	0d1977fcd7b3cd493680b5f9fe29c9ad59d3878ea6b1c67902dc0e46e2680201	52
com/fasterxml/jackson/databind/introspect/AccessorNamingStrategy$Base.class	1330	66b1070742523761abcb1d35f021674f22f4557342e1e4154cf5a1354bec607e	52
com/fasterxml/jackson/databind/introspect/AccessorNamingStrategy$Provider.class	1506	eba983609bb8f6887a40fd277b28f69092432af85b95bbddd466bd412718784a	52
com/fasterxml/jackson/databind/introspect/AccessorNamingStrategy.class	905	687ee17be9e21cd8f0484e6e65677dbd6352037f0b37b4bf26c35150ace24967	52
com/fasterxml/jackson/databind/introspect/Annotated.class	1472	e6437cf957a6e86102fa8ceff1117027a5da86cdc0d35505a29efdf9b887c526	52
com/fasterxml/jackson/databind/introspect/AnnotatedAndMetadata.class	1366	b954d7622fe5f487fc3229e0e69c7eada395b44cb537fc356d75c065f41335f5	52
com/fasterxml/jackson/databind/introspect/AnnotatedClass$Creators.class	1344	29ca7a40c4ec1d42d1bbe5a72a5d72b5241307b1b39ed56f59ea7399f0eba693	52
com/fasterxml/jackson/databind/introspect/AnnotatedClass.class	15377	45a9e7718fc28bc8d78c099c6306c2a7796aa82070d28c35328523c968fad557	52
com/fasterxml/jackson/databind/introspect/AnnotatedClassResolver.class	12581	ba53e42c2b132f81140bbc2611cef8b997d3ca0f9520aabbb329d8c1577e36fc	52
com/fasterxml/jackson/databind/introspect/AnnotatedConstructor$Serialization.class	1155	6d234365cb11afff83d760d469e03c500c93d5d6b250fb9795d35bc027a53445	52
com/fasterxml/jackson/databind/introspect/AnnotatedConstructor.class	7746	00e68f4368b15b42b2540e075f9bda88b3f3a7febcf6f1f15be7baf11c15710d	52
com/fasterxml/jackson/databind/introspect/AnnotatedCreatorCollector.class	14559	81c3ec6a87c3eb34b3721ad4f77f7e6a217ef9abfad0d1bc3e3af5aab835c9fa	52
com/fasterxml/jackson/databind/introspect/AnnotatedField$Serialization.class	940	3c3120512435e55d7147abb45dd3650ad745b16b569b36ebe5280c1ea2555887	52
com/fasterxml/jackson/databind/introspect/AnnotatedField.class	5933	029272ffc66a7fd6db3ad8d8c48c9aa2ec40bd6bfa0d492c8f0f0793b62e0d1e	52
com/fasterxml/jackson/databind/introspect/AnnotatedFieldCollector$FieldBuilder.class	1558	84d466663c2a69dd77ced541a21f9a3a5b13036a2139a7e6f32143058e552ef6	52
com/fasterxml/jackson/databind/introspect/AnnotatedFieldCollector.class	7884	93b3ca11d53a0d707ad2016dcfc17e8b835dc5cab236df8881662bd3862661b9	52
com/fasterxml/jackson/databind/introspect/AnnotatedMember.class	3862	6c9f1433872d54614685192c3fae7196475b30d8325bd0a8fe469fdb1cc5f932	52
com/fasterxml/jackson/databind/introspect/AnnotatedMethod$Serialization.class	1095	dd2a7633b2548fe2c303461d3e1d35615b93f2ddbb69bddfc4350379fdf35246	52
com/fasterxml/jackson/databind/introspect/AnnotatedMethod.class	8939	96f57d6c9e5e73923c468d81e6ce18e0cbe6886d4080c59efebbf1f68cd5569d	52
com/fasterxml/jackson/databind/introspect/AnnotatedMethodCollector$MethodBuilder.class	1654	c9085b1fdf15c6583aebac7964a5514a533313c82e2f4250864cf0ca28482129	52
com/fasterxml/jackson/databind/introspect/AnnotatedMethodCollector.class	10107	82e44ab9986ccf4df8174b4b0fa1ef3661ab599a81d9ea97678cd96f14fb4fb4	52
com/fasterxml/jackson/databind/introspect/AnnotatedMethodMap.class	2452	909c7ca71f953e2abad5b1657006656916fb491d5acf337f5d90afed7fe5b478	52
com/fasterxml/jackson/databind/introspect/AnnotatedParameter.class	4645	4175b038874647e7ec8932109de43791ee8efca12aa1dd09916e42d76f0d7b97	52
com/fasterxml/jackson/databind/introspect/AnnotatedWithParams.class	3530	77b44a09c5dbe40c8cf3fe424c47fcbf378ee6e83009fc3027e8acf53d9fe835	52
com/fasterxml/jackson/databind/introspect/AnnotationCollector$EmptyCollector.class	1725	fe21fe6a4bd70cca89a2a3a4da848bed71d9cccc6260e22d64f7a76fce5e38bb	52
com/fasterxml/jackson/databind/introspect/AnnotationCollector$NCollector.class	3456	00e81742e9c29f7e5431cf60bc4721a7f5e18007ca6d6096154d8f097c4e8ae3	52
com/fasterxml/jackson/databind/introspect/AnnotationCollector$NoAnnotations.class	1490	dbddd86dbbd4755b45986e41b5356f747320133e07578972c6b49d57a7c6fcc5	52
com/fasterxml/jackson/databind/introspect/AnnotationCollector$OneAnnotation.class	1950	249dd86ea5f77961037d0b4ead9bbaf28c2574924618d0d854b445a3907720a0	52
com/fasterxml/jackson/databind/introspect/AnnotationCollector$OneCollector.class	2412	c89f23da94581ba8bf36006d97895667e0a1b0f8c977941ff69909ad35dd38e2	52
com/fasterxml/jackson/databind/introspect/AnnotationCollector$TwoAnnotations.class	2258	5e4fb7b5abcf4504317333b8d16c7df14398475cd750b720ad70b972e52b2c5b	52
com/fasterxml/jackson/databind/introspect/AnnotationCollector.class	2167	318170dd16e36a1a0088af909809c9e390e4e4a1ad0229167ac44aa41250697e	52
com/fasterxml/jackson/databind/introspect/AnnotationIntrospectorPair.class	33262	c7bd9686fb9979632ae68fdec82ba1d13d284737785657c3662dc5b7d94b27d2	52
com/fasterxml/jackson/databind/introspect/AnnotationMap.class	4267	bc461332e33019fdf570ab95ab56aa0dda3b08956e765053a180ddcfcb1edb8c	52
com/fasterxml/jackson/databind/introspect/BasicBeanDescription.class	22257	74ec5fbd8a990ef852d6bba24e9572cd622c46b6c800be9a7c8e20a7845934d8	52
com/fasterxml/jackson/databind/introspect/BasicClassIntrospector.class	12803	cdcdad920c01c584aa23fa64de2fb55840669ad1219290d82d90beb8f24c80d3	52
com/fasterxml/jackson/databind/introspect/BeanPropertyDefinition.class	4725	f35e7342a4fa7979bf2d44dd6a63e60c9322379e2cffec92349e3c2e2999a6e3	52
com/fasterxml/jackson/databind/introspect/ClassIntrospector$MixInResolver.class	510	d4b8c47ed0a626b14f9a5b0c893920088721f57bce428d7ef21b45835a5b331d	52
com/fasterxml/jackson/databind/introspect/ClassIntrospector.class	1933	3620451b755d1c85b94060283bf72fe560c8e8aea538f5a8b3ae7ba5ce8db623	52
com/fasterxml/jackson/databind/introspect/CollectorBase.class	3975	85c8edba5af1fae3cb0888712dcc0548e576dd8056495470b80ccc5ca25dc5c2	52
com/fasterxml/jackson/databind/introspect/ConcreteBeanPropertyBase.class	5640	fdb906f54d42cd5185c718ff624db0adba33363b6cf9cdc748c3bd2e36b4dee7	52
com/fasterxml/jackson/databind/introspect/DefaultAccessorNamingStrategy$BaseNameValidator.class	370	d9ca3c5ec3c41a99f5e2b7202ee361f4a6064b9209674fe93b823e10e8f161b2	52
com/fasterxml/jackson/databind/introspect/DefaultAccessorNamingStrategy$FirstCharBasedValidator.class	1457	0e07dde57abd8ce63d7b3f37414276d73fe681fb49cfbb188e4a13058eb7e4b0	52
com/fasterxml/jackson/databind/introspect/DefaultAccessorNamingStrategy$Provider.class	6545	587e6ce56ce50dfabd699a2be4181c5c0677b37a82d9bacd19b4d6c4bed52240	52
com/fasterxml/jackson/databind/introspect/DefaultAccessorNamingStrategy$RecordNaming.class	2612	3a4a0811ccb80c08d4401c0173788857e39eb079298c87578839bbb5fac4cd73	52
com/fasterxml/jackson/databind/introspect/DefaultAccessorNamingStrategy.class	6742	2ad7846e778d74d45f956a0bdb95d0573532039b20d98e1cd89c4d19aa876330	52
com/fasterxml/jackson/databind/introspect/EnumNamingStrategyFactory.class	1650	7a20736fa641a4cd5066e378140f197a2cb2535a35539a00fc6e89fce71b986e	52
com/fasterxml/jackson/databind/introspect/JacksonAnnotationIntrospector$1.class	1195	93492fee49957b586c993f77f1772c952f93b06d8eb7f161392d903697a17f7f	52
com/fasterxml/jackson/databind/introspect/JacksonAnnotationIntrospector.class	63006	9a024725c11bec6017d00e0fbb424dbc3c7c91f6ce0c35dfd120cef8ad39f443	52
com/fasterxml/jackson/databind/introspect/MemberKey.class	2744	5c6ef3282815a8b5965b03a59a39372a6c486a08277a4a4bf13e857ec66c2786	52
com/fasterxml/jackson/databind/introspect/MethodGenericTypeResolver.class	7075	f0ffb1e4bc9d2ae1f6707fe6f55a849a49d862c4ca0ded62d3dcc7948b564987	52
com/fasterxml/jackson/databind/introspect/NopAnnotationIntrospector$1.class	787	2e65540d8a9478c3cb523a16888f629272a39276227777ea133090db5b28fc78	52
com/fasterxml/jackson/databind/introspect/NopAnnotationIntrospector.class	891	17f3671498687945dee7efd251e31550ad7fe2d6f6bf6beeeb8ecd4c728f6ec9	52
com/fasterxml/jackson/databind/introspect/ObjectIdInfo.class	4066	330b0eb3340ab5bd8cc06701de1e8e360abb8228b3151d72647cfbc80da5950e	52
com/fasterxml/jackson/databind/introspect/POJOPropertiesCollector$1.class	1689	2f826646a25a5590581d70a7e3935da67a0a0298c0004205d5b0c2012bef5ab3	52
com/fasterxml/jackson/databind/introspect/POJOPropertiesCollector.class	46705	e6323844c2396a2d5aff367093f7ff349caa6e147bfb7353e8c696ecb5673ff9	52
com/fasterxml/jackson/databind/introspect/POJOPropertyBuilder$1.class	1682	0ddb1c24a9094d0574ef3c4a31252208c12cd5d58d8faed9c7d7b5c25a72b40c	52
com/fasterxml/jackson/databind/introspect/POJOPropertyBuilder$2.class	1788	aebc53e5d5571a43ef78070710e3c6f62e40dddab4174c3defd1756e09573c87	52
com/fasterxml/jackson/databind/introspect/POJOPropertyBuilder$3.class	1494	d1072b7f6b9b7d4bda5dd3a113b018c33a8b35682224558180dd0836415cb0e0	52
com/fasterxml/jackson/databind/introspect/POJOPropertyBuilder$4.class	2148	dacf3af22fab128890c710c52376c826663ff28b8323b6d9363e27cae104e3a0	52
com/fasterxml/jackson/databind/introspect/POJOPropertyBuilder$5.class	1878	64be14461f36b3138de07f696ec90048e756a02e6c2a4aa7ec0f8f26b9e7473c	52
com/fasterxml/jackson/databind/introspect/POJOPropertyBuilder$6.class	1041	2aea55fd66967c8ca86c4edc0ddd34e6115eac3dae1b0d36025b160aae14afd4	52
com/fasterxml/jackson/databind/introspect/POJOPropertyBuilder$Linked.class	4447	6cb047ff155aa6a93ab6d29ffc94c82d65301b8d782f2d6bb8fc1d6f5032f3e7	52
com/fasterxml/jackson/databind/introspect/POJOPropertyBuilder$MemberIterator.class	2120	1e7ad3cc07a972aad14d5063b50fb2789e1a5bcbcaf792f2f1cb170a17219cec	52
com/fasterxml/jackson/databind/introspect/POJOPropertyBuilder$WithMember.class	524	a40475252aa94b3a708514dfd1d6ea68b67ecaf1435522448059155d92bd57fd	52
com/fasterxml/jackson/databind/introspect/POJOPropertyBuilder.class	39501	ecffc3bf183953925a7690b4742e4c3147a54ec9a8a3a1aff0201cb7adbfc714	52
com/fasterxml/jackson/databind/introspect/PotentialCreator.class	7340	039db7382f565304817a2e89983f969bb75713de61c5c844b5293a18a46bc85c	52
com/fasterxml/jackson/databind/introspect/PotentialCreators.class	3575	7547d8b08bb756bfa6b1dcb14c9f86de4e3e2e6866a76864193918ff08ce8490	52
com/fasterxml/jackson/databind/introspect/SimpleMixInResolver.class	4371	15198a315f014f03bd720969cc53774a7e907c22c64de15ed0da44f353d59e67	52
com/fasterxml/jackson/databind/introspect/TypeResolutionContext$Basic.class	1218	6c445c88cbebb4b9748637fad871f7974abca43312e0477d3c0cec1baf76b1c4	52
com/fasterxml/jackson/databind/introspect/TypeResolutionContext$Empty.class	934	c23caa8288ecaf93ecf6a9f7e0993fe4adfd2ea7415b80c935c517a462293a67	52
com/fasterxml/jackson/databind/introspect/TypeResolutionContext.class	462	a0f5b18270d8c3e561dc50141f7be142c397626b4b4b7772bb7919482c5310b3	52
com/fasterxml/jackson/databind/introspect/VirtualAnnotatedMember.class	3939	53c2d4fd5f83a348f5d3e1a5b3cafcbd592168842b92e1cdd7c7536f1427c170	52
com/fasterxml/jackson/databind/introspect/VisibilityChecker$1.class	1041	e22df6b51aaf9982be88c65df722b3dbb956da677d5b036269191191b3671bd3	52
com/fasterxml/jackson/databind/introspect/VisibilityChecker$Std.class	9824	388a5ce8969fc99680f0b5ddf401de78f1dbdaaf60fc76668d436547c3ee354a	52
com/fasterxml/jackson/databind/introspect/VisibilityChecker.class	2271	716d7d2170f823557c1943e29dc53bfafca75e2836470b8a23b484e10d807f7a	52
com/fasterxml/jackson/databind/introspect/WithMember.class	384	523b516cb2c0cdacaf00715edea7b3ade62070a443c2071c4ea5d50f022c7123	52
com/fasterxml/jackson/databind/introspect/package-info.class	147	5d29d56f0644361285ee3fa1e4eba9a0d311d373ed33448ff473055cab111aed	52
com/fasterxml/jackson/databind/jdk14/JDK14Util$CreatorLocator.class	5043	89f859855e366937f120d7270abe5c1aa6a7cb68842d843d0133724dfdb7da4f	52
com/fasterxml/jackson/databind/jdk14/JDK14Util$RawTypeName.class	855	f39b9b2227d36586e1748f38761f44d138ba8b05381e3a294e185834b13e0ded	52
com/fasterxml/jackson/databind/jdk14/JDK14Util$RecordAccessor.class	4691	d65d6590ed1e492983fa948e4dd0639f5ff957a517eff2b717018e7a63a02c84	52
com/fasterxml/jackson/databind/jdk14/JDK14Util.class	6764	da8fdf1362b72a3c7d382a36f4c5f9d179716a45a5c7727ae052ae9428f81b63	52
com/fasterxml/jackson/databind/jdk14/package-info.class	142	fc5eb46ea9fa501da6246420bf607d4afe27f97db3e82ce8357660b1d0a86b56	52
com/fasterxml/jackson/databind/json/JsonMapper$Builder.class	3265	df9f9c3dfb8a110ae3971738f1c72364e3296d15f4cc7e5006043e4d4907f811	52
com/fasterxml/jackson/databind/json/JsonMapper.class	3021	559386fb988b332630ac8ed3815ba65b561354b12e22bb3823e5b18b4f8a4289	52
com/fasterxml/jackson/databind/jsonFormatVisitors/JsonAnyFormatVisitor$Base.class	511	9c90a471f938304d81681efa85ab6216547364489162f82b25e3151eb0928e30	52
com/fasterxml/jackson/databind/jsonFormatVisitors/JsonAnyFormatVisitor.class	290	6537c21e90752361e1758abc805c402147fabc1e64f50dcf0f6fea938bef8e56	52
com/fasterxml/jackson/databind/jsonFormatVisitors/JsonArrayFormatVisitor$Base.class	1617	4def1c4b848dc4eb1c8f4a1dd8e4a12eb52255c22940b4eec20258c631168bd5	52
com/fasterxml/jackson/databind/jsonFormatVisitors/JsonArrayFormatVisitor.class	704	7b5b6a1efce4ef56c58e9dfb47e51243d2a3035f705645c6436eb8ec862a3ecb	52
com/fasterxml/jackson/databind/jsonFormatVisitors/JsonBooleanFormatVisitor$Base.class	674	1d5753c81df291583ebec4d4686a5e2ab2d4b2b57b5b3909fa71dd10c09dded8	52
com/fasterxml/jackson/databind/jsonFormatVisitors/JsonBooleanFormatVisitor.class	382	11d6b9b9c21fd000ce1b4104c38beb73498c2cbf4270edc17e14c6c6c4d0b16e	52
com/fasterxml/jackson/databind/jsonFormatVisitors/JsonFormatTypes.class	2400	84d0bc76778c029593792f604faddc3e24bb3ab5ceef87d0b69eee2c3cc74b4d	52
com/fasterxml/jackson/databind/jsonFormatVisitors/JsonFormatVisitable.class	406	30d045e3ec30b25cf424111f05412d5efb2cb6540f60e4f77991bf3119b42f48	52
com/fasterxml/jackson/databind/jsonFormatVisitors/JsonFormatVisitorWithSerializerProvider.class	366	27174cb6ae11299772c2f478ef2c5b04114222eb802c9049c44651022a678fe4	52
com/fasterxml/jackson/databind/jsonFormatVisitors/JsonFormatVisitorWrapper$Base.class	3064	61721135d986105a35826d4154dd261377e99fe56adba83f1361274149230934	52
com/fasterxml/jackson/databind/jsonFormatVisitors/JsonFormatVisitorWrapper.class	1895	ef9f0fdb1c94dbcb0608618d44ddc531d9399ce7ff5eaa8f1378ac9e3f1abdc9	52
com/fasterxml/jackson/databind/jsonFormatVisitors/JsonIntegerFormatVisitor$Base.class	988	a937c95699fb86d2f77a42eb642b508fc2b29117a8bfcf41996788373232db7c	52
com/fasterxml/jackson/databind/jsonFormatVisitors/JsonIntegerFormatVisitor.class	577	5e4d58177ec0bf76227a5f244e2f0aac95a36d1f3653cbd8d053d3a75bf644a3	52
com/fasterxml/jackson/databind/jsonFormatVisitors/JsonMapFormatVisitor$Base.class	1487	0f42ee3ddb3f0454357116226eda208608a3e20544969aa299df19e123bb34ef	52
com/fasterxml/jackson/databind/jsonFormatVisitors/JsonMapFormatVisitor.class	637	09c277efc9a25117f80ad982a613a4789ae36634218d4aa64c31ee9af934fa65	52
com/fasterxml/jackson/databind/jsonFormatVisitors/JsonNullFormatVisitor$Base.class	515	c59d96cb26e61c293c9eca1d8c9d97ec3aae1534bc93a3c91664197b654f000c	52
com/fasterxml/jackson/databind/jsonFormatVisitors/JsonNullFormatVisitor.class	293	c2ba05a1dcb1cb020947ad5c1841ad650ec8e92027a2abe16e9f096803871b5c	52
com/fasterxml/jackson/databind/jsonFormatVisitors/JsonNumberFormatVisitor$Base.class	984	8480612701dccbb132ebe4c52aa63ad0080a62b23e393d2390cbbe2067079f51	52
com/fasterxml/jackson/databind/jsonFormatVisitors/JsonNumberFormatVisitor.class	574	421f9146d5a99cf22c2d085e8c8c691999bf245576c128ae4671098b2a8519d3	52
com/fasterxml/jackson/databind/jsonFormatVisitors/JsonObjectFormatVisitor$Base.class	1826	cbfe0ab4a62f5477fee5f4ccb180faf87dbd5fa7965cc39e04e2288fb437ab8f	52
com/fasterxml/jackson/databind/jsonFormatVisitors/JsonObjectFormatVisitor.class	755	635feaa860ad0b55ef9d2bb867209762b2ae306c21454da9c42b56e1181a40a0	52
com/fasterxml/jackson/databind/jsonFormatVisitors/JsonStringFormatVisitor$Base.class	670	67cf18210e731289d3f052c2c45fcfcacf3af921b5c81a0a0e96ffbeea430853	52
com/fasterxml/jackson/databind/jsonFormatVisitors/JsonStringFormatVisitor.class	379	3f8f67ca1562cd6cc06e22d6820a00a235ee6ffdd8b116415e55325e9c38eff6	52
com/fasterxml/jackson/databind/jsonFormatVisitors/JsonValueFormat.class	2374	5e4bab33b294883019822f0f6238091a3619cda5ea86143ebefaa2168f82ce80	52
com/fasterxml/jackson/databind/jsonFormatVisitors/JsonValueFormatVisitor$Base.class	1006	5cff9e214600305d404e94e2f1971c32b26b26c155130ce306ef1c34d02408d8	52
com/fasterxml/jackson/databind/jsonFormatVisitors/JsonValueFormatVisitor.class	488	d8e6a8bce65b59cec3300fb2b509263ef303ca3a9f04f550c32301189b3c9081	52
com/fasterxml/jackson/databind/jsonFormatVisitors/package-info.class	155	5d674ec2d3358c672a61ca3609a006de92c11294653273637f24da3c5932c61e	52
com/fasterxml/jackson/databind/jsonschema/JsonSchema.class	1785	e20e08778cf94d7ae5b8b2933d99e2c1f623d469633b6288fe33b182aa12cd84	52
com/fasterxml/jackson/databind/jsonschema/JsonSerializableSchema.class	858	82d8e517be62d59479d047f1442654027efe052b4bf191d3c4b806a0068a36a4	52
com/fasterxml/jackson/databind/jsonschema/SchemaAware.class	590	1ea7e0ab85088b8aaa46f50d4c3dfb41b7865f5ee171b280c1b8f81bd8cb9055	52
com/fasterxml/jackson/databind/jsonschema/package-info.class	147	399278a3f4fdd092533f2ea37864a9861ab371b0b37f2cced7a8712c4d54839a	52
com/fasterxml/jackson/databind/jsontype/BasicPolymorphicTypeValidator$Builder$1.class	1680	a0cb682470998dc380d35f1eb5b92bd9dc2eb1014c07872f403d8f9a709a4bbb	52
com/fasterxml/jackson/databind/jsontype/BasicPolymorphicTypeValidator$Builder$2.class	1883	512fa413bca98944f9db59a77da77bb279d1249a417c62e6c7bf903f0fef9eff	52
com/fasterxml/jackson/databind/jsontype/BasicPolymorphicTypeValidator$Builder$3.class	1769	5b32ce129ce49c44950a779a6d49edb6c78d7ea3d3b94e2fb82e2f1a62a4abd1	52
com/fasterxml/jackson/databind/jsontype/BasicPolymorphicTypeValidator$Builder$4.class	1680	ebbc91325f2dac415a50864a29fc60ca1bebaaad18f10734ed7b74e84d9d1c59	52
com/fasterxml/jackson/databind/jsontype/BasicPolymorphicTypeValidator$Builder$5.class	1789	31a332c3d6cf36d725f99a27968a208aa90a7c0f69a60c4fe2d76ff523f3cb27	52
com/fasterxml/jackson/databind/jsontype/BasicPolymorphicTypeValidator$Builder$6.class	1654	831b692751b65d32a8148961b733419a60e3fb0f264c235a03ae8711c0f3a980	52
com/fasterxml/jackson/databind/jsontype/BasicPolymorphicTypeValidator$Builder$7.class	1582	e0e18e6d025699477b16f1018ad82de7030efce8e3501dbcc085b56811f04b1a	52
com/fasterxml/jackson/databind/jsontype/BasicPolymorphicTypeValidator$Builder.class	6098	79c2ac1dbe19e47e5db17bb4ce83c41d8d2fd87975de6ac5116942f5d1a2bdde	52
com/fasterxml/jackson/databind/jsontype/BasicPolymorphicTypeValidator$NameMatcher.class	721	4af51abe617632843256983eeb5fc5f833b9316361f752eab7985088d6686567	52
com/fasterxml/jackson/databind/jsontype/BasicPolymorphicTypeValidator$TypeMatcher.class	722	bf967f83360efc01e1d220edbd7145ec6f77a417be2eb6332e2b675594d2476a	52
com/fasterxml/jackson/databind/jsontype/BasicPolymorphicTypeValidator.class	5508	eccdf0c9121df866306fb956fbaf7aa1f37a8c5b255bb2819350ad12368459ae	52
com/fasterxml/jackson/databind/jsontype/DefaultBaseTypeLimitingValidator$UnsafeBaseTypes.class	1539	fe21d4733124aeb8ac52ae9eb6f8e3bc2663d0e8966663f90a745958314483cb	52
com/fasterxml/jackson/databind/jsontype/DefaultBaseTypeLimitingValidator.class	3794	9d4163166f6d802c89069efa6ee50b5f2893876aba27637dcc3614d8e53d842f	52
com/fasterxml/jackson/databind/jsontype/NamedType.class	2379	5a4104fc479da8eaa2915e34485fab6d79f81397ba2548e15197db7305d3ca23	52
com/fasterxml/jackson/databind/jsontype/PolymorphicTypeValidator$Base.class	2656	e1a62189462806cea857acbfab9fd21154b0add3c154b0018d2417c83b00df17	52
com/fasterxml/jackson/databind/jsontype/PolymorphicTypeValidator$Validity.class	1445	c9a5eb70c48bc64f36be59916257e46dda2daab9318a99ca09fcb47687200dc6	52
com/fasterxml/jackson/databind/jsontype/PolymorphicTypeValidator.class	2037	caf69d463a463f8ec14f60f13b5a13e8a4a2ed67e2bcfd29aba1556e2aee137d	52
com/fasterxml/jackson/databind/jsontype/SubtypeResolver.class	3944	b6e66ef3b3f4acc1a795bfdc65e04d4c65cdc1309eb35834ac84aa5b717d67fc	52
com/fasterxml/jackson/databind/jsontype/TypeDeserializer$1.class	971	115db9176a24bc27a6a79c259a66c1a1eda40246049f46ae6f9c7363e0a452a1	52
com/fasterxml/jackson/databind/jsontype/TypeDeserializer.class	3338	0bdd141272e157b6941812fd7459ad2e3af7bc8ca7577cf0f61ba5ffaa456d0e	52
com/fasterxml/jackson/databind/jsontype/TypeIdResolver.class	923	515acbfe92e0281d1f3cc47c178c0e5856bd7edc8a6bb5d23f514b434ba99bed	52
com/fasterxml/jackson/databind/jsontype/TypeResolverBuilder.class	4165	97a1ccdb8bf4bc0ad645b465d1b832a9ee1237abaf187321d4a4a06bef63f15d	52
com/fasterxml/jackson/databind/jsontype/TypeSerializer$1.class	1079	e35856964e8ff84bbdd3db35b356f2912eb427ac59e76406c48ec707ff82804c	52
com/fasterxml/jackson/databind/jsontype/TypeSerializer.class	6570	ea78d1d4f83f4489088a153d4d719724f383c885a4a9e1ebcd3d20d80eafd610	52
com/fasterxml/jackson/databind/jsontype/impl/AsArrayTypeDeserializer.class	7142	fa59dbe62e4f455b03dbcbcc9e931cf07c87837272cca149099326e581e8823f	52
com/fasterxml/jackson/databind/jsontype/impl/AsArrayTypeSerializer.class	1523	c65d74c5bab59fc93896bbc09fa51917ab4054ce4705c1ba1cc0fc1d30560b9a	52
com/fasterxml/jackson/databind/jsontype/impl/AsDeductionTypeDeserializer.class	9365	f15901aa0a77c9b9e600e5260232e11a4da1cac00836cc45088464f255197de4	52
com/fasterxml/jackson/databind/jsontype/impl/AsDeductionTypeSerializer.class	2836	37a5fb1c078af337337e12595e0fc1920e10891b02b69c37d11c2c23aa7bef87	52
com/fasterxml/jackson/databind/jsontype/impl/AsExistingPropertyTypeSerializer.class	2035	95af7aee3e2c7ef64d257af3fe50209f2849c2998d8753cb125c82eb502bba98	52
com/fasterxml/jackson/databind/jsontype/impl/AsExternalTypeDeserializer.class	2044	054edfe6f8ce69539e412ec06d71a7dcc8a030f7a5c767a84c2631b110cfc022	52
com/fasterxml/jackson/databind/jsontype/impl/AsExternalTypeSerializer.class	3170	6e76c27eae8beb805df721e2152badc4880dffbc7f8cd259df63f28acd2efe1f	52
com/fasterxml/jackson/databind/jsontype/impl/AsPropertyTypeDeserializer.class	9435	b1c162b2af58b13642a1532ba070efc4e30d95be3db3d663de8d0aa20c7db924	52
com/fasterxml/jackson/databind/jsontype/impl/AsPropertyTypeSerializer.class	2038	339638c9fc64bc305d5559e8fb509bd15d22708f0e19377a936b6a11c0e8838f	52
com/fasterxml/jackson/databind/jsontype/impl/AsWrapperTypeDeserializer.class	5942	bc7a933d7e421c50e92fe107ac0c151efd2cad4d8edef8b4d65552001fa82122	52
com/fasterxml/jackson/databind/jsontype/impl/AsWrapperTypeSerializer.class	2141	83facc80306581cacea852569930b958cd788bc0c836aed640e1c46e350f3b8b	52
com/fasterxml/jackson/databind/jsontype/impl/ClassNameIdResolver.class	6555	1d157c08ab4c0cbcbe746ec0e4c28bfe498492db4a43aea73c1bd900368dec58	52
com/fasterxml/jackson/databind/jsontype/impl/LaissezFaireSubTypeValidator.class	2737	0c4c2856f8b82b34260ddb34742b728487e0241a0cbceeb96005486aa5f361c1	52
com/fasterxml/jackson/databind/jsontype/impl/MinimalClassNameIdResolver.class	4231	7d1fb412e00a67a4b6958b0635fe8c86da2b89f9400dc52d383b0726ca9309ab	52
com/fasterxml/jackson/databind/jsontype/impl/SimpleNameIdResolver.class	8456	407c75f97b8d5f16dc3921a110334d3922d3e64f186de7a627dc0c8b4c093cb0	52
com/fasterxml/jackson/databind/jsontype/impl/StdSubtypeResolver.class	11274	67c239bcfabc01f0d887c501d7000f03fa5b3cf21929b47b006fbd659b436553	52
com/fasterxml/jackson/databind/jsontype/impl/StdTypeResolverBuilder$1.class	1738	b99e38ad34dc057d5155bed54bf65fa7e54bb1c092aa08d74a88c1f04ff66662	52
com/fasterxml/jackson/databind/jsontype/impl/StdTypeResolverBuilder.class	20263	3c57af2159a0fcddc1b2f49dfdb48086991cf2dace05ecebbab90beb34f17c18	52
com/fasterxml/jackson/databind/jsontype/impl/SubTypeValidator.class	10141	87ed2a6237b2650d045c0b917be8ed8fc1d30e263c2c49566fe0c7f398818096	52
com/fasterxml/jackson/databind/jsontype/impl/TypeDeserializerBase.class	9359	6bf2356d281ce53ab03101948cbc3e0823b92f092845adc1374ee520049464ba	52
com/fasterxml/jackson/databind/jsontype/impl/TypeIdResolverBase.class	2528	3021577654d4df2ea549b48a66668e4b16713075232f44837d091800717994bf	52
com/fasterxml/jackson/databind/jsontype/impl/TypeNameIdResolver.class	8386	ea481efd64f327fb62eeb1bf68d4fc77f8f0af1a70ee5898d24e1eb761b832b2	52
com/fasterxml/jackson/databind/jsontype/impl/TypeSerializerBase.class	4018	7489fcc951bcd3c0cac4b5c47f3302bfdf1010dc8cc46cfa0e08e864233c120c	52
com/fasterxml/jackson/databind/jsontype/impl/package-info.class	150	8d32c3922f68a32c28c41bb92a9abced1c0524c7e9ef3b1fed57c603da548386	52
com/fasterxml/jackson/databind/jsontype/package-info.class	145	6581d340448ff8489b01f62b8575b9405f7c616034393543ae78ff6c1ae106ff	52
com/fasterxml/jackson/databind/module/SimpleAbstractTypeResolver.class	3586	2f56743edddc84eedef467a0206da7e37927d554849e0817b04257dabfa6f33e	52
com/fasterxml/jackson/databind/module/SimpleDeserializers.class	11445	f505c92d87138e6ae21b850eb69ffb82829168c22c138a01c4b4c0254acc48d2	52
com/fasterxml/jackson/databind/module/SimpleKeyDeserializers.class	2244	959660beaf4f00b7ed29c1c7ac91fa59f6fe793befd8be1e58cf676ce0f39702	52
com/fasterxml/jackson/databind/module/SimpleModule.class	16035	0916fcf69dc9d5c29cb47ad1e587dd17121dd406f3328f13a524a07b90dfad5f	52
com/fasterxml/jackson/databind/module/SimpleSerializers.class	10489	f18a8db4da3fc084f2f0ab7ce2ccf83fde3987e72df2277f500382f584011bd1	52
com/fasterxml/jackson/databind/module/SimpleValueInstantiators.class	2376	d5820816076614f9884913d5e5122d5aa913cd0b311188b1ff7176f38d201367	52
com/fasterxml/jackson/databind/module/package-info.class	143	efbde429c266015cb9f83a5ca3f2ab049587504fbedbd49f5d37bf10c1e3c71e	52
com/fasterxml/jackson/databind/node/ArrayNode.class	27426	14ed6dd47bd33fb739e69bb417135713732986429732c905f9a9aa04d8ca2249	52
com/fasterxml/jackson/databind/node/BaseJsonNode$1.class	999	945c50c7d118bb85e3493a0d45f35a852a74bf72c5f712d0b74e92e6c7b99eaa	52
com/fasterxml/jackson/databind/node/BaseJsonNode.class	8301	c90f2b52c0fb6f103149055112d346722102e080691cd580649856e299c40db6	52
com/fasterxml/jackson/databind/node/BigIntegerNode.class	3942	ef28fb0f29d9f0fefb07714addd8b63421721ca493ee30f7acc65482118831b2	52
com/fasterxml/jackson/databind/node/BinaryNode.class	3340	87cd6db332bd2a7b62dfd01d8cb7cbf130857723403689b920a13c6eaa462701	52
com/fasterxml/jackson/databind/node/BooleanNode.class	3080	5fe8d91be2e593411527e3b8ae12e01e519e66c7f9758511249970b462882ce0	52
com/fasterxml/jackson/databind/node/ContainerNode.class	8287	4c61a10e8f0887fb5d29630395823476c6ea512ba59caabfadd8424fd32c0f2f	52
com/fasterxml/jackson/databind/node/DecimalNode.class	4124	1b12dac376a2abdb8e8a2cd93ff7f18bde22d5a0a2406b4aa2a8a586f92decac	52
com/fasterxml/jackson/databind/node/DoubleNode.class	3829	4b745596e7d717a5862738c18a51a842dc7b81cf736f58a79d1e923a5ad620e7	52
com/fasterxml/jackson/databind/node/FloatNode.class	3764	8f9e95f4e19014795b9478d85dc25c78d550a16d92158be97e449b4e44fb4b36	52
com/fasterxml/jackson/databind/node/IntNode.class	3713	fe9915ea775dc525ff91f41c2d08c94b1d4662b03724daf687479779224347b3	52
com/fasterxml/jackson/databind/node/InternalNodeMapper$IteratorStack.class	1396	c6b3a999b9728735d2338453abac6594cdff6c8c274b9d138059b0fbca8889cb	52
com/fasterxml/jackson/databind/node/InternalNodeMapper$WrapperForSerializer.class	4651	08408340049dc678baa1f621b93e9b0157d445a22c9fa1c4acd9d42b98a576ac	52
com/fasterxml/jackson/databind/node/InternalNodeMapper.class	2619	45c8112218bce350f6047ee0beb81dd1ff146589626303ddac04e69c858514dc	52
com/fasterxml/jackson/databind/node/JsonNodeCreator.class	1944	72edf5d6f29a09e5362e8dae9fa7b4ae352180fe99d901cc42f0d0bd27a5c8c5	52
com/fasterxml/jackson/databind/node/JsonNodeFactory.class	8876	7bdbf8ef9492a7e30f179c86c38a3d525b4c7600a35e7b1de020992b586a7a69	52
com/fasterxml/jackson/databind/node/JsonNodeType.class	1485	8ef5959ccede7b0c99d0738e6d99e231db69b773cf056b1decf2e2f3c1a476ed	52
com/fasterxml/jackson/databind/node/LongNode.class	3440	f111b93a99dff6b4a957f07ea97a52e3dc63eb792817a8566d05e2056170e9cd	52
com/fasterxml/jackson/databind/node/MissingNode.class	3311	85a8ee66f4d96d48c0c64b81ef61fef76ea437c6484386dca9eb43fc15db458f	52
com/fasterxml/jackson/databind/node/NodeCursor$ArrayCursor.class	2052	47b4fcc53bdc953a756d6258b8843e4cf4dd5eb4a56d0dd931ac96cf0917a608	52
com/fasterxml/jackson/databind/node/NodeCursor$ObjectCursor.class	2595	39ec89cdbf35d1eaf99e1d2d47fee3364444f930eca384c34a34063b30e84c68	52
com/fasterxml/jackson/databind/node/NodeCursor$RootCursor.class	1931	dafd92ec202ddce82edff04c0090bcb2b8239cb32f69b060757acd50fe5c484f	52
com/fasterxml/jackson/databind/node/NodeCursor.class	2626	38e893392c82be317960f0bc0adf5a21159a7c3d42ccbe67357d184952467022	52
com/fasterxml/jackson/databind/node/NodeSerialization.class	3395	01ce2935a6d087c720cd651952c8b4bd1536c1d4cee76aae4f9859a8c15a0bf9	52
com/fasterxml/jackson/databind/node/NullNode.class	2535	a634aee22b5d83b98f992580000b8cbb3baeda92e9c3a83f04b6ff3b1dc10c48	52
com/fasterxml/jackson/databind/node/NumericNode.class	1785	dba82c307cf1ad78951c7185d668bab757452263b3e2985c6969fe8b07a7260f	52
com/fasterxml/jackson/databind/node/ObjectNode.class	27348	cc61e230264e89174ed3a3fde0e0bf4025c4c7014f3c20226af657da42561aab	52
com/fasterxml/jackson/databind/node/POJONode.class	3523	66fa4df0ddac6b292e01cc6460d6338744c0134ddae4fdc1939db109b1c10bcc	52
com/fasterxml/jackson/databind/node/ShortNode.class	3355	785cd40d4c07d13be24d2c2f32ba778819007f5c05f050b5febbb6d1c71bee30	52
com/fasterxml/jackson/databind/node/TextNode.class	5248	e3b9afdb96eb51cc17893a45e86eff505e168cffcc65560fbc062cd7c946f705	52
com/fasterxml/jackson/databind/node/TreeTraversingParser$1.class	1195	3eee48087198acfeb2f8d7e0b1537ffefe1c38cf6a2e83b9bb5e99a39c22242f	52
com/fasterxml/jackson/databind/node/TreeTraversingParser.class	10006	5b8fb6c556a4d7b24d16a782cfe91e3b9aaee6bc6a81a9935fb234197d52ca69	52
com/fasterxml/jackson/databind/node/ValueNode.class	4486	105aa982633ee918194739beff84b08e75bf1649e364bb16327daea248cfb4c8	52
com/fasterxml/jackson/databind/node/package-info.class	141	222b556be48eab13c86fdff7f4bade6e462261f925bf3211f5610d50281f2fff	52
com/fasterxml/jackson/databind/package-info.class	136	aeb123fa86a1550c03ee01f62a4955e48e7f969dccab56a2e65f497ac37777b2	52
com/fasterxml/jackson/databind/ser/AnyGetterWriter.class	4871	a3bb8a207e99a86d0f12871dadb581630a060aa10af3e7e022c6a081577971a8	52
com/fasterxml/jackson/databind/ser/BasicSerializerFactory$1.class	2177	b5bd24cff107bfad3d4b07b300ae19044f2bfb7f0292e75c57392c3202f477f7	52
com/fasterxml/jackson/databind/ser/BasicSerializerFactory.class	49712	3615194ef7bd4d1c75cd3f7213d380aa49465d300a06b44a93afb0f692df3a78	52
com/fasterxml/jackson/databind/ser/BeanPropertyFilter.class	965	86aa5a5490cb69f8e856bce421cae89f5b8185e84fc5cdb44173678d0099b3a0	52
com/fasterxml/jackson/databind/ser/BeanPropertyWriter.class	23071	c932b79fd6ad38223ef67c9a5568fec70e38ac4989f359fa7832cd132d5d153c	52
com/fasterxml/jackson/databind/ser/BeanSerializer.class	6746	67df6bd38cb305dccd85f53ef5a7b8a8d1d5adcef9b97cad726a2080cc14f39d	52
com/fasterxml/jackson/databind/ser/BeanSerializerBuilder.class	6876	7496de090564aa1428743268f438e9a03341258a80500a471032a67eb6fa7998	52
com/fasterxml/jackson/databind/ser/BeanSerializerFactory.class	36346	f00f7b306a6df9553335596249685aa7a7a0530799f87aa4412da049b6b90edc	52
com/fasterxml/jackson/databind/ser/BeanSerializerModifier.class	6808	0b8331aa3ac059c7fe804321bda61bdfa07ee4d6e3d4ee4721f9ec23e37d9a35	52
com/fasterxml/jackson/databind/ser/ContainerSerializer.class	2719	bc48e7db232d0deea6d7cd937c323b4af770fce7798ab8766b7d35277d5d75fe	52
com/fasterxml/jackson/databind/ser/ContextualSerializer.class	582	4c5bb5dfe3c7dde093bc9ed04962c756b25540da046e927c8575660c5f3ebbf7	52
com/fasterxml/jackson/databind/ser/DefaultSerializerProvider$Impl.class	2505	c62c21616e366167b7da527919918a17f88f66dcc00a92f0a3b97150f3137bc1	52
com/fasterxml/jackson/databind/ser/DefaultSerializerProvider.class	19442	cab06638c76a5d8ffd3f44e7558909f19fcdaef2be0d617aa389a3f4e0e32e19	52
com/fasterxml/jackson/databind/ser/FilterProvider.class	1157	d84a4c74bc6a47b8364a812a8bccec7cf07fc4b9c40cd954e98849880193cb34	52
com/fasterxml/jackson/databind/ser/PropertyBuilder$1.class	1115	cd3d9bceb023ad9e3f99945845ae48ecca57b677d0185ba781fb11e1aa108a8c	52
com/fasterxml/jackson/databind/ser/PropertyBuilder.class	14875	2abc6e4a74662228793db7557dfdf16fb575c312543aad23369cab8540032701	52
com/fasterxml/jackson/databind/ser/PropertyFilter.class	966	2da8647528670461ef1a4f5856287fd9e95f54a65b3134c4d9de9e24a2f78c34	52
com/fasterxml/jackson/databind/ser/PropertyWriter.class	2648	c572ba3c7d7198cf0c55ef2cdfdf3afe9b3007df1eb9c3804b59a4db6299aa27	52
com/fasterxml/jackson/databind/ser/ResolvableSerializer.class	311	21ac3c798d535c030525b8ab5f47a2a4697c697fc1ac7ac4d09624f5aa0b295d	52
com/fasterxml/jackson/databind/ser/SerializerCache.class	7407	4401d38f45f6e329bd35679f34c0503f9082b1b4c8026fb540db27735a987047	52
com/fasterxml/jackson/databind/ser/SerializerFactory.class	2835	5c1ac35c3fddbed554c1f61f82f4d3f2412f1f8e6d8d924cdbe93b440eab2902	52
com/fasterxml/jackson/databind/ser/Serializers$Base.class	6793	fb4ee1ac0e18652fd9993c671dc8c32345b1b8efa9004e8d17af78b7dbf15fa3	52
com/fasterxml/jackson/databind/ser/Serializers.class	4939	aa668ada1b0eb8243a2ac8e44d1865ce152de0344d7050fb07332aa01f216baf	52
com/fasterxml/jackson/databind/ser/VirtualBeanPropertyWriter.class	9359	363f3c2993f6b2c94f0219a8e41e1d19d42475e649677c05b4c1c36ff3b9ff62	52
com/fasterxml/jackson/databind/ser/impl/AttributePropertyWriter.class	4312	2e2db6ebdc933d0c5262500a184d076db6a5927361a379ab81bbd8e822d4970a	52
com/fasterxml/jackson/databind/ser/impl/BeanAsArraySerializer.class	8265	e2e0ddd5f2b974d5082eba13003c50b5fd3e584134f756f97f31f5f32b19d895	52
com/fasterxml/jackson/databind/ser/impl/FailingSerializer.class	1179	98528f3a61a0f136bd3d2694261b857027ca42d082b823670906243f698bf83a	52
com/fasterxml/jackson/databind/ser/impl/FilteredBeanPropertyWriter$MultiView.class	3875	b79931955ed9b68226deee19cf26cec215efee5c586fbfb291c9b02283baba18	52
com/fasterxml/jackson/databind/ser/impl/FilteredBeanPropertyWriter$SingleView.class	3718	fd4ef88f2bb7f1edd2d1260883fdc4ecb79f9d4d329646c489c627528ef2c072	52
com/fasterxml/jackson/databind/ser/impl/FilteredBeanPropertyWriter.class	1398	5d973d2e6a46a1740e11d5cb70299575f346a9a0984aa601d81bdfdcf570c1ff	52
com/fasterxml/jackson/databind/ser/impl/IndexedListSerializer.class	9986	f5cee8663525efafecfdb61c0451cf73d80383dda6421b628d1260ee4fd2905e	52
com/fasterxml/jackson/databind/ser/impl/IndexedStringListSerializer.class	6793	8ea9b9783005e8e7cfb8e0ff06dc5e7432f6718576d499e377915263be469ba7	52
com/fasterxml/jackson/databind/ser/impl/IteratorSerializer.class	7981	c7c4a0e79781bd98adf881d5e2bb590179426c6d430de97c08585ee13bdc838a	52
com/fasterxml/jackson/databind/ser/impl/MapEntrySerializer$1.class	1134	ebe924b9948083b260eeeb69cf05106b083bd92136061ea7d9173a6213f8b129	52
com/fasterxml/jackson/databind/ser/impl/MapEntrySerializer.class	17344	4df3b38b33e1d8788889a63c4196c89dbdc031209a6fb838e5fa366beebea09d	52
com/fasterxml/jackson/databind/ser/impl/ObjectIdWriter.class	3056	542f81833fc4f8ca5ca2123700772c245a98a03b6f19b834bba848a5763b0c7e	52
com/fasterxml/jackson/databind/ser/impl/PropertyBasedObjectIdGenerator.class	3752	b972d3172e4221943a8056ed9384fb35013279f81098c57adb404a36a8e600ee	52
com/fasterxml/jackson/databind/ser/impl/PropertySerializerMap$Double.class	2978	543c3132cfc75d6e4a3db9d527f06eedca4df5fe47cdf5de0e1ad9c9e9340d8f	52
com/fasterxml/jackson/databind/ser/impl/PropertySerializerMap$Empty.class	1803	a9ae075151817b14ac4218f0e2bea8ce38b673ac24896e7ffc088d63d61e96e4	52
com/fasterxml/jackson/databind/ser/impl/PropertySerializerMap$Multi.class	2991	8b259e59af98e63fa1c3c41ff2e465408b3f0a4da0ed9fc100053e3d605d3036	52
com/fasterxml/jackson/databind/ser/impl/PropertySerializerMap$SerializerAndMapResult.class	1143	4462485cf84fc41b30b89e193227d6970312d3b158e1ae1ad2173592419f3fdb	52
com/fasterxml/jackson/databind/ser/impl/PropertySerializerMap$Single.class	2318	33f64880ef61dde5d1934b03189240a944f905f90b6e2f428243a1787b5acb95	52
com/fasterxml/jackson/databind/ser/impl/PropertySerializerMap$TypeAndSerializer.class	1035	547cbda9a317bdfa33cc163f6e1f1a3bcc15fc844da56b444705483bf660548c	52
com/fasterxml/jackson/databind/ser/impl/PropertySerializerMap.class	6851	cb33f1b1cca0a3fb8a7f9995ac5c1b9d185512aa9be3face7e84d7e354920265	52
com/fasterxml/jackson/databind/ser/impl/ReadOnlyClassToSerializerMap$Bucket.class	2320	87279936d7409763240a4f94c25de49f82d8fa70cf7fe643a6f4dd4d8f8572fb	52
com/fasterxml/jackson/databind/ser/impl/ReadOnlyClassToSerializerMap.class	5333	f38875fe4b0d30847f244350cc53305a4da72c5f5b591ed9d2a3b02ae8118894	52
com/fasterxml/jackson/databind/ser/impl/SimpleBeanPropertyFilter$1.class	3091	1121389507b85bf6737997d432de086e61d930449f893d2f2fe62eb6ba9b7884	52
com/fasterxml/jackson/databind/ser/impl/SimpleBeanPropertyFilter$FilterExceptFilter.class	1681	20fc22fc0e733bca825185854eb07acb30c5897555188b6378b53901767f5227	52
com/fasterxml/jackson/databind/ser/impl/SimpleBeanPropertyFilter$SerializeExceptFilter.class	1744	56102dcc14ece2d827594ef687b3f4247199c6e19ec3c74f13c2a0377087af53	52
com/fasterxml/jackson/databind/ser/impl/SimpleBeanPropertyFilter.class	6618	0a3cb81330ce8c19917e33de5621a962fa8dacbf85c0ab2d9a08ecb916ff0c20	52
com/fasterxml/jackson/databind/ser/impl/SimpleFilterProvider.class	6216	1b8bdad8c2953f7b8a48cd694433424f14f2663364dae00b72befc23bf910c2c	52
com/fasterxml/jackson/databind/ser/impl/StringArraySerializer.class	10323	f7f834a8739d088cfb61d92ed76cf48f308f0db3d5de06ea569b6ac3aab25771	52
com/fasterxml/jackson/databind/ser/impl/StringCollectionSerializer.class	6358	bf90c92ea6952d0b6f74bc67bcf978441b3176b90bf8756537bf3d3c87918f36	52
com/fasterxml/jackson/databind/ser/impl/TypeWrappedSerializer.class	3419	9d2e0c143af8569eb9c295949851f9e357b490a349cd41a0cdad1ca93f68bd53	52
com/fasterxml/jackson/databind/ser/impl/UnknownSerializer.class	3142	8e2e7e74cd8c0d621dc7ff2de7656a4e969e9758e1a3c2c1da906b925663edcb	52
com/fasterxml/jackson/databind/ser/impl/UnsupportedTypeSerializer.class	1444	b00e586b81d9ca42b1cfa90cbd3440b8382689b549be94741e2d6939aee58824	52
com/fasterxml/jackson/databind/ser/impl/UnwrappingBeanPropertyWriter$1.class	1741	40827a3529287a2f17e09e3900ac0e030d324c5cfd3d0302d018e579eb0f985f	52
com/fasterxml/jackson/databind/ser/impl/UnwrappingBeanPropertyWriter.class	9563	8768212cca58558dd40a215570131f4bcf0600adff160cdc407d2cb30fa92ed3	52
com/fasterxml/jackson/databind/ser/impl/UnwrappingBeanSerializer.class	7252	1c26379e37e61a2902eb8bba5e0b910e53dc04b7671452506fe5f1ceb6286b2d	52
com/fasterxml/jackson/databind/ser/impl/WritableObjectId.class	2864	4f2896344f7a2201d9d48192ab18cbfd98b36e2a3140816a85230268c2090afd	52
com/fasterxml/jackson/databind/ser/impl/package-info.class	145	e5aa0a68920ee000415e24d8ed1c69f550c6235f3d2ce18dccd9850032a5d6d7	52
com/fasterxml/jackson/databind/ser/package-info.class	140	fe8efd23736855564a59ca726dbb0e379e2c53119feefb93fe6a728894e376e3	52
com/fasterxml/jackson/databind/ser/std/ArraySerializerBase.class	6968	dd7847d919049956a33e2e69949ad5b68874688dbb00415dde03d1c5a64ab2c6	52
com/fasterxml/jackson/databind/ser/std/AsArraySerializerBase.class	16134	81f365946f50ce6c6271bac404a499f52e22ff2d9c8cbc82294706c42f030bcc	52
com/fasterxml/jackson/databind/ser/std/AtomicReferenceSerializer.class	5060	47a584305fc7fa9627ec807834b3bb56b7dc851d6149fcd6a6b69015e9fc1252	52
com/fasterxml/jackson/databind/ser/std/BeanSerializerBase$1.class	965	7d5191bf4875e4441ebea2b3489033d1a5b79a52a8cd7c14a50446e1739132a6	52
com/fasterxml/jackson/databind/ser/std/BeanSerializerBase.class	32801	f22ba079b7d750b4f121d77f5e9632b302303c06fd5434634bb2cb90f2c84433	52
com/fasterxml/jackson/databind/ser/std/BooleanSerializer$AsNumber.class	4225	69f86013b58a910429c68e4cf995073e7ea62e14ecca8a24b96613be33234043	52
com/fasterxml/jackson/databind/ser/std/BooleanSerializer.class	4807	0bb4056821259f6a849d96362174db2935f521b8fa42a05ae0467bc2736989e1	52
com/fasterxml/jackson/databind/ser/std/ByteArraySerializer.class	5199	1315f2faffa320adb73cdd778de3b07bf47b1595b58d2ab85e524c271327a8ce	52
com/fasterxml/jackson/databind/ser/std/ByteBufferSerializer.class	2992	6252f303afd5f0cd18dd31cf3d9e7fb2f6ea1ce6d13d1c9c4feb164146f0c312	52
com/fasterxml/jackson/databind/ser/std/CalendarSerializer.class	2713	a899396aff083dab5bb98958899a3e2ef1eee9a71cadb9ae207672c34c14a7f9	52
com/fasterxml/jackson/databind/ser/std/ClassSerializer.class	2412	ddddae0aa957768ffa2857a2b4dbd436899353c18996e6711e6bf7fc7acd3626	52
com/fasterxml/jackson/databind/ser/std/CollectionSerializer.class	10309	9749c6308a180348a528aec745e3908fac43cf0606894af41b04968e1c60ed04	52
com/fasterxml/jackson/databind/ser/std/DateSerializer.class	2514	5f1d06d0e63b104f1122b9252003bb66348113c88c0afa8726f422a81741b1d1	52
com/fasterxml/jackson/databind/ser/std/DateTimeSerializerBase.class	10067	b0656ab2358d3910c4a7805fe1601c586f98fcaed9fbb457e455cf7e95576162	52
com/fasterxml/jackson/databind/ser/std/EnumSerializer.class	12802	f318e2100f9b4e24832e38a5c11dd1f01efe872dbd69f960bd0db2d12585b6c7	52
com/fasterxml/jackson/databind/ser/std/EnumSetSerializer.class	6615	0dd5dce3b5d4c60c28880ad60e081615b94b5adf66d7445b3f8bcad9f42f5083	52
com/fasterxml/jackson/databind/ser/std/FileSerializer.class	2207	3a538ae1469198fd894674269d87c40da58088283b4e468e30ac309ffff87e3c	52
com/fasterxml/jackson/databind/ser/std/InetAddressSerializer.class	4669	9106c15d4cc9553635781ee9ca03eca130a8a86fd7d692e6a546174206d86b6a	52
com/fasterxml/jackson/databind/ser/std/InetSocketAddressSerializer.class	3456	5f4fe2eeca79043b5b43050b3da0234358a0e946698ce10f3587c1bb93a2aade	52
com/fasterxml/jackson/databind/ser/std/IterableSerializer.class	7515	6f8c5b784eea283717d0dfa30946ae8f681e742d6e7a6ce53743076e950bc3bf	52
com/fasterxml/jackson/databind/ser/std/JsonValueSerializer$TypeSerializerRerouter.class	5306	cbe2b4f1c90309059d14e5b86af5c53546c56220ee9f3f3ae143f40c53e1b856	52
com/fasterxml/jackson/databind/ser/std/JsonValueSerializer.class	18507	e016d8675a90c1b41e64c93952dee8e670097a543223a808106676469227e5e1	52
com/fasterxml/jackson/databind/ser/std/MapProperty.class	6353	b46a781ddd86ef000ec0f0ee0e8b2f8fbb88f0b7eac5bf2494438094956a72b3	52
com/fasterxml/jackson/databind/ser/std/MapSerializer$1.class	1117	e9b225a803edfdba10fa90cb3956ef8c0ecea6381526932edf3431515c27fdce	52
com/fasterxml/jackson/databind/ser/std/MapSerializer.class	38963	3076b03bfd9e0698a11ebb5a09600c8222dcc98265278b4ddbcefdef32bde396	52
com/fasterxml/jackson/databind/ser/std/NonTypedScalarSerializerBase.class	1991	17a0e6cc1bc0ef497192b6eeaf3d82394a38f572fa81b9d239cbe0af0139f3bc	52
com/fasterxml/jackson/databind/ser/std/NullSerializer.class	2697	36d485f90e4224f2836cb4512eb53036f0f667ccc063f0780c50c438711f2729	52
com/fasterxml/jackson/databind/ser/std/NumberSerializer$1.class	861	5451e2610d2a0a0f1d37a18fff441ebdb69d19f59cd7085ce6e2bb5a91575543	52
com/fasterxml/jackson/databind/ser/std/NumberSerializer$BigDecimalAsStringSerializer.class	2942	b89c3f7a600ec1b5d0d987d6e9a40fad3f7f1ecb5bf5d46648f343406122cd5e	52
com/fasterxml/jackson/databind/ser/std/NumberSerializer.class	6383	e2f68b3e9d636b57561c3b924476b1e2ecd5e98faf9cd2490650499ce7d9bad3	52
com/fasterxml/jackson/databind/ser/std/NumberSerializers$1.class	864	78434fc09b11d1e4c8c6bb8c4867c673c112d533a6066981790696c4892be337	52
com/fasterxml/jackson/databind/ser/std/NumberSerializers$Base.class	4655	c2d25a3ad31ff9748d29cd879ca478c993930516d5060af6ae3f556fa317fc38	52
com/fasterxml/jackson/databind/ser/std/NumberSerializers$DoubleSerializer.class	3090	a62d1db17f538637c787e37a007db2a4f7af2e178367853d5f739e220f02d5dc	52
com/fasterxml/jackson/databind/ser/std/NumberSerializers$FloatSerializer.class	1717	d5207130281b0211bf4e9728a4c85a2db5b5dacad6391fb0e07a417364fee2a3	52
com/fasterxml/jackson/databind/ser/std/NumberSerializers$IntLikeSerializer.class	1721	a3de15871ea9be12580eac00aab5c23f8dcb43dc6b70812b3a567935b7d5df22	52
com/fasterxml/jackson/databind/ser/std/NumberSerializers$IntegerSerializer.class	2166	22106f0cca21a7a29da1d1f466d848cdc9f9e6fccd235faec482ad9469881947	52
com/fasterxml/jackson/databind/ser/std/NumberSerializers$LongSerializer.class	1765	a396765c6c4abf41aa51ac23a52cb19819f02815fe7be966a5eabc848306b658	52
com/fasterxml/jackson/databind/ser/std/NumberSerializers$ShortSerializer.class	1716	2169754dfde844ba94cb10ee9ec4e5048e8fb91b254c4d9c235fcfa11cd29bfd	52
com/fasterxml/jackson/databind/ser/std/NumberSerializers.class	2466	6fddb25d8023b55f6f158951a9eb52ad8ebedaba776d0afe965d7b45f605a89d	52
com/fasterxml/jackson/databind/ser/std/ObjectArraySerializer.class	15904	19f8a884f2206cea9669a1e418eec6f7495d67d01b347bc0ff22fcea5ae917ba	52
com/fasterxml/jackson/databind/ser/std/RawSerializer.class	3626	ead241ca893fd73cd0b56d791033b10d231bca900c1842dd356274bcdc14fdf6	52
com/fasterxml/jackson/databind/ser/std/ReferenceTypeSerializer$1.class	1147	f7428153c83b9266cb599252b4a66e1d976a7a3c8738e9a5d2fda662de366ef3	52
com/fasterxml/jackson/databind/ser/std/ReferenceTypeSerializer.class	15895	913f7b9e0d6994570d15de5eddae42c70c338570d428659228ef90b0c5f7fb85	52
com/fasterxml/jackson/databind/ser/std/SerializableSerializer.class	3683	5c2c3ac07e289650cdb6b96e0da16eed54a17122bc631ca962a87ae0ddf7e57f	52
com/fasterxml/jackson/databind/ser/std/SqlDateSerializer.class	2684	c07fb14f5d4172ff41221d418adbde803371b457aab2307400bdd926e1502f5d	52
com/fasterxml/jackson/databind/ser/std/SqlTimeSerializer.class	2642	14a60483accf758eea9dbe7959ad8ac176bcd9cac968daebe86aef17796fdeb7	52
com/fasterxml/jackson/databind/ser/std/StaticListSerializerBase.class	8226	b806df36e7ebf2aafa9f7a23cff9a94200c32c2982171ddeadb4300f825c777a	52
com/fasterxml/jackson/databind/ser/std/StdArraySerializers$BooleanArraySerializer.class	6075	8fda349499d219dba4821ddc4e76ae7b94817197f2477dd6fb590b2abe28e249	52
com/fasterxml/jackson/databind/ser/std/StdArraySerializers$CharArraySerializer.class	5649	61725ca755eab62208d4c3c660c526d455c863b32df9e69ec1ebd84b52be8d95	52
com/fasterxml/jackson/databind/ser/std/StdArraySerializers$DoubleArraySerializer.class	5964	87f3ee981a0b0f61f1857cfc94f4adcf6f1b248b6bbc4e66218704fba5325632	52
com/fasterxml/jackson/databind/ser/std/StdArraySerializers$FloatArraySerializer.class	5752	5f69d50d1e4d77e82d24cd738d9715825d86f6992fcbab28279711379b392c0a	52
com/fasterxml/jackson/databind/ser/std/StdArraySerializers$IntArraySerializer.class	5955	3e3526246e38b5c8339a6804bf976a6c2f23c8c56a44f03620d7044ae9f8e2cd	52
com/fasterxml/jackson/databind/ser/std/StdArraySerializers$LongArraySerializer.class	5607	1b0b17fa721d644348413798bdb7dfee67ec9d9e3d401f79e69ac19296db0da1	52
com/fasterxml/jackson/databind/ser/std/StdArraySerializers$ShortArraySerializer.class	5821	60c5391b0dfea79ed004ac41be1a18f1d2b058e3934fdf7eec5a003443045b6b	52
com/fasterxml/jackson/databind/ser/std/StdArraySerializers$TypedPrimitiveArraySerializer.class	2089	0873f81ed287564d0e5a7fbd236ca63671d9a11473101ee0028f2e362eccce71	52
com/fasterxml/jackson/databind/ser/std/StdArraySerializers.class	2523	321f0920445953d1c7d149f7ad7cb2cb47d3d293ea080c10cdfa73e7ac127ef0	52
com/fasterxml/jackson/databind/ser/std/StdDelegatingSerializer.class	8847	6eb647557ebfc165b3a5f91cf72701c859ab7179268c253d0bd4e7a58dec5bd0	52
com/fasterxml/jackson/databind/ser/std/StdJdkSerializers$AtomicBooleanSerializer.class	2665	f3d6e283e2c829ed03bed16c83104a8f3f6f962e848c6014a4c0d272e040d5ff	52
com/fasterxml/jackson/databind/ser/std/StdJdkSerializers$AtomicIntegerSerializer.class	2818	5b8bcfdb63ebd3601c0e63e08ab5139035744624e80b4ff085fc457e154d0efd	52
com/fasterxml/jackson/databind/ser/std/StdJdkSerializers$AtomicLongSerializer.class	2798	7e8dbf96d0cc894fe46721f4db76950a9fd3f87b2abdb86be907c96448bebfc7	52
com/fasterxml/jackson/databind/ser/std/StdJdkSerializers.class	2279	eefa0c9f7dad8a5e38e2a3370bfb125a1bf6d9246dc617db1f9d8eaa4905d4a8	52
com/fasterxml/jackson/databind/ser/std/StdKeySerializer.class	1175	dfdb38cb13ff0ae4716ab153da76ab0cd9f1f1224b6d4fdc29cb36b4877626d9	52
com/fasterxml/jackson/databind/ser/std/StdKeySerializers$Default.class	3365	7655dd31984d720907f9dd96a0562c2f95c094f296a72997421a8c4b187b7610	52
com/fasterxml/jackson/databind/ser/std/StdKeySerializers$Dynamic.class	4015	a8a84e66c02f6a67203cbb0498229b4b0f374709c85c2903e83fd21aae9d5e79	52
com/fasterxml/jackson/databind/ser/std/StdKeySerializers$EnumKeySerializer.class	3888	9c95a18d15f171f182509b34b4c42eadf9207d76357de0e4a396da5d888c1861	52
com/fasterxml/jackson/databind/ser/std/StdKeySerializers$StringKeySerializer.class	1207	bdee7aa6745e3bbda60c07ac000e676837e64db4be583c60f33ddf43808ca50a	52
com/fasterxml/jackson/databind/ser/std/StdKeySerializers.class	4201	11e1c8831e361d9ca402f871c413aed7e38bcdd7f8ffce47d2006af5ddab0611	52
com/fasterxml/jackson/databind/ser/std/StdScalarSerializer.class	3809	3d42d9fce640ac2812ebaf48ec2ac9769268b937a709be7c54562b8c8d4e9c65	52
com/fasterxml/jackson/databind/ser/std/StdSerializer.class	20490	56a46162ce69aebeb3c4d7b02b315dc7bd9790ddcbf23df0a877ae629ec7f03d	52
com/fasterxml/jackson/databind/ser/std/StringSerializer.class	2731	57651d9f72b3f50047b05caca33ccc1753fd7fd87ef47f3cece0b08112946118	52
com/fasterxml/jackson/databind/ser/std/TimeZoneSerializer.class	2588	c1963a769499be8ab370f8c95feafad77af930cf21e2b513d3311f1074690b75	52
com/fasterxml/jackson/databind/ser/std/ToEmptyObjectSerializer.class	3623	1cf37cab38177fb0da3662edb0d4cbe96a3133f900142922b7c674a8f73d2891	52
com/fasterxml/jackson/databind/ser/std/ToStringSerializer.class	1072	c7e41973cb189540629596cd791df82e1954b9335a9ea34fcd3b4167858c8d52	52
com/fasterxml/jackson/databind/ser/std/ToStringSerializerBase.class	3431	48cf75f86de0c7c4334dc0fd6287d42d3b5b72edf41ed14c12e346109bd81ade	52
com/fasterxml/jackson/databind/ser/std/TokenBufferSerializer.class	3833	1bfa278c1988238354f9a25351288b7da5dd0ea56a5714b8f07ccc7a38cfba60	52
com/fasterxml/jackson/databind/ser/std/UUIDSerializer.class	5875	6dce6640c8624e2b76465fb03d00bf1192fdd1e0e827d403990e4f1b9e89d644	52
com/fasterxml/jackson/databind/type/ArrayType.class	6341	f7c920dd5f52932b8b072cb91d3a9bb0b98a333390676c9fef84d3b8727586a9	52
com/fasterxml/jackson/databind/type/ClassKey.class	1931	0a049e5c9fe214ad634f2fd46841fd4a460eb99a61c42595d3a8b6e262d8c429	52
com/fasterxml/jackson/databind/type/ClassStack.class	2968	3a52bbd1cf548034e086dd978fee752a7322c2bae19373d4f0602bb6a7529ab8	52
com/fasterxml/jackson/databind/type/CollectionLikeType.class	9136	13beacdd0d3a615fc4349dc3e56b24e07d56bff38c4f9905aad5acb3ae2350a4	52
com/fasterxml/jackson/databind/type/CollectionType.class	6581	95c0e0c04a5bfa14a8f660d83ac667a79b895fe796d73cdafb09496726ffcad2	52
com/fasterxml/jackson/databind/type/IdentityEqualityType.class	1591	0939358570abb7dd47e24984ae75d307a8d816218691629f5d12d8d63798b720	52
com/fasterxml/jackson/databind/type/IterationType.class	7539	716ea3f8738e6faf1bf7a109686592454853dc7f2c8e00d22d6cffab2849504b	52
com/fasterxml/jackson/databind/type/LogicalType.class	2494	4a80c74339502470b9fe1ce182a6a4c40dbe0dbf49a072b47e6570ab3bc933a1	52
com/fasterxml/jackson/databind/type/MapLikeType.class	9794	c4a8e3351ab0a291b3dc962c60f45f0877cf3344ff71c01353ade75dedc7a3aa	52
com/fasterxml/jackson/databind/type/MapType.class	7780	278a54e665d18cc59696845110d324d8334c9c53ed4b3eb967cdba2f0bb4a439	52
com/fasterxml/jackson/databind/type/PlaceholderForType.class	4008	3cd9c7f7f30adeba856ea6d2ba65e4b95d1acaa5cfde8d603bac5d699b975aad	52
com/fasterxml/jackson/databind/type/ReferenceType.class	9175	3c8fb4667b3f0c49d148b6b1cb4585aee65533055b5563c123fe5572346e5cf2	52
com/fasterxml/jackson/databind/type/ResolvedRecursiveType.class	4209	71f53229fa522dcfbaa9f2d3d045b91e9ed43a9a439950fdaa85eb7442debe4b	52
com/fasterxml/jackson/databind/type/SimpleType.class	8750	7a26f6e3484bfa4b5afb6a17b2d6c1c5d7340210cdf17f2b0b2d282cf0f0d97f	52
com/fasterxml/jackson/databind/type/TypeBase.class	8262	b2029b2878abb605cb2fe02d3976045fabd84d246890e8e81f2beef44dc4932f	52
com/fasterxml/jackson/databind/type/TypeBindings$AsKey.class	1811	8aab3ccdfa83e0eb9ffbb722c21f6ebe8cf36e46489aea770b8c0183844b4dfc	52
com/fasterxml/jackson/databind/type/TypeBindings$TypeParamStash.class	1901	602c695bb75decd4199e3643429855f4e02c9cc81ce164ca3801d2dfba9980ac	52
com/fasterxml/jackson/databind/type/TypeBindings.class	10735	757114b1f6ebea7f6c10820d7bac8c21b721e96e7b11bc5353e58e2598906bab	52
com/fasterxml/jackson/databind/type/TypeFactory.class	43384	ad8dfbb74722c9a051e3c88e074178ad91e6adfbd06603a4901449904e6c2363	52
com/fasterxml/jackson/databind/type/TypeModifier.class	564	3b5423007f2ae5c8442623de9204551ff8f80cf793f67a59ad40d8d531ea7ebc	52
com/fasterxml/jackson/databind/type/TypeParser$MyTokenizer.class	1386	fdd666f90bddc35773f562fff55c26586f19da23edb89bdd3fd2d1d740adf570	52
com/fasterxml/jackson/databind/type/TypeParser.class	5711	23bf7fcf58b5b5971b15f8626ed389b6cadde9acbd314536e9feaad0bf8a01f8	52
com/fasterxml/jackson/databind/type/package-info.class	141	b332f52db7019dbf5be9b0f074f9718d6fce405712678add5fd89f7adc166c64	52
com/fasterxml/jackson/databind/util/AccessPattern.class	1178	8a166d588c0d36161ce5f9a25df9ee5b9ec5e109f5b6e9e1d48687eac4143bc7	52
com/fasterxml/jackson/databind/util/Annotations.class	499	e06212b87b443f6fbcda381a1c845e8fe219846594b9fe7bea3eb1c94d38ece8	52
com/fasterxml/jackson/databind/util/ArrayBuilders$1.class	1335	d5f1bf487b13ac68cb2e71a6c2ae3b2b3057d5e622bf75a587f00decb74586ad	52
com/fasterxml/jackson/databind/util/ArrayBuilders$BooleanBuilder.class	798	43dd671d1d80170c4f23b394e55ca5240bd6b293622e75d7f8786da99865fe82	52
com/fasterxml/jackson/databind/util/ArrayBuilders$ByteBuilder.class	789	667b306e1658f88fcf0899b25094c19497dce914976965573410ef9b3b188d7d	52
com/fasterxml/jackson/databind/util/ArrayBuilders$DoubleBuilder.class	795	ea0cf2594a433d18890b9f09ac7039c3eda8d47b290832dbb985ca18e38e6642	52
com/fasterxml/jackson/databind/util/ArrayBuilders$FloatBuilder.class	792	a28681ddf479bf4aefd0fa6ed6c23cdc0b3aed315dfebc7fdcc8246348adf615	52
com/fasterxml/jackson/databind/util/ArrayBuilders$IntBuilder.class	786	714e98d734016d6ec6dbe0b00313111857fd23100d9e1e7276c842b1030878ed	52
com/fasterxml/jackson/databind/util/ArrayBuilders$LongBuilder.class	789	b002256d44da37a90e8ec76b84bc4ffe5ea3034834c3e3b3028ec705e764fd72	52
com/fasterxml/jackson/databind/util/ArrayBuilders$ShortBuilder.class	792	e95d2a0548d3711e6f26037c00af926941ef9a334fa91b45ad9b66a2ff39e5f3	52
com/fasterxml/jackson/databind/util/ArrayBuilders.class	4955	55ee167ba88dcf1d6b106910c854cc11fcbfcea1cb512e9d9a2ef26f1e6d34c9	52
com/fasterxml/jackson/databind/util/ArrayIterator.class	1426	d3851b69463a94578d882b89189bcf7f1aaf2715cfe701ae4682885e913dc2e3	52
com/fasterxml/jackson/databind/util/BeanUtil.class	6823	788e1fb186525b6a7e7b7cea339d1f1cf231f80babd327042f672277a6b567f3	52
com/fasterxml/jackson/databind/util/ByteBufferBackedInputStream.class	1099	8b88ccf70c4271fd66833e064ca919e9ee67d03c2522805c92c6882c2039a5b2	52
com/fasterxml/jackson/databind/util/ByteBufferBackedOutputStream.class	879	1a94fa1cda68ddbb87473e8e4022f4b72f6bcb902f1b1a49830cb5e261ea9327	52
com/fasterxml/jackson/databind/util/ClassUtil$Ctor.class	1829	dbe751b5dac6eb1ba2535b5675692305f9f2a7f80236a4a9c9601e6e586ee5d8	52
com/fasterxml/jackson/databind/util/ClassUtil$EnumTypeLocator.class	3622	0dbe9482f9e7475b742ab8af43d3d74e95f041ec2c35938713b84d51242e0b74	52
com/fasterxml/jackson/databind/util/ClassUtil.class	28889	e52f8852a243b59e7f90d3b6b6fa4d4ca39838d76b408e1b10fbddae4b12923d	52
com/fasterxml/jackson/databind/util/CompactStringObjectMap.class	3994	e5a39be148351b25e6a1a1703d8b9825ef818ae63cdacfb49ec34aa8d8b0dd73	52
com/fasterxml/jackson/databind/util/Converter$None.class	551	a7987f38b1d7a84656c009e9b3b46a40ab57f7df1ed502f8a947d2cad10bb54f	52
com/fasterxml/jackson/databind/util/Converter.class	538	8b69ad2433cb7914206b7698be556d494961bb16561533fe12129aa04ac829c3	52
com/fasterxml/jackson/databind/util/EnumResolver.class	16662	291179626cbfc71a18e2c65fe64a6173fe97b5a9003a191224723df74f80e786	52
com/fasterxml/jackson/databind/util/EnumValues.class	11799	b9069a5089dbe2a5c5f66b1ef9bd69dea796a4c342c667e847522e4444db6def	52
com/fasterxml/jackson/databind/util/ExceptionUtil.class	1503	ed61dcc5c4c858165e3795518d8f82b3a3138f2fb3fa8db9e74236441eb66b5d	52
com/fasterxml/jackson/databind/util/ISO8601DateFormat.class	1840	fc91be2ad180e779c1dc4ad6eca8d8c21f04f56ee4e007c9102c1f7904ba0b1d	52
com/fasterxml/jackson/databind/util/ISO8601Utils.class	7131	f92aa233f0539d159fd32fd4aab2aa5b7b85dab6aca74a6d8a809b5dc4e7b1cb	52
com/fasterxml/jackson/databind/util/IgnorePropertiesUtil$Checker.class	1698	9b1b5a8f72152eeefc6e8c825bdfae6ea5bd0e26aa249911ab77a9ab90ee5c87	52
com/fasterxml/jackson/databind/util/IgnorePropertiesUtil.class	2382	cea9e04139b298c95e43c41f4192cad2ccc25415c0ba5d1b630f0827bb65af29	52
com/fasterxml/jackson/databind/util/JSONPObject.class	3387	c2306807178fdc0b44ea520f2eb4dca01886c1b92db5df8daa07bd08355c9042	52
com/fasterxml/jackson/databind/util/JSONWrappedObject.class	3163	e7cd1b61b731cfcda3c54f86075a9667caa3102386b5770fbf8e1fc4ff7a3975	52
com/fasterxml/jackson/databind/util/JacksonCollectors.class	3053	f7c348209dcda2d3bb2d09da9cbe04a61f3e2e1135fc52b3243769d7b3977972	52
com/fasterxml/jackson/databind/util/LRUMap.class	3648	83f05fa49c31a3237cb614aabae019fb3db60ef5a918cbca7a5dfdb2abca3815	52
com/fasterxml/jackson/databind/util/LinkedNode.class	1847	944ebb091c5ad1a69f5cd3a3d2295620fb1826d3ced15b1d59a35e669d569358	52
com/fasterxml/jackson/databind/util/LookupCache.class	1610	c4fe26fc0daa587233cc4d072fa0c342bd73ca1e25bfe5c70c065212e61bed70	52
com/fasterxml/jackson/databind/util/NameTransformer$1.class	1537	93b84fbf8f6d5796892ecc8793239cbe1fc68414aacdf3769bb9bc164249f6f0	52
com/fasterxml/jackson/databind/util/NameTransformer$2.class	1340	179f436d1919a80b004712339b1cfefdf08930947024c20d51bc0d40c0608e9a	52
com/fasterxml/jackson/databind/util/NameTransformer$3.class	1345	363a7006c4f4d7795fc550dfa0140c16fc30b254bb6659e750e81c686275b5f4	52
com/fasterxml/jackson/databind/util/NameTransformer$Chained.class	1469	7e03bbd3b711f9947c6eac06909dc57572d5896342596b60a60d952349c017c2	52
com/fasterxml/jackson/databind/util/NameTransformer$NopTransformer.class	788	e4e553d2a4d4c49d99fc6dc694b1e698a01b4ce914ef083acf6213406475a0de	52
com/fasterxml/jackson/databind/util/NameTransformer.class	1862	98a0053bc31d322bfbdbf5d60f6474ad4491a4bc66c93d2d3c66f4e22629a278	52
com/fasterxml/jackson/databind/util/Named.class	168	cabd5e5fc8d3c3b0ca3f2785cd40b6f6c689a1de4220d8634f7b5dbb73df89f7	52
com/fasterxml/jackson/databind/util/NativeImageUtil.class	1937	6aa6308540ba382da95d010ff9ca8b8991764c4a0c99f5d71a95d315e8c3ddd0	52
com/fasterxml/jackson/databind/util/ObjectBuffer.class	4264	f1ab3c0db3c81a7c5eb97a032b44831e34ebe914eec7c4a282c1fd23f5288ead	52
com/fasterxml/jackson/databind/util/PrimitiveArrayBuilder$Node.class	1905	0479efc9e808123de4d3ba4fef4dec6f3551a2c99cbe97e00699259420d3d486	52
com/fasterxml/jackson/databind/util/PrimitiveArrayBuilder.class	3165	b47f5ab47501174ca7f0ddd426e72b4fb74956e38b0f718e6db0985443b2cd67	52
com/fasterxml/jackson/databind/util/RawValue.class	3201	def2275527d77e3dd95211092af155abc83391220def062df2d85d6e15eb10ca	52
com/fasterxml/jackson/databind/util/RootNameLookup.class	3610	8701b5fcde484b67419b247391e908bf6661715bb4adc4095ebaf8306399f767	52
com/fasterxml/jackson/databind/util/SimpleBeanPropertyDefinition.class	10557	c5e0b9bf9cb7a1ae8520d48f3aa70c08acd1fe2a173885b26608245f95560a56	52
com/fasterxml/jackson/databind/util/StdConverter.class	2172	22e85a444e6dffe082e4ec5597c6e6ae7b1d59aa9a75f92302163df998773166	52
com/fasterxml/jackson/databind/util/StdDateFormat.class	14705	4c5063b948296f3365c8e93a9488f14a9fe0f9551150d821b37893169b679b0f	52
com/fasterxml/jackson/databind/util/TokenBuffer$1.class	1756	c0184de3fb203451e13c190b7d0f9a1db55f5edbbaec300d40f3a1d923e17358	52
com/fasterxml/jackson/databind/util/TokenBuffer$Parser.class	17018	8f3981450d353e26cefdf2a382b669e60b814975ff65bb8ae1fbda119c898bee	52
com/fasterxml/jackson/databind/util/TokenBuffer$Segment.class	5145	6c856d9c5f26d9bd126f8847f8d9ab85623ca832d967c2d33767486f225f9053	52
com/fasterxml/jackson/databind/util/TokenBuffer.class	26637	bc94079894a0d048f6edcb98e30a3d077443d59406fc040578fc038fdbf5ce3a	52
com/fasterxml/jackson/databind/util/TokenBufferReadContext.class	4047	7e225e0ef554b7492775d65c3e973fa33cf8e2c88c700f5dac53dbfce21bd9f6	52
com/fasterxml/jackson/databind/util/TypeKey.class	3643	2980ec10c718e9cd41ea7d61b2c789b8a4c79050bdafda97f806dc53e898e9c5	52
com/fasterxml/jackson/databind/util/ViewMatcher$Multi.class	1154	9b0bb276aaf02955dda12f07a945a072821820c6cb743d8fdf3b428f0c6b0ca4	52
com/fasterxml/jackson/databind/util/ViewMatcher$Single.class	963	7a24fe2bf18ed00cc2888ea384a1e29bc50c6578c7e227a9e44d29735f92f26c	52
com/fasterxml/jackson/databind/util/ViewMatcher.class	1412	50f1b9a6afa412c2ab26e577e29c7bf5ecb61fcb176de7ed32dec6ad47835a30	52
com/fasterxml/jackson/databind/util/internal/Linked.class	493	4ef2360c9989254ed42d7bf93cfc205dcfd77b4c816f87021b52b0475cd2c7d9	52
com/fasterxml/jackson/databind/util/internal/LinkedDeque$1.class	1336	71d1c873ceac3f8368674a589f69dc907f07152cfc978c0b72676f3226475872	52
com/fasterxml/jackson/databind/util/internal/LinkedDeque$2.class	1350	4d0a89b5f26382237c4bd72f808a833979c2005f553f67746dc2cbdd80c25533	52
com/fasterxml/jackson/databind/util/internal/LinkedDeque$AbstractLinkedIterator.class	1821	5a96dc58f5c389299f5dc3cf53c3a53ac3e6d47e61ea5087b2f03386140d90e5	52
com/fasterxml/jackson/databind/util/internal/LinkedDeque.class	9648	466b6f4669f00f32fa2374cb4dbd01aa1de776b514dcedacbf188472dd20bf4d	52
com/fasterxml/jackson/databind/util/internal/PrivateMaxEntriesMap$1.class	298	19db5e80d584580475a6cc0d40e07cee5b87ec669f611e032d63aa4d40c5ed9c	52
com/fasterxml/jackson/databind/util/internal/PrivateMaxEntriesMap$AddTask.class	2147	ee8c9da75ded5c43f0e6b1dc0c70dea9d04d2592e0989870cb72ad7d9b831258	52
com/fasterxml/jackson/databind/util/internal/PrivateMaxEntriesMap$Builder.class	2173	6416636911253d9abc0e730776f8ca9f08374479ce1b90cbd891fa2c389c9a09	52
com/fasterxml/jackson/databind/util/internal/PrivateMaxEntriesMap$DrainStatus$1.class	960	e4e4ac6d0912c0d5301d6147cb5ce4b64a84a742bd701690a64fff6be79852b2	52
com/fasterxml/jackson/databind/util/internal/PrivateMaxEntriesMap$DrainStatus$2.class	925	9f7c2ceaa16788a790712a3c1899e70aea80ef68d0e1699554bca65cdb038914	52
com/fasterxml/jackson/databind/util/internal/PrivateMaxEntriesMap$DrainStatus$3.class	925	0ced0aa736e7c6ac1df8d1b42ce77eda307de3d833ab5964f225a8faca493a17	52
com/fasterxml/jackson/databind/util/internal/PrivateMaxEntriesMap$DrainStatus.class	2154	e14f77e2a934ac81dd15443e29fd40937621fbc67ad7985430d60bd9a4109ac3	52
com/fasterxml/jackson/databind/util/internal/PrivateMaxEntriesMap$EntryIterator.class	2662	1d382fe962f56f1b6e1ee34a3a71a7cd784195d0aa06500a527d587f17f3d627	52
com/fasterxml/jackson/databind/util/internal/PrivateMaxEntriesMap$EntrySet.class	3162	9000ec6675c950f3f7bf0c5b0b3d44c28ec1f2e648ac2dc703ce27c6378a61f3	52
com/fasterxml/jackson/databind/util/internal/PrivateMaxEntriesMap$KeyIterator.class	1788	bae2ad15f6a612c257b184c747ed2c878d5243d172ea9110f622e5e6ce978fbc	52
com/fasterxml/jackson/databind/util/internal/PrivateMaxEntriesMap$KeySet.class	2378	c881184995eeeaca5ba3b6e7eb45d425ee51d615b3efce6313b9fc638be79f56	52
com/fasterxml/jackson/databind/util/internal/PrivateMaxEntriesMap$Node.class	3164	b02dc325f70c74c6c512de340a00c6f57df4ba47ce885c0b394a37000f5b5b58	52
com/fasterxml/jackson/databind/util/internal/PrivateMaxEntriesMap$RemovalTask.class	1793	bab0b453f23a9d0c290fe19bd0ff88a02a0e92d64e51bbdd4b27af9661fc3eae	52
com/fasterxml/jackson/databind/util/internal/PrivateMaxEntriesMap$SerializationProxy.class	2076	a7fbd475803c90d06886d980a7ac0cca0a55ef1ba468a6b776f136e8ef471289	52
com/fasterxml/jackson/databind/util/internal/PrivateMaxEntriesMap$UpdateTask.class	1826	b07706c09999389e8095c3db4aeab64fa3b4d0dc923fdc157ffb1085f8bd3208	52
com/fasterxml/jackson/databind/util/internal/PrivateMaxEntriesMap$ValueIterator.class	2176	2674974759b9064af06dac6c793547764228d34d3b6879d25a562d566584f901	52
com/fasterxml/jackson/databind/util/internal/PrivateMaxEntriesMap$Values.class	1550	c20eca5e17b78419a1dc6bc0230c4872598f615e575678f08756c705799ccd44	52
com/fasterxml/jackson/databind/util/internal/PrivateMaxEntriesMap$WeightedValue.class	1212	63a96f9715a368db196c0600b1cdbf367e5c0ad7c78d28c36a08823133570f64	52
com/fasterxml/jackson/databind/util/internal/PrivateMaxEntriesMap$WriteThroughEntry.class	2129	ff099fb26b2569b436e8f2d815d74f00484716a6e2e00cea444976f3f22fe2c7	52
com/fasterxml/jackson/databind/util/internal/PrivateMaxEntriesMap.class	18148	11b537376d4ea34456fbd231ba341527eae8d2bf87f3823be16cdd3ac98719aa	52
com/fasterxml/jackson/databind/util/internal/package-info.class	150	d3d77c0d642014116401148edf6a65f7f83ce2fbd715fa0a566dfd90d5aea842	52
com/fasterxml/jackson/databind/util/package-info.class	141	2fd647769b9a443375fef8b766c5e8f4652c0b9f6deb90f89d36451074269e56	52
com/infiniteconquest/cli/ActionHints$1.class	1053	a1a22c311740a80368e7473eeea99c18e7d554308c98849295b8a946eb88a8ff	61
com/infiniteconquest/cli/ActionHints.class	13403	77fdbbf1054b84fa57c3b6a4c60daead5b4bd14cfe2eb1d4bf91fb65c237cd00	61
com/infiniteconquest/cli/BalancePassRunner$Scenario.class	2441	25f34199e539a26b29df82e503d704d483cee99c8b63a08b7450e94f09d2076f	61
com/infiniteconquest/cli/BalancePassRunner.class	7095	d1df21b91b6e75b8fe745b50f2fa55f02ed322073b1648a570481c747d5ebb70	61
com/infiniteconquest/cli/BalanceReport$CapitalResult.class	2048	6c19e8cefd720740f20a74afdb02533f6ce8f2a772d62c46a0c67dda23b647c8	61
com/infiniteconquest/cli/BalanceReport$CardResult.class	1931	8548c5f1c59bee284cb6112a13ca61605649d5986a833db589fd7b9458a900ae	61
com/infiniteconquest/cli/BalanceReport$FactionResult.class	1689	78eb64abf93424a21e3e5adcfad094cb7c7a9a065e4cbb6be9b8a31f607b3a3b	61
com/infiniteconquest/cli/BalanceReport.class	4008	526e169971985601aa70cb0d9ad848ad2e147338975b5778fc575d438e4debb7	61
com/infiniteconquest/cli/BalanceSimulator$Accumulator.class	10242	cf9620c1c9ac2c0d8d23e77adaaf263a63198075423dee4a84ce22259e83ad95	61
com/infiniteconquest/cli/BalanceSimulator$MatchResult.class	3608	619a5b8aebc2afc5b5490212626c513c1d5cefeaec837bbd6dbea01a5bf595eb	61
com/infiniteconquest/cli/BalanceSimulator$MutableCapital.class	492	376fae748c895cd80dcbf2c25b2ec2fb7423c5b97c85762d5aa89e5cd2760343	61
com/infiniteconquest/cli/BalanceSimulator$MutableCard.class	499	3f977c69ac6032fe8f37c324c2b6d207a92ff993889b9e0abe1c0b723843a7ab	61
com/infiniteconquest/cli/BalanceSimulator$MutableResult.class	393	31b768e520cd2d0c4d936f389ba34ab86c6d3f0e30a832b2cbd4b4fae7fb4366	61
com/infiniteconquest/cli/BalanceSimulator.class	11474	ae89a7b7c98c4c815cd7ab87cfddfff68e1b7bfcdefa8b8e9a1e967d66faa8de	61
com/infiniteconquest/cli/BattlefieldRenderer$1.class	896	f7597698e71f7e017933084aff335e13b3071097a46b9f602b40574052e9cbdd	61
com/infiniteconquest/cli/BattlefieldRenderer.class	6706	4dd224b06419497eba957fb977e99dc01a8d995474683d39fec5bbbb4147befa	61
com/infiniteconquest/cli/BotDifficulty.class	1662	f9f1d91231f1113e0e903fccea13dc715f9c1588279f1e578b9246b66586bd4f	61
com/infiniteconquest/cli/BotPlayer$1.class	2975	d4ff4bf4da6dee41dc94a20f8c6a763ad1bba82e00607429a5d869f8028c9a98	61
com/infiniteconquest/cli/BotPlayer$Decision.class	1448	f7b50182865f4bdd0b46cd213421455406e0c9c57307467aa3a6cafa833778ba	61
com/infiniteconquest/cli/BotPlayer.class	20746	aaef7fbeb779d629acc0e585778d98cd2a42c39c25ae7bbafb7ca155a02aeaa6	61
com/infiniteconquest/cli/CapitalRoster.class	4396	eb8239284c149381d10e3125c0ee0997751b1c3f970a5ad012625af3c706d78b	61
com/infiniteconquest/cli/CommandProcessor$1.class	793	6e72b7a3e8734d6b5f8a571db371cfbf14507059e9e17442c7344b093511cd88	61
com/infiniteconquest/cli/CommandProcessor.class	11068	85f1c7b6e2f98b93ddb012cdb63cf7ae95d8d5d593557126cb514f2e9cdc2369	61
com/infiniteconquest/cli/DeckBuildStore.class	12294	a7a0adadee2205e637299a7cda9611940df819f243c230f5e1e00e209217cf42	61
com/infiniteconquest/cli/DeckEditor.class	6893	491463385735b1cfc52f2daf4eef215503010bf430bfdb0a04e20440cb67285c	61
com/infiniteconquest/cli/DeckEditorCli.class	9593	9338cf0988ee11d75b4534c3bf7fdd405782da35ce1387c3a0b7fc919d84dd2c	61
com/infiniteconquest/cli/DeckFileStore$CardEntry.class	1454	59c1fb2ba7bbd0db79e5d3eaa1f265824e54198390bedb0dae94604e473e505f	61
com/infiniteconquest/cli/DeckFileStore$DeckDocument.class	1994	96fb8944451bb8ad72da47c8fd7ad4293cf8e0b2c38dc67a9e54de3f9639cec0	61
com/infiniteconquest/cli/DeckFileStore.class	6051	b3394b7d4a438599755b82176318d659b191f09e3ccbc53dd5631bff41a91dde	61
com/infiniteconquest/cli/DemoMatchFactory.class	9308	398d2423382b1fa0a06e570f65da15951f1ea079127e27b1fe120a5507b141d6	61
com/infiniteconquest/cli/FactionDecks.class	5173	e86da2d89b70d283c66d204f7d96addac3e2507a75195a4db315699053a5b7fa	61
com/infiniteconquest/cli/FactionTutorExpansion.class	5655	fa229da4a9383ff5f5bb5c37f50526449c761b964d367bf9c54ba5fab36b656f	61
com/infiniteconquest/cli/InfiniteConquestCli.class	12185	8ac35956ebbe5a258d657622d8eb604fa10c871530e2dde5bae455c4343f5c12	61
com/infiniteconquest/cli/PrototypeCardPool.class	4142	27f6d347baf8cf726092801155ce0e29beceaac89c660ec0231d2de19a68e024	61
com/infiniteconquest/cli/StarterBalanceRunner.class	8242	d8b290dfe2b6ef9bd8b9460f6d2253b5e96ffb0a388eae7f3a339ceff13ef3c0	61
com/infiniteconquest/cli/StarterDeckMigration.class	5848	287a499daac5c2ed5b7078f7f8e2fc51cc7f23e9e4efb9cabe61a5b5fa012783	61
com/infiniteconquest/cli/TurnHandoff.class	1457	0502d2cf2e06f0f18abe2b481bdcc25567e787ebae27a36116035f6fa5145d4a	61
com/infiniteconquest/core/AbilityEffectType.class	1494	63dbda1f80ad540479870602140a815de700ca076e11330c0592bd47f970a36d	61
com/infiniteconquest/core/AbilityTrigger.class	1149	9f328321b5c4daf0d89b3d6fae5a12d2a8bc8ec6f568a2408d6c910eccdcc4d5	61
com/infiniteconquest/core/ActionResult.class	1530	2ab51e3118e2bf2ef6a36a054f870bcb83625e3094218cd3ad3c826ac2843933	61
com/infiniteconquest/core/BoardGeometry.class	3080	5a508e7969c4c7949d2241f268dd5d8d24e156a447118da569f249c1dbeea037	61
com/infiniteconquest/core/BoardPosition.class	2445	963778d3f83902bf51efb24428fd29f77d9f4cf6b3ffd8bbd2e52ce608ed47f7	61
com/infiniteconquest/core/BoardState.class	5433	609a051b39055693886d7b61810b3ea8a7abd5cff6bbda92a44e65521c4f972c	61
com/infiniteconquest/core/CapitalDeployment.class	2579	943281b55a354c842bb30d82e3d003dc4527d6ed8f39b011b7e9c491b5322123	61
com/infiniteconquest/core/CapitalPassive.class	1288	2048c2750d893778fcdf6530bc86a6f7e1ad30fd2cc497d2c97f68e6ad3f166c	61
com/infiniteconquest/core/CapitalPassiveRules$1.class	793	1050c9d629a75cd690240c052bcd1c95701c16f072f20ad78bfa13770819bbfd	61
com/infiniteconquest/core/CapitalPassiveRules.class	10676	799a56e833bfe11deb47c59d385b68b21e7054d4b6c57b49d0f0fdeb1c8593ea	61
com/infiniteconquest/core/CardAbility.class	2344	07c72153f81575f2532f8b6bee437f4d63f7ea3910dcb9b5af6a130e3c94ac8e	61
com/infiniteconquest/core/CardAbilityRules$1.class	1177	5f89836fab5dcbb17df22e1266d97ec83ea8b54eba47ad7167efcfb45c82b097	61
com/infiniteconquest/core/CardAbilityRules.class	6160	80b01d81cbc0ac3bbc7d5b61fdf9d038bf33940bd7d8e5088bf644cb1be976a1	61
com/infiniteconquest/core/CardDefinition.class	11654	cd7f44ad93434dec8887b21c1f9d55eb17bba9ab8c800c1d22ce629d673ff4d7	61
com/infiniteconquest/core/CardInstance.class	4109	362e8c41faa7dc50213e697cf6c78245b76bf61e5b5174c42161cad9423c81b2	61
com/infiniteconquest/core/CardType.class	1136	26abe51fdef5f2d47cebbfd02cb0152f6b0e1ccc1bc92091ad6ff992876dd8b9	61
com/infiniteconquest/core/DeckBuild.class	5279	59b6ed9793336db631bbfeef4f180700ab691334d87981bca8707775f588d8d3	61
com/infiniteconquest/core/DeckValidator.class	3095	b3c20368d736909e11bf7a944bc31258653da39ea06088abbfdb36e16bc14684	61
com/infiniteconquest/core/DevelopmentPassive.class	1192	c8977e6baf92bff9e094b5db1cbcbedff1016460825c7af72e74a56c411f50ba	61
com/infiniteconquest/core/DevelopmentRules$1.class	905	36178ea3703edff68dbf5d8bfa1d93db63b0fe4e8230fea4706385e0016e8360	61
com/infiniteconquest/core/DevelopmentRules.class	1245	5b2caffe10c84f9ee4e62116bcbb4591ff5641dd029eaec65b4c3af735862fa8	61
com/infiniteconquest/core/GameAction$ActivateAbility.class	1502	f14baaa3dc1e190aa76cf055f547bd097d5f6d6ce74de0f87d5f50624defe0ce	61
com/infiniteconquest/core/GameAction$Attack.class	1583	e7772f93b144a919451a0dc96cc4abd9a51c66a951c41275ff8db34686cb6eba	61
com/infiniteconquest/core/GameAction$BlinkCharacter.class	1736	3a320f786f90963ebf84a4ef0485dd200f50b3f91e3446103bfdc2a41748099b	61
com/infiniteconquest/core/GameAction$BurrowCharacter.class	1741	0dfcee704229337e9937fabecf33ecd29d53265b5b7eef841c569ed5443e76d2	61
com/infiniteconquest/core/GameAction$CastSpell.class	1830	189f24a2b3ccb5dbd98e07555502b81266dc920b0c2b6d74bcda2d62ae08753d	61
com/infiniteconquest/core/GameAction$EndTurn.class	1297	b4d8b338138f0e8defbe2f497478498ce05bc1b181e9a51cbbf7a58d3165df7e	61
com/infiniteconquest/core/GameAction$MoveCharacter.class	1731	095f572bf629ca2a0f681ad6af93d693b2c5497f311048917ff5d9f7e6b6c13c	61
com/infiniteconquest/core/GameAction$PlayLand.class	1706	04ba073d174aecbd13880983ebe044f54d8289bd406907eb10c8730f59452374	61
com/infiniteconquest/core/GameAction$PlayStructure.class	1731	460f8fbaeddb82accd3ef127b04aa557abe8cc9c6f7605a9c3da0e15ce2c77d8	61
com/infiniteconquest/core/GameAction$SummonCharacter.class	1741	f2ae0b55363e84d7e940cee5e2d5d78b0454c1b6dbe6694f753239fdcdaf8082	61
com/infiniteconquest/core/GameAction.class	1037	be63020f0a48680e528d5e2299e83ab56e9f16710888eb24e0fb5003a2d3c637	61
com/infiniteconquest/core/GameEngine$1.class	1052	f28578438c4fbda8dbd6b7f06cd371ecdb0575bff94373221d2e02b084838e01	61
com/infiniteconquest/core/GameEngine$OpportunityThreat.class	2280	c434880b9772dd0d8de5cbb52b155b24d918d09f331e1b5433a863d5b1d8e606	61
com/infiniteconquest/core/GameEngine.class	29086	1f21dc79f77e5332c83dc5b8f93ea4d78fdaaca9d7fb15bfcfa90110b7c19f59	61
com/infiniteconquest/core/GameEvent$Type.class	2351	84685137c6e7b6eee98915629ee75f707a41a7e9aa609374187e619142adb335	61
com/infiniteconquest/core/GameEvent.class	1863	b4c6f9707b7b6848d74272bb245a87aaf2cc73d3e26c94c3be2c12cd6363da7c	61
com/infiniteconquest/core/GameSnapshot$CardView.class	2975	1a6a85d7b68fc869dd6627af6ffac22c7b914be6dd6e8093437bb75e80b67e24	61
com/infiniteconquest/core/GameSnapshot.class	3861	99c2b7565789a855d227042d435c2dd9727da3a1cc3f3ecc4ea2808be18247a7	61
com/infiniteconquest/core/GameState$1.class	1486	627dea29c8b98444921693e9f99bba04c0d3af1f4dd1edc96a05db1055699802	61
com/infiniteconquest/core/GameState.class	29539	c450e80c78ef3e30634be9079e3d3359b3a4487e4fa1cbbf2fcf3dac455421ff	61
com/infiniteconquest/core/KeywordValue.class	1505	e546ccc86749d7be3c844e1c58626f820a87abf9f0fb62673705239c7126d85a	61
com/infiniteconquest/core/LineOfSightRules.class	6784	50af70d88789e4de6259cf15245d6869a7a3385b4b689a9fe5b10e536e3f4d8f	61
com/infiniteconquest/core/MatchFactory.class	3869	af466003ffda8074bd1dae2321f8741ef9711126164972537de9f4aa65f1b25b	61
com/infiniteconquest/core/MatchRules.class	2595	a0b897ead1e58d369874a2d001ec06cb146d7826991f9aee162555da89a49f2f	61
com/infiniteconquest/core/MovementRules$Passability.class	1249	b11b552ed4bd840758d80b195c8bcdb61f1e2d90e7a20b367a04729a2a9c94cb	61
com/infiniteconquest/core/MovementRules.class	7028	a1c23840e77db9ea9154d882118c4d2dbe8483aa76bc0749e7cf6be4c46126e1	61
com/infiniteconquest/core/Phase.class	1059	7e64a7d96eb6880b210b7b562b93a509389b9b421af4b00bad2443a5362d4ad0	61
com/infiniteconquest/core/PlayerState.class	3750	83f6e9b92dcd3049b7e1f587dc90e80fa5cd79b2312bde105f492991af335e72	61
com/infiniteconquest/core/SpellEffect.class	2061	eef7cc74800a54a3bf084d39eb52a37414f143c52c6cc59350ef2831e41aaaab	61
com/infiniteconquest/core/SpellEffectType.class	1367	2b4f29ec7c77acb51459034f0061bfb81945adf6615963579185cb614e1b1acc	61
com/infiniteconquest/core/SpellTarget.class	1062	5136685b5ac8f6b84935cb869298543e7d6a4667084c1829798d25717d39d7ba	61
com/infiniteconquest/core/TerrainRules$1.class	1229	f6e0227ca62464bdf8bcc9c8988fe6ffc599038a0c4a2ce92478aea273823be4	61
com/infiniteconquest/core/TerrainRules.class	15659	4ecb0cda32713609b943395fa56e8953b9bf4147ce07e1dad374b7e938e1049f	61
com/infiniteconquest/core/VictoryEvaluator.class	2957	9a9ba5a631c4a7e47406f51a3d3f6f8b6175371a78f83eefe551030a24754690	61
com/infiniteconquest/core/Zone.class	1105	c3a77a75c3e82564fd60719017edeaba1521bb2c0f37d87f1309ee91f0a14a98	61
com/infiniteconquest/data/CardCatalog$CatalogDocument.class	1735	a8c062208f48d4c6ecedd787419ab79eb9cce66f4f2b3d2ab443ef98adeb0327	61
com/infiniteconquest/data/CardCatalog.class	5435	43fe6f463e76c4a17dddb95fc2bef9a8bdea6b6da2f036bbd2a84e2d858827e0	61
com/infiniteconquest/data/CardData.class	8323	b53349f5b3d9b85819495088b269589e3b57f73bcc59f5de384baba4bb569734	61
com/infiniteconquest/data/ContentStatus.class	1084	44a1f30ea976f1e795ce578e9c70b5fba567542816ed4528267c7a34190c01ec	61
com/infiniteconquest/data/Keyword.class	1846	726ed81799015906ea95ed71e81622b8c57615dc7fb8605782fcd0ab15932918	61
com/infiniteconquest/data/KeywordEffect.class	327	cfbadc7f6a7c60f5d6c02317bb25bf447b98a017f7b54dcbe5282451cb4aa1d5	61
com/infiniteconquest/data/KeywordEffectRegistry.class	2342	0c30cc6949b2d0d17d4b8f573b5449e1bf1aadee6accf6ed90036fe8c1e63264	61
com/infiniteconquest/gui/ActionSummary.class	1124	a89bbbb88bb4427f497310cbe7ae42663de3e46859582e056eb91c613c92ff30	61
com/infiniteconquest/gui/BoardPerspective.class	1952	fae8e51990f7ed6e1a165adb66eb85a4d4c70b344397e00293810ea8a0006aaf	61
com/infiniteconquest/gui/BotPresentationPacer.class	517	cd12fe6e385b66200828ae110f546dc54670fe6ce931808338d04fcfc6a8fc9f	61
com/infiniteconquest/gui/CardArtFactory$1.class	758	41d20c0d48b828d00c884530004a746d6ee6c2cbddd930680a7d61451b60fdda	61
com/infiniteconquest/gui/CardArtFactory$2.class	1845	94cc4fe21c69825df5e66195175409d0f4a551631e895d1a8042f284012f9b37	61
com/infiniteconquest/gui/CardArtFactory$Motif.class	1786	ac25ecbaa3e509d8d69c9f6c941d6b94589469beebd7c813e8b0245cf4470649	61
com/infiniteconquest/gui/CardArtFactory.class	20792	d4fa1e96be43164efdf107d7897db19bb42cb23b6d8170b4c0f44b7ed00819c9	61
com/infiniteconquest/gui/CardInspectionPanel.class	4329	1740d6b56a6f1dcaaf7edfdebd92c45933fa39893a5f6a950cbe99b2da6a97ae	61
com/infiniteconquest/gui/CardRulesText$1.class	2737	865ef9a19dd3ac5f222541bdd67cd7e7d218ebb784f4f2a89460829b72324c49	61
com/infiniteconquest/gui/CardRulesText.class	9020	0afcf9b752fc39d8bbcfa9a3596715678406c457636a8ee5f699ef00e9127f72	61
com/infiniteconquest/gui/CreditsScreen.class	2320	5adfc77640cc5099c8afbca17ee94a03841111a86a78d99c0a781d525ce111d7	61
com/infiniteconquest/gui/DeckBuilderDialog$1.class	4275	b6d4f5dbf1fefc3a80440a66ba4b0966f5c3339ef1ac8e0f4b002304ebcbe57c	61
com/infiniteconquest/gui/DeckBuilderDialog.class	25095	bb4b5f339b1de003133122ca4a155f1668fd09b8165ff23545386d4f124cddb9	61
com/infiniteconquest/gui/Fx.class	1954	323c822827404432e45ee16815b3200cf0a853c5720570796c773fb12d5bed27	61
com/infiniteconquest/gui/GameContext.class	6199	930278a6673bcb3f4384e18b4a1b5c5cfc1ae0f7ef1f672d2d7af4c2e61154bc	61
com/infiniteconquest/gui/GameSettings$AnimationMode.class	1195	80e28e9fa80bd1b003f94ccafc7634e416efe3d1fbb53b70701b385526ab92e8	61
com/infiniteconquest/gui/GameSettings.class	7250	4b29e537358a5a9fe4e3146b0b0dc987e7ed63ef0096c30479bfcf580b8d85f7	61
com/infiniteconquest/gui/GameShell$1.class	595	fa3cc7ea1692497ea95e06ee96712d746b54d7b4990b6a96f29e446539afc4e3	61
com/infiniteconquest/gui/GameShell.class	11139	23bc252afd309142dcbeea89e4f89422d3dfbe2b8e463829d7c4393fea39b2c9	61
com/infiniteconquest/gui/GameVersion.class	1541	7b5722cc59ee11b46d8b3a43b474c1595cff41ea2efb8239b074f1fb93a0b870	61
com/infiniteconquest/gui/GuiScreenshotHarness.class	12072	355b17cb6583104a12fa3467329ab8860e3fe959c661979d777dd9b33dccf69e	61
com/infiniteconquest/gui/HexBoardPanel.class	8356	e81772922cb7ad49fb4578edb12706601dff08411425717679af11d61f22b3c7	61
com/infiniteconquest/gui/HexText.class	1871	cddf1323bf174bdfe3904bfcd94a23b29b4326964c843de1d3e9a23585b15aef	61
com/infiniteconquest/gui/HoverLiftButton$1.class	763	3843155f033a6f36f62d73411aa5a9247ac65e5b03f29935f8833736e8ddac63	61
com/infiniteconquest/gui/HoverLiftButton$2.class	760	967f1d2a0a6925338d4e610ae080c0bc4371140161e0cf9a2d39ebc433dad9b9	61
com/infiniteconquest/gui/HoverLiftButton.class	3675	f04eadb9635e945334b640c8bb44794fc450471a2b706c9fa0c7d4732bf451bf	61
com/infiniteconquest/gui/HowToPlayScreen.class	13381	bee2a7f7f432854277a713f3616d85fb3c16d96074c37b51edb78e3bceab3bc8	61
com/infiniteconquest/gui/InfiniteConquestGui$1.class	1087	023314cd91072f99b71026e7b236c01f54384dd1cc7b88c5440704829f9b45ca	61
com/infiniteconquest/gui/InfiniteConquestGui$10.class	789	8536dd31832cab70dac5bb8e92b01f9652529eda5f70b711a45fc4155a05fc8d	61
com/infiniteconquest/gui/InfiniteConquestGui$11.class	5384	bc8bdd47c7278f08dfc1ceef5e5d27730ad50a5f70b6867c15e911d9ccfd06e6	61
com/infiniteconquest/gui/InfiniteConquestGui$12.class	4945	dfdf442a7cf78cfc93a1aa060b436085e9016e2ce80e5bd6bbc8ccf59923d856	61
com/infiniteconquest/gui/InfiniteConquestGui$13.class	3871	47c4eb44321074e6c68409bfb54ed7c95bad53fb11701cc88bf7d0f69792710f	61
com/infiniteconquest/gui/InfiniteConquestGui$2.class	3001	296be2b23b16967a84b8461fbd568aeae4398ef857815404880b069e7448a7c9	61
com/infiniteconquest/gui/InfiniteConquestGui$3.class	2267	25c95f7dc727eba32aab9094d181de62808e08aca619673acc4d1df1bd0b0c7e	61
com/infiniteconquest/gui/InfiniteConquestGui$4.class	1043	e036272ddd2816d2139e88e90810c1e1043cd3d991b60ba4c2fe4bcaba89beaa	61
com/infiniteconquest/gui/InfiniteConquestGui$5.class	879	c9840214dc5a8a569ff0c578966c14e29e2c9a6990d5071eba5d35fbd391fb1b	61
com/infiniteconquest/gui/InfiniteConquestGui$6.class	692	3121a5723684dca11d20bd4335eb941a256f1e4c55d3b3c6165ef074cf09ba0c	61
com/infiniteconquest/gui/InfiniteConquestGui$7.class	969	310a7c2308422ec35cb629e2d695d38a622e58c940815a2fd8eea3322eec4fe1	61
com/infiniteconquest/gui/InfiniteConquestGui$8.class	949	8962ba5191ac010d5962dc985f3a783bca4f8716cb95fa73da4b2a7b7ef72781	61
com/infiniteconquest/gui/InfiniteConquestGui$9.class	691	87b1fcddeb1f6e65b15a9c1124962af68372eb7dd41093332463d9202345d54b	61
com/infiniteconquest/gui/InfiniteConquestGui$ActionOption.class	1432	64dbff0c6ca1a6b7e85b82641100ffda08ec168d1465f2eb073e90f4262837ba	61
com/infiniteconquest/gui/InfiniteConquestGui$ActionOptionRenderer.class	3532	d83d00ceb391c6d94d93c10ff4b184534b3a37f1f17783a270daaf66e2e9505b	61
com/infiniteconquest/gui/InfiniteConquestGui$Animation.class	3289	372ce2a104c7b6f19d4f799f0b620efeded2117b2422ada78a926afac269a1eb	61
com/infiniteconquest/gui/InfiniteConquestGui$AnimationStyle.class	1722	5c96debdfb4951a87343e4f60a47f3c24187e9ea04c26c78c73636581e49a06a	61
com/infiniteconquest/gui/InfiniteConquestGui$BattlefieldCell.class	7095	375d1cb97d1e5230d8a3ff5bd53e832450fb33be426f58a60601e68ee6a54d87	61
com/infiniteconquest/gui/InfiniteConquestGui$CapitalChoice.class	1815	75dd7083e6f55a520e12a6322166100ae9f4189c9201ffac0ff8b2b2d0bced35	61
com/infiniteconquest/gui/InfiniteConquestGui$CapitalPlacementPicker.class	5904	656dce0d27fe362afe783e1b02397807e12c73591a2bebe4d255d11053967b27	61
com/infiniteconquest/gui/InfiniteConquestGui$CombatOverlay.class	22679	27517cb8fd4045d2c43ff92b57b7877345831b705eedc60b991ca349710736bb	61
com/infiniteconquest/gui/InfiniteConquestGui$ConfirmStrip.class	5283	cbee0f9f40a308629e4dbd27bd631394863259d9f0c70050fbe6f5c111041b31	61
com/infiniteconquest/gui/InfiniteConquestGui$DragSource.class	1665	a1e001de504d37e93228bdc8af1d7e86f6056ec59218474abef8d0225228f1ee	61
com/infiniteconquest/gui/InfiniteConquestGui$EffectBadge.class	1515	3eba5426db157dffe0a361067078418d5ced49d0db5a9c42b43a69326040496d	61
com/infiniteconquest/gui/InfiniteConquestGui$Intent.class	2657	757daa5cca7bd10e8196f23ed7036aa0136229006fd9f9371b71492d86969431	61
com/infiniteconquest/gui/InfiniteConquestGui$MatchChoice.class	2555	72ed7403a389374025ef504e9f88b273e128d909d35616b7613464b6d50c0946	61
com/infiniteconquest/gui/InfiniteConquestGui$MulliganChoice.class	2559	239f8ca349ebfce32a07fe49113466e24cd2f9323bbc8e1b98c0043d113283ad	61
com/infiniteconquest/gui/InfiniteConquestGui$ReactionOverlay$1.class	783	8c5d35d0361fbcf0bb6375fc4c1b1936fd0f782ba60983d520d24dfeace56416	61
com/infiniteconquest/gui/InfiniteConquestGui$ReactionOverlay$2.class	3444	0d1b1797ccda4e715ce035274790b4f5921fd36aa43a2e0f4bc5921567fd4250	61
com/infiniteconquest/gui/InfiniteConquestGui$ReactionOverlay$DimPanel$1.class	2203	87984808368be88aab31a63a2478a0bfdcfb01d81e36e8cfef62c1fd4f06cdfa	61
com/infiniteconquest/gui/InfiniteConquestGui$ReactionOverlay$DimPanel.class	1498	f62d84c50b183bcc2bba57f06b7a2201d25f493db5716ffc8d9e7686a2ea117b	61
com/infiniteconquest/gui/InfiniteConquestGui$ReactionOverlay.class	21285	72ef73ba8e4b75a92d8ab2541c9e8b9c3c65b03d751230b407e7dc2e3992cfe6	61
com/infiniteconquest/gui/InfiniteConquestGui$TargetOutcome.class	1496	46f2d4558fe69ca53214e1443a7cd10e9053c10b4ff6b8126f33db8ac1b9b82a	61
com/infiniteconquest/gui/InfiniteConquestGui$VictoryPanel.class	5599	e0777601e7ccef2c43a42616b468697049da8ea6f115ea82327f66ef3112c2b6	61
com/infiniteconquest/gui/InfiniteConquestGui$VisualMulliganDialog.class	4542	725cf8d4246111fd8f5357a3a31c0ab7ee4e580c778575a185eb2ec6f2eca065	61
com/infiniteconquest/gui/InfiniteConquestGui.class	142741	c1a6528733801307f93e788cc32672d6f6b1f7686ddc2f16b2857bd2e18540d9	61
com/infiniteconquest/gui/InitiativeCoinPanel$Pose.class	1531	486b4a1122454af104d37952baee7b5e9ccad074faaeb32eacdc4a1e88a733e6	61
com/infiniteconquest/gui/InitiativeCoinPanel$Skin.class	2315	162e7c677b658fcd2ea009d76fb6edcda0f073c7dd206a1aa411cd5a08b4a5f5	61
com/infiniteconquest/gui/InitiativeCoinPanel.class	11327	2fe6540e4c9704f16b7d8b5b3463fa9995e0458ac1bb58f4d90588e57a8c1cc8	61
com/infiniteconquest/gui/InteractionState$Mode.class	1561	e320afc98b4c1561803fc0383008556a14cbc5a88269d78711227edc6e391a0b	61
com/infiniteconquest/gui/InteractionState.class	4843	600fda52b048a5192fd0d2cadbb53f089d1b8070e62d32eaff7c4de323a95dce	61
com/infiniteconquest/gui/LoadingScreen$1.class	3500	5bf3698e11fd04c256bc7a9c1c9f291c6ed69a6aaab019127982131689f0f6f8	61
com/infiniteconquest/gui/LoadingScreen$InitTask.class	1693	a6a78646c9cc4797e13f8d18c2d6b7fe378a486492f0f813b6b4f9e391dde183	61
com/infiniteconquest/gui/LoadingScreen$ThrowingWork.class	396	2b8f24d68c46fd422320cc346fae8ca0dbf320f07d980d0c87b95634975c491f	61
com/infiniteconquest/gui/LoadingScreen.class	6680	798ba6cd48615c28b6d0863636c644822ef1f8062038306fe7114af2c55f64a5	61
com/infiniteconquest/gui/MulliganDialogView$1.class	2075	2cd694e304344a2a72593ea96a9c21db243fa75e9f90f650272943e93e5229bf	61
com/infiniteconquest/gui/MulliganDialogView$2.class	1007	97ac81c6aefcf17c29e3e01406b389380cc4985df6ef26e8b0b83ed78f48b4e2	61
com/infiniteconquest/gui/MulliganDialogView$TraysPanel.class	1026	d5e2a46ebff4e1239f85df3e2e3e2165757f30529d492a33bf107d9fd9fe0b85	61
com/infiniteconquest/gui/MulliganDialogView.class	11697	0ae9a4069bf6725a50331303a3e9d6241b5835501ed294d157e5a728b579d620	61
com/infiniteconquest/gui/MultiplayerScreen$1.class	829	90a54f9091de6277f58bfee802680b432034ed1065bf911b95a70a55aff7d672	61
com/infiniteconquest/gui/MultiplayerScreen$2.class	1616	3779cda9caac399083fe4c06d7a188dfa8ea495e83315b1b14a73d7e9177a747	61
com/infiniteconquest/gui/MultiplayerScreen$3.class	1964	9c2afce9801018b136209bf45cf2834eac9cf5b3c3de24c5b663ad27eb45d22e	61
com/infiniteconquest/gui/MultiplayerScreen$4.class	2310	b703af389b9d3bbcf46c6af10b4de49c060f64fd17cc5acb448898a25e7ad0eb	61
com/infiniteconquest/gui/MultiplayerScreen$5.class	2437	a92d4ec3d1a1b9ec175d90435ce165bef737eab89745a98923437be5108d3e8d	61
com/infiniteconquest/gui/MultiplayerScreen$6.class	1959	8c01243e0f559177baa2cc7bb21cc6772656c8a50c6246b693e42179437e2f13	61
com/infiniteconquest/gui/MultiplayerScreen$7.class	2237	389e4cfed3b10cb095b94ed1afb2bc909fad171f2433d62d85199fa4a0564d8a	61
com/infiniteconquest/gui/MultiplayerScreen$8.class	2022	4fe254ecba96e2ebeeb7a8fb451b48f6df95f71c9f41eace2eff3adbc62ac9d6	61
com/infiniteconquest/gui/MultiplayerScreen.class	31144	fd484d0857784d3d63dccfb0229acb0d9188d1e53580ab563efd94118dd9d421	61
com/infiniteconquest/gui/PresentationQueue$Player.class	342	8d623ac4118499c5b886f716ec7ce23c09060c0f43f71d67a9748bc12fd063ef	61
com/infiniteconquest/gui/PresentationQueue.class	2725	0240175e4be8a5edcb08ae7a5842051fa03fdb545845978f5d0b37b85c839d6b	61
com/infiniteconquest/gui/PresentationSnapshot$CardChange.class	2129	0856307440b64795db460cba9ce5a0b4ab68df8a6b3c3fd0a0ff003fb4f0c913	61
com/infiniteconquest/gui/PresentationSnapshot$CardVisual.class	2843	5e956bf661e875cdeb86abc4d1851ff313142de8ee1d01f9c2082fa4341084b8	61
com/infiniteconquest/gui/PresentationSnapshot$Change.class	1437	db858284a1bad39158db25c39b614022cbd5e8cb71519a4fd438c418df16c89e	61
com/infiniteconquest/gui/PresentationSnapshot$Frame.class	3066	9288443e745e30e8e69d67086909438bc8c437393c0b6e58f7eb2f09742bc909	61
com/infiniteconquest/gui/PresentationSnapshot.class	10134	819df3f36eb227efc69ce9b13ad57ca221121babdc2f61a5130e2cd2b31e8e9f	61
com/infiniteconquest/gui/ReactionPreview$1.class	1065	092abe8e0fd329a0f8e20e1bb1c1ce90661ae8727b0a507631010d57a4977a28	61
com/infiniteconquest/gui/ReactionPreview.class	3388	625bf907e6dcfe4b50894a99391f9264e1c4771922362d35ec867a4325b12fdd	61
com/infiniteconquest/gui/ReadinessIndicators$Readiness.class	1858	be548c88111aa218bb4a975f8ee2d9415b25153ea631fad313b325e42525d081	61
com/infiniteconquest/gui/ReadinessIndicators.class	1560	bf258a47dd8389d3af4b46b798bb7d33279e4a5e5d285c290289f357d2275ad3	61
com/infiniteconquest/gui/ScreenManager$FadeOverlay.class	2330	62aa0161c1ef1729acd0582c3a28d6678699fcfcead8c5c93e999a5fa6feb155	61
com/infiniteconquest/gui/ScreenManager.class	2043	58b32ee86545a14eaead22ae31859b98c9fdc1b57dfe95797fdb344397e011bf	61
com/infiniteconquest/gui/SettingsScreen.class	9664	1d3890f3306a204b81bd12e8983f5e835b2467e4e2c44c1f8ae16147282513e4	61
com/infiniteconquest/gui/ShellScreen.class	255	b391795138e3aef2f695be11bb68b62408afceace7ed54251d78089c28316553	61
com/infiniteconquest/gui/ShellUi$1.class	1190	c4af07ea31ad7eac3cc12a7bf0915945ee9b9c3ac4ab730d156f076826ef4be1	61
com/infiniteconquest/gui/ShellUi$MenuButton.class	5036	eb1b263671180f0a5d9f162178d8e3fe74af6001f955bb254e4868ac6a17b5d2	61
com/infiniteconquest/gui/ShellUi.class	4229	1d2a2d6b81a2cfc6a7484363e857b664d0745ec5ad6e5dad7599c6b977f08123	61
com/infiniteconquest/gui/SoundEffects$Cue.class	2117	0c4bc688cedc6ba79626cf5064b3d78b4cfd7fa994cbf51a959306a5232c58dc	61
com/infiniteconquest/gui/SoundEffects.class	5153	afd953f9ebb1d1b7c87e500c51092990cc8712cc7d487504676e9e7ae0754dff	61
com/infiniteconquest/gui/SubScreen.class	4368	6aacc77ef304b5199ffec9d72b1e0d98cf915b927affa59e7ecd783b4ed2e864	61
com/infiniteconquest/gui/ThemedDialogs.class	9377	4a637527769f2022e8906085598c5f841ee82146e454c22b6dca38b5be166066	61
com/infiniteconquest/gui/TitleScreen$1.class	625	3477885075b5bf077358728f51bbd2bb0f3c474b01f07284f7bb9817e66f6535	61
com/infiniteconquest/gui/TitleScreen$2.class	625	014414568686f5bf02665e0a5e4b1d4b0b8d36f159f478ed629eca81dbb103d3	61
com/infiniteconquest/gui/TitleScreen$3.class	717	7d46012cbd490a3bd03f441acb1843fc35e39f34418d54b7360e62cb48e3b8b8	61
com/infiniteconquest/gui/TitleScreen$4.class	715	74786a98fa877d8dd2799db0580c221a0ee6cd0f5d5cf4939f632cf24a9f0507	61
com/infiniteconquest/gui/TitleScreen$FadePanel.class	1080	c0c59f328c39348466c557a399b40d0f39be51a7636b3524306a35231d449302	61
com/infiniteconquest/gui/TitleScreen$Particle.class	2261	1be3c9aa673eb58910be09a73925c633570a637b181680b1a7168fbc4ce60924	61
com/infiniteconquest/gui/TitleScreen$StormCloud.class	509	c52f9bfc172717e6520523e7374138e31c015f06184fe7dddcf3ed6dd9f4fa08	61
com/infiniteconquest/gui/TitleScreen$TitleBanner.class	2335	ab8cd658327a848433dac63b9b50a2888440cba0ca6a5e075496e7fa109dbfc5	61
com/infiniteconquest/gui/TitleScreen.class	15198	c572e27f8cbeb5f849130c7bfa03127a09c5ffdd3756849681741bf2a560b7b6	61
com/infiniteconquest/gui/UiTheme.class	1357	a67660e05ccd85962eabcb461f636a20cdde1a38294fe1ae990e57a9083fbb5e	61
com/infiniteconquest/gui/UpdateApplier.class	17355	c7ad531a6ab8e5345f3b180a3ef96142ad3190a422fc4df1b2f8588f9fc096bf	61
com/infiniteconquest/gui/UpdateChecker$UpdateInfo.class	2125	07a4fab9ebe7672b1d872cad5fab2880071fe3ef80425bbffc9a59d02e03375b	61
com/infiniteconquest/gui/UpdateChecker.class	6492	72b915011a676ada2c1a706a99fd4b9e0de7eeabc89fdc947799e377a8151082	61
com/infiniteconquest/gui/UpdateDialog$1.class	2328	cf18af3e08e99b8179e1b2c1dd32877eb311c2ed8ae298d9fe2a7004772038f6	61
com/infiniteconquest/gui/UpdateDialog$2.class	4865	f262ff68590ce5dc038cb331830a13298796bde97f910af12e1d7abec5f8a95e	61
com/infiniteconquest/gui/UpdateDialog$PathStaged.class	1632	1c4286e6ea695993f0b68edbf618dafe70fc7d8b8d07076ce68997b524d8756c	61
com/infiniteconquest/gui/UpdateDialog.class	9269	c7a82f2662775a96e33edec47e4141b0b0d87608d01088a650c142ce9def4e96	61
com/infiniteconquest/gui/VisualEffects$Key.class	1703	f04feabf37f4927cabc8e629530cbbbe9ad3eb8a4a007244b612a334c0b2ce5e	61
com/infiniteconquest/gui/VisualEffects$Sprite.class	1712	6f69eed589f08735493522605c4ab05d63f793c0c372a065f8d3c21e68104934	61
com/infiniteconquest/gui/VisualEffects.class	6612	7f9a5176ad2e3e714dc7c24cd4f6f1469cac35c83ee029e73f18f173bd158d48	61
com/infiniteconquest/gui/net/LobbyLease.class	4341	b3b3aa4626da452fd48d86d61c9846259a57180e7856b5aeb30e1e72b25530a9	61
com/infiniteconquest/gui/net/LobbyService$1.class	1170	fa493b1b927d254fe7b0f123eeee66c3719a2ee6aec8eb3411d74961b6b79644	61
com/infiniteconquest/gui/net/LobbyService$LeaderEntry.class	1677	8b4e75ecaff2a80edf2222e4c0614bef5870a46124d6d909927e18920229d436	61
com/infiniteconquest/gui/net/LobbyService$LobbyEntry.class	1722	a4f19d733181c4f572dfc55c537614c7034bdb76e5db205878fb17e661e69c92	61
com/infiniteconquest/gui/net/LobbyService$NotFoundException.class	824	b38d442542714a9a76ca9385ed97d77fef03b9503bebfa759611793629fec192	61
com/infiniteconquest/gui/net/LobbyService$QueuePoll.class	1979	7f3e84e36b6da55a78ae1c434069e9f8df65b9110ed953c1d72356101b2a5137	61
com/infiniteconquest/gui/net/LobbyService$Rating.class	1518	093ce5a7c803cfed22635e1eb6bd9fdd4045c77d269fe8f59858eb032c6beebf	61
com/infiniteconquest/gui/net/LobbyService$ReportResult.class	1700	9e05ce9bb784fe53d10ca348477d71895378c0bb712b64ae658851bca60809a5	61
com/infiniteconquest/gui/net/LobbyService.class	10268	67b88387dd864bc58b361b3e8f47ac8570d68939d06e918448d5ce0c2c775276	61
com/infiniteconquest/gui/net/NetClient$1.class	2256	f19c821ab25405a33b3f987314778d496170564191375e5b691556a6d6262c6d	61
com/infiniteconquest/gui/net/NetClient$Listener.class	1340	02d546bdd41773c2f6d59ad0bb7b6c28d8f697a9f137653e570ad12026b04f4a	61
com/infiniteconquest/gui/net/NetClient.class	9834	e45b14bed20da2ac74111fcffcd6494b53f8f4a4f88233372b010d2c205cdafb	61
com/infiniteconquest/gui/net/NetSession$1.class	1488	549ddb6d69544b1af2e65158d8936fcd4275951dda61fcb17c49d99235549fa4	61
com/infiniteconquest/gui/net/NetSession$Listener.class	709	5fea586dd4ff5cbf88ad0882dc55eff349fa18f336ff0332c617ce092d659180	61
com/infiniteconquest/gui/net/NetSession.class	13547	c7f7ff3eeb4bd3903622ec003efdd720aa4e74030e40a93157e22f147ec090b9	61
com/infiniteconquest/gui/net/NetTransport$Listener.class	338	59fa9ca3923b893bde6b965eef75a611d4420830b66af6779f024b96b1099922	61
com/infiniteconquest/gui/net/NetTransport.class	623	a24d46874cb65b71848a6dff6e7377b4adb54155894402b6dbd9ce6a759787f0	61
com/infiniteconquest/gui/net/TcpNetTransport.class	3588	b41f77e1859029ffcb21d098cac03d4b5bf085a910ea0f83ab6219a75c15fa83	61
com/infiniteconquest/gui/net/TunnelManager$Listener.class	312	23cbe8e03dfbd7bd7f63455591a5403f8b2a0b27a10c1c013cd590e9860a76bb	61
com/infiniteconquest/gui/net/TunnelManager.class	8108	dae6b2ef7622a5ec5b3d21089ec9b80d4d40c8f0bd0afef159bfcbe44ad6e47e	61
com/infiniteconquest/gui/net/WsNetTransport$1.class	2946	ed98c25dd04d11da5d96af84e53dd35846ae051474b41bc79dc3d1194304db38	61
com/infiniteconquest/gui/net/WsNetTransport.class	5190	e8ee2f32443ba573c92ab157853cf9c1867d2139c77f642b5a6cd79857841937	61
com/infiniteconquest/net/DeckDto.class	1978	8c737dee088892f7be6059db0c724c08730ba5185208d268c81d916786633190	61
com/infiniteconquest/net/EmbeddedServer$Peer.class	302	9e5a4ffef92b18794be7220ed1729c6e307eb54bf71018848289529c15a1b1fd	61
com/infiniteconquest/net/EmbeddedServer$PendingReaction.class	794	6b622f2acc7594729057c7ab6bdd833e43e6b98af57ca8ce511a0304d5316212	61
com/infiniteconquest/net/EmbeddedServer$Seat.class	630	0452c735de1e49c7ca4a0c0ea0aee20f41720f5bc854b5b2f643ff6b4eb508ad	61
com/infiniteconquest/net/EmbeddedServer$SessionPhase.class	1308	19f5ddfce26f3ce5f6c4bebf2246d4e663acd4597301cd30e1b9c5342719ecab	61
com/infiniteconquest/net/EmbeddedServer$SocketPeer.class	1445	7f4fb4ac7fac3404b6b50e999cc936bae70a3b7198f69d848eb0d50634e7e6e1	61
com/infiniteconquest/net/EmbeddedServer.class	22978	c3e2d873deecec9606df198e856dd27936a6e1e89f563b5055700124ea905ea8	61
com/infiniteconquest/net/Protocol$ErrorMessage.class	1579	6180e887a1e46096f2ef6bdbfc328902a2ab5a9eba7f608b42510a401866fb02	61
com/infiniteconquest/net/Protocol$FullSnapshot.class	1996	a5168adab508e3a881fdfdaecfdfe4aacc3097941e4675fb6d981a67d7644424	61
com/infiniteconquest/net/Protocol$GameOver.class	2064	1ba30119584fc1de8be0354adbe5473f9f1ae141a334e25233c2bb8d17a0ad48	61
com/infiniteconquest/net/Protocol$Hello.class	2276	fc53fb1b6ed6475b2bf169e7cf5878c44350053a63cf71c18cd939eee9ee661f	61
com/infiniteconquest/net/Protocol$Lobby.class	2220	b7c2d1bb9b887808702172973a1c792644f4a14999666cb1b032ab21cddb1f10	61
com/infiniteconquest/net/Protocol$LobbyPlayer.class	1447	e46f64dd7c989c71b197a9d454135864f5db7217ff52cc88c466db2859642aea	61
com/infiniteconquest/net/Protocol$MulliganDecision.class	2117	1aa1210df167606d18c26735695542aca342a5e13b33460729b93b80f80e4118	61
com/infiniteconquest/net/Protocol$MulliganPrompt.class	2024	3ec52f162019f009afb0e942021b83eb30f7ff77234e0ecfcd8c4d6a1e9ebf59	61
com/infiniteconquest/net/Protocol$MulliganUpdate.class	1724	78200e52434b9661ec90808ff09daf0a243189532ef72e1d7b5eba7bb18f17c7	61
com/infiniteconquest/net/Protocol$PlayerCommand.class	1580	078bb3e0ea8505d55eb2d6cc252784933797ae1a681f5c155b55987d0bc8ee27	61
com/infiniteconquest/net/Protocol$ReactionDecision.class	1602	4b2e3cb240f1d29f5049349fb76e564551784f419e4d1b618ec21246e4b3b0d2	61
com/infiniteconquest/net/Protocol$ReactionPrompt.class	2535	8b6e4a2683f779a271c33ef8c102ac8a925ad12d4bfa917822e1eaf4493c73f4	61
com/infiniteconquest/net/Protocol$ReactionTimeout.class	1615	8064c6e530f546de48d7c0d014b7de11b0904b8ff4e9d07c737318bc3829eb63	61
com/infiniteconquest/net/Protocol$ReactionWaiting.class	1746	d990db0c43fcd65fb28ae388bec2763efe9c07fcf89539f02e84ac2adc969863	61
com/infiniteconquest/net/Protocol$StartMatch.class	1461	5bafd346c38834c1471a620ab18cc84fb3461542f83e8eff5a8c240aa872cb23	61
com/infiniteconquest/net/Protocol$StateUpdate.class	2248	c3dab5b0d341faa31f62e2fd5c0c39ba93a413455b6de5e3f9ee54ef298978af	61
com/infiniteconquest/net/Protocol.class	3952	fd3b60aff3dd5b1f1a747d1eed22f13e0a76e0811c12eafe35a110c4db6c58d2	61
com/infiniteconquest/net/Redactor.class	6722	20abcbc3362fce15fff23c1587bd1eb83aa499bee568d386c71b4a9031cf7e35	61
com/infiniteconquest/net/WsBridge$ByteArrayCollector.class	725	b69b8cd89f75bb7de3a02dc7bf27dfe89be51797ffee8799164b93a945b3c431	61
com/infiniteconquest/net/WsBridge.class	6155	f64c9fb010921cba2819353b663396644c4e446f25287d015ba515a5a143a4b5	61
com/infiniteconquest/net/WsCodec$Frame.class	1486	5e4ee0122ff4fe8a1b3c8a088be66fda699fd3db257a38c9c34536b24aee6902	61
com/infiniteconquest/net/WsCodec.class	6790	0946e0029c5abfa6dab4b4c2dcf219806e1bc38c3531cb36220460f6690d0333	61
module-info.class	190	0a28ac4780d7cbb5ae8cb030d17e2d9d3fbf13cf247c6e831f594974406e1e7d	53
vfx/free-vfx-pack/LICENSE.txt	1811	cdf784fdc1e2202acb786d45008b79208d54d55d459c000db2a8a0603e3b9f7f	
vfx/free-vfx-pack/ember_debris_a.png	6645	22c4ee8b839d4ae545010eaf040f5537df3c1da234025c884da75cb60b214cb5	
vfx/free-vfx-pack/ember_debris_b.png	4467	7a86fdcd1daeaf2aed3e1ae655f3f9b1bb2f4e8a1e667c93a882e374234d86e0	
vfx/free-vfx-pack/ember_debris_c.png	4682	83531831e0902c830e920a8172cad1343281f4b3f8e32ed5a5526c394c6cb860	
vfx/free-vfx-pack/vortex_swirl.png	28282	4f974c693376d2b723dbe38b94df5dd5e9cb14ab49e2cb11cd31316390a4ca61	
vfx/kenney-particle-pack/LICENSE.txt	652	4afb597023cfbbe495c92bee612074fdff33226e7427b1f879aa66f157fb44ce	
vfx/kenney-particle-pack/circle_03.png	69716	5c0d9704ed222df863a6a8602dca952ffcd04421136ea439a0be2f257ebb8c73	
vfx/kenney-particle-pack/flame_04.png	67316	4ca5e6a8693849ed25291c4b8ad3dbbee41641f8b953761eff06ffcfd331fcd4	
vfx/kenney-particle-pack/light_03.png	94243	4e5ebf85c0b9b76336037330f6f6003aec0bfba4c266aba4e24f5876c0bd1d96	
vfx/kenney-particle-pack/magic_01.png	77122	4530b084d541351c779aac12877e831a398f7e4575126fa2a26c5eb2c47ca37b	
vfx/kenney-particle-pack/magic_04.png	46627	5eb4cb258f1d3ba88588221dbe8d34b39ce94e8c45268ced0cf1a1653c1a71be	
vfx/kenney-particle-pack/slash_02.png	35485	37a55c91023d5130ea816d2bd1f5083fe5230842e8308823fd957d38ad15145f	
vfx/kenney-particle-pack/smoke_03.png	38182	03c219c4384206174c44ff6997ffdabd1bd4354709b9569f957bf9aa75e7dafd	
vfx/kenney-particle-pack/spark_07.png	36199	773ccfb10e62b46eaddc64af4fa200e9f78e436b3817ee49d188d0a0d4b9450f	
vfx/kenney-particle-pack/trace_06.png	34070	7f9fde6077987e13760cdfc82cce5ab75c798999c53276abdfa807f4ef6e057d	
