card_id,name,faction,type,source,art_path,art_status,needed_3d,animation_events,sound_cues,provenance,status,expansion_gap,notes
demo_land_a,Aether Field,DEMO,LAND,alpha-json,,procedural-fallback,3D terrain hex tile / environment piece; placement + activation states,deploy;land_pop(120ms);activated_ability;destroy(320ms),DEPLOY;DESTROY;CLICK,game-core/src/main/resources/cards/development-cards.json @ 992bc95c7164416ea0a25a4ce120f6ec0a0a167a,PROTOTYPE,false,runtime via PrototypeCardPool
demo_land_b,Forge District,DEMO,LAND,alpha-json,,procedural-fallback,3D terrain hex tile / environment piece; placement + activation states,deploy;land_pop(120ms);activated_ability;destroy(320ms),DEPLOY;DESTROY;CLICK,game-core/src/main/resources/cards/development-cards.json @ 992bc95c7164416ea0a25a4ce120f6ec0a0a167a,PROTOTYPE,false,runtime via PrototypeCardPool
demo_land_c,Moonlit Grove,DEMO,LAND,alpha-json,,procedural-fallback,3D terrain hex tile / environment piece; placement + activation states,deploy;land_pop(120ms);activated_ability;destroy(320ms),DEPLOY;DESTROY;CLICK,game-core/src/main/resources/cards/development-cards.json @ 992bc95c7164416ea0a25a4ce120f6ec0a0a167a,PROTOTYPE,false,runtime via PrototypeCardPool
demo_sunken_archive,Sunken Archive,DEMO,LAND,alpha-json,,procedural-fallback,3D terrain hex tile / environment piece; placement + activation states,deploy;land_pop(120ms);activated_ability;destroy(320ms),DEPLOY;DESTROY;CLICK,game-core/src/main/resources/cards/development-cards.json @ 992bc95c7164416ea0a25a4ce120f6ec0a0a167a,PROTOTYPE,false,runtime via PrototypeCardPool
demo_skybridge,Skybridge,DEMO,LAND,alpha-json,,procedural-fallback,3D terrain hex tile / environment piece; placement + activation states,deploy;land_pop(120ms);activated_ability;destroy(320ms),DEPLOY;DESTROY;CLICK,game-core/src/main/resources/cards/development-cards.json @ 992bc95c7164416ea0a25a4ce120f6ec0a0a167a,PROTOTYPE,false,runtime via PrototypeCardPool
demo_volcanic_forge,Volcanic Forge,DEMO,LAND,alpha-json,,procedural-fallback,3D terrain hex tile / environment piece; placement + activation states,deploy;land_pop(120ms);activated_ability;destroy(320ms),DEPLOY;DESTROY;CLICK,game-core/src/main/resources/cards/development-cards.json @ 992bc95c7164416ea0a25a4ce120f6ec0a0a167a,PROTOTYPE,false,runtime via PrototypeCardPool
demo_structure_a,Watchtower,DEMO,STRUCTURE,alpha-json,,procedural-fallback,3D structure model for hex board; placement + activation states,deploy;activated_ability;destroy(320ms),DEPLOY;DESTROY;CLICK,game-core/src/main/resources/cards/development-cards.json @ 992bc95c7164416ea0a25a4ce120f6ec0a0a167a,PROTOTYPE,false,runtime via PrototypeCardPool
demo_structure_b,Aegis Relay,DEMO,STRUCTURE,alpha-json,,procedural-fallback,3D structure model for hex board; placement + activation states,deploy;activated_ability;destroy(320ms),DEPLOY;DESTROY;CLICK,game-core/src/main/resources/cards/development-cards.json @ 992bc95c7164416ea0a25a4ce120f6ec0a0a167a,PROTOTYPE,false,runtime via PrototypeCardPool
demo_ballista_nest,Ballista Nest,DEMO,STRUCTURE,alpha-json,,procedural-fallback,3D structure model for hex board; placement + activation states,deploy;activated_ability;destroy(320ms),DEPLOY;DESTROY;CLICK,game-core/src/main/resources/cards/development-cards.json @ 992bc95c7164416ea0a25a4ce120f6ec0a0a167a,PROTOTYPE,false,runtime via PrototypeCardPool
demo_healing_sanctum,Healing Sanctum,DEMO,STRUCTURE,alpha-json,,procedural-fallback,3D structure model for hex board; placement + activation states,deploy;activated_ability;destroy(320ms),DEPLOY;DESTROY;CLICK,game-core/src/main/resources/cards/development-cards.json @ 992bc95c7164416ea0a25a4ce120f6ec0a0a167a,PROTOTYPE,false,runtime via PrototypeCardPool
demo_shield_generator,Shield Generator,DEMO,STRUCTURE,alpha-json,,procedural-fallback,3D structure model for hex board; placement + activation states,deploy;activated_ability;destroy(320ms),DEPLOY;DESTROY;CLICK,game-core/src/main/resources/cards/development-cards.json @ 992bc95c7164416ea0a25a4ce120f6ec0a0a167a,PROTOTYPE,false,runtime via PrototypeCardPool
demo_burrower_mole,Burrower Mole,DEMO,CHARACTER,alpha-json,,procedural-fallback,"3D character model — stylized, faction-themed; idle/attack/hit/death states",deploy_flight(400ms);move(320ms);melee(360ms)/ranged_projectile;damage_float(1200ms);hit_flash(350ms);destroy(320ms),DEPLOY;MOVE;MELEE/RANGED;DAMAGE;DESTROY,game-core/src/main/resources/cards/development-cards.json @ 992bc95c7164416ea0a25a4ce120f6ec0a0a167a,PROTOTYPE,false,runtime via PrototypeCardPool
demo_bronze_hoplite,Bronze Hoplite,DEMO,CHARACTER,alpha-json,,procedural-fallback,"3D character model — stylized, faction-themed; idle/attack/hit/death states",deploy_flight(400ms);move(320ms);melee(360ms)/ranged_projectile;damage_float(1200ms);hit_flash(350ms);destroy(320ms),DEPLOY;MOVE;MELEE/RANGED;DAMAGE;DESTROY,game-core/src/main/resources/cards/development-cards.json @ 992bc95c7164416ea0a25a4ce120f6ec0a0a167a,PROTOTYPE,false,runtime via PrototypeCardPool
demo_oracle_skimmer,Oracle Skimmer,DEMO,CHARACTER,alpha-json,,procedural-fallback,"3D character model — stylized, faction-themed; idle/attack/hit/death states",deploy_flight(400ms);move(320ms);melee(360ms)/ranged_projectile;damage_float(1200ms);hit_flash(350ms);destroy(320ms),DEPLOY;MOVE;MELEE/RANGED;DAMAGE;DESTROY,game-core/src/main/resources/cards/development-cards.json @ 992bc95c7164416ea0a25a4ce120f6ec0a0a167a,PROTOTYPE,false,runtime via PrototypeCardPool
demo_storm_lancer,Storm Lancer,DEMO,CHARACTER,alpha-json,,procedural-fallback,"3D character model — stylized, faction-themed; idle/attack/hit/death states",deploy_flight(400ms);move(320ms);melee(360ms)/ranged_projectile;damage_float(1200ms);hit_flash(350ms);destroy(320ms),DEPLOY;MOVE;MELEE/RANGED;DAMAGE;DESTROY,game-core/src/main/resources/cards/development-cards.json @ 992bc95c7164416ea0a25a4ce120f6ec0a0a167a,PROTOTYPE,false,runtime via PrototypeCardPool
demo_ember_sapper,Ember Sapper,DEMO,CHARACTER,alpha-json,,procedural-fallback,"3D character model — stylized, faction-themed; idle/attack/hit/death states",deploy_flight(400ms);move(320ms);melee(360ms)/ranged_projectile;damage_float(1200ms);hit_flash(350ms);destroy(320ms),DEPLOY;MOVE;MELEE/RANGED;DAMAGE;DESTROY,game-core/src/main/resources/cards/development-cards.json @ 992bc95c7164416ea0a25a4ce120f6ec0a0a167a,PROTOTYPE,false,runtime via PrototypeCardPool
demo_atlas_guard,Atlas Guard,DEMO,CHARACTER,alpha-json,,procedural-fallback,"3D character model — stylized, faction-themed; idle/attack/hit/death states",deploy_flight(400ms);move(320ms);melee(360ms)/ranged_projectile;damage_float(1200ms);hit_flash(350ms);destroy(320ms),DEPLOY;MOVE;MELEE/RANGED;DAMAGE;DESTROY,game-core/src/main/resources/cards/development-cards.json @ 992bc95c7164416ea0a25a4ce120f6ec0a0a167a,PROTOTYPE,false,runtime via PrototypeCardPool
demo_siren_channeler,Siren Channeler,DEMO,CHARACTER,alpha-json,,procedural-fallback,"3D character model — stylized, faction-themed; idle/attack/hit/death states",deploy_flight(400ms);move(320ms);melee(360ms)/ranged_projectile;damage_float(1200ms);hit_flash(350ms);destroy(320ms),DEPLOY;MOVE;MELEE/RANGED;DAMAGE;DESTROY,game-core/src/main/resources/cards/development-cards.json @ 992bc95c7164416ea0a25a4ce120f6ec0a0a167a,PROTOTYPE,false,runtime via PrototypeCardPool
demo_hermes_courier,Hermes Courier,DEMO,CHARACTER,alpha-json,,procedural-fallback,"3D character model — stylized, faction-themed; idle/attack/hit/death states",deploy_flight(400ms);move(320ms);melee(360ms)/ranged_projectile;damage_float(1200ms);hit_flash(350ms);destroy(320ms),DEPLOY;MOVE;MELEE/RANGED;DAMAGE;DESTROY,game-core/src/main/resources/cards/development-cards.json @ 992bc95c7164416ea0a25a4ce120f6ec0a0a167a,PROTOTYPE,false,runtime via PrototypeCardPool
zeus_ability_stormfront,Stormfront Plateau,ZEUS,LAND,alpha-json,game-gui/src/main/resources/art/lands/zeus_ability_stormfront.jpg,bespoke,3D terrain hex tile / environment piece; placement + activation states,deploy;land_pop(120ms);activated_ability;destroy(320ms),DEPLOY;DESTROY;CLICK,game-core/src/main/resources/cards/faction-ability-cards.json @ 992bc95c7164416ea0a25a4ce120f6ec0a0a167a,PROTOTYPE,false,runtime via PrototypeCardPool
zeus_ability_oracle_spire,Oracle Spire,ZEUS,STRUCTURE,alpha-json,game-gui/src/main/resources/art/structures/zeus_ability_oracle_spire.jpg,bespoke,3D structure model for hex board; placement + activation states,deploy;activated_ability;destroy(320ms),DEPLOY;DESTROY;CLICK,game-core/src/main/resources/cards/faction-ability-cards.json @ 992bc95c7164416ea0a25a4ce120f6ec0a0a167a,PROTOTYPE,false,runtime via PrototypeCardPool
zeus_ability_skyline_seer,Skyline Seer,ZEUS,CHARACTER,alpha-json,game-gui/src/main/resources/art/characters/zeus_ability_skyline_seer.jpg,bespoke,"3D character model — stylized, faction-themed; idle/attack/hit/death states",deploy_flight(400ms);move(320ms);melee(360ms)/ranged_projectile;damage_float(1200ms);hit_flash(350ms);destroy(320ms),DEPLOY;MOVE;MELEE/RANGED;DAMAGE;DESTROY,game-core/src/main/resources/cards/faction-ability-cards.json @ 992bc95c7164416ea0a25a4ce120f6ec0a0a167a,PROTOTYPE,false,runtime via PrototypeCardPool
poseidon_ability_healing_shoal,Healing Shoal,POSEIDON,LAND,alpha-json,game-gui/src/main/resources/art/lands/poseidon_ability_healing_shoal.jpg,bespoke,3D terrain hex tile / environment piece; placement + activation states,deploy;land_pop(120ms);activated_ability;destroy(320ms),DEPLOY;DESTROY;CLICK,game-core/src/main/resources/cards/faction-ability-cards.json @ 992bc95c7164416ea0a25a4ce120f6ec0a0a167a,PROTOTYPE,false,runtime via PrototypeCardPool
poseidon_ability_tidewell,Tidewell Bastion,POSEIDON,STRUCTURE,alpha-json,game-gui/src/main/resources/art/structures/poseidon_ability_tidewell.jpg,bespoke,3D structure model for hex board; placement + activation states,deploy;activated_ability;destroy(320ms),DEPLOY;DESTROY;CLICK,game-core/src/main/resources/cards/faction-ability-cards.json @ 992bc95c7164416ea0a25a4ce120f6ec0a0a167a,PROTOTYPE,false,runtime via PrototypeCardPool
poseidon_ability_reefwarden,Reefwarden,POSEIDON,CHARACTER,alpha-json,game-gui/src/main/resources/art/characters/poseidon_ability_reefwarden.jpg,bespoke,"3D character model — stylized, faction-themed; idle/attack/hit/death states",deploy_flight(400ms);move(320ms);melee(360ms)/ranged_projectile;damage_float(1200ms);hit_flash(350ms);destroy(320ms),DEPLOY;MOVE;MELEE/RANGED;DAMAGE;DESTROY,game-core/src/main/resources/cards/faction-ability-cards.json @ 992bc95c7164416ea0a25a4ce120f6ec0a0a167a,PROTOTYPE,false,runtime via PrototypeCardPool
zeus_apex_thunder_gods_verdict,Thunder God's Verdict,ZEUS,SPELL,alpha-json,game-gui/src/main/resources/art/spells/zeus_apex_thunder_gods_verdict.jpg,bespoke,3D spell VFX — projectile/area effect (Kenney particle pack as baseline),cast;play_flight(400ms);particle_burst(Kenney);resolve,SPELL;DAMAGE,game-core/src/main/resources/cards/faction-apex-cards.json @ 992bc95c7164416ea0a25a4ce120f6ec0a0a167a,PROTOTYPE,false,runtime via PrototypeCardPool
zeus_apex_wrath_of_olympus,Wrath of Olympus,ZEUS,SPELL,alpha-json,game-gui/src/main/resources/art/spells/zeus_apex_wrath_of_olympus.jpg,bespoke,3D spell VFX — projectile/area effect (Kenney particle pack as baseline),cast;play_flight(400ms);particle_burst(Kenney);resolve,SPELL;DAMAGE,game-core/src/main/resources/cards/faction-apex-cards.json @ 992bc95c7164416ea0a25a4ce120f6ec0a0a167a,PROTOTYPE,false,runtime via PrototypeCardPool
zeus_apex_divine_tailwind,Divine Tailwind,ZEUS,SPELL,alpha-json,game-gui/src/main/resources/art/spells/zeus_apex_divine_tailwind.jpg,bespoke,3D spell VFX — projectile/area effect (Kenney particle pack as baseline),cast;play_flight(400ms);particle_burst(Kenney);resolve,SPELL;DAMAGE,game-core/src/main/resources/cards/faction-apex-cards.json @ 992bc95c7164416ea0a25a4ce120f6ec0a0a167a,PROTOTYPE,false,runtime via PrototypeCardPool
zeus_apex_crownstorm_ascendance,Crownstorm Ascendance,ZEUS,SPELL,alpha-json,game-gui/src/main/resources/art/spells/zeus_apex_crownstorm_ascendance.jpg,bespoke,3D spell VFX — projectile/area effect (Kenney particle pack as baseline),cast;play_flight(400ms);particle_burst(Kenney);resolve,SPELL;DAMAGE,game-core/src/main/resources/cards/faction-apex-cards.json @ 992bc95c7164416ea0a25a4ce120f6ec0a0a167a,PROTOTYPE,false,runtime via PrototypeCardPool
zeus_apex_imperial_sky_aegis,Imperial Sky Aegis,ZEUS,SPELL,alpha-json,game-gui/src/main/resources/art/spells/zeus_apex_imperial_sky_aegis.jpg,bespoke,3D spell VFX — projectile/area effect (Kenney particle pack as baseline),cast;play_flight(400ms);particle_burst(Kenney);resolve,SPELL;DAMAGE,game-core/src/main/resources/cards/faction-apex-cards.json @ 992bc95c7164416ea0a25a4ce120f6ec0a0a167a,PROTOTYPE,false,runtime via PrototypeCardPool
zeus_apex_skyfather_archon,Skyfather Archon,ZEUS,CHARACTER,alpha-json,game-gui/src/main/resources/art/characters/zeus_apex_skyfather_archon.jpg,bespoke,"3D character model — stylized, faction-themed; idle/attack/hit/death states",deploy_flight(400ms);move(320ms);melee(360ms)/ranged_projectile;damage_float(1200ms);hit_flash(350ms);destroy(320ms),DEPLOY;MOVE;MELEE/RANGED;DAMAGE;DESTROY,game-core/src/main/resources/cards/faction-apex-cards.json @ 992bc95c7164416ea0a25a4ce120f6ec0a0a167a,PROTOTYPE,false,runtime via PrototypeCardPool
zeus_apex_keraunos_seraph,Keraunos Seraph,ZEUS,CHARACTER,alpha-json,game-gui/src/main/resources/art/characters/zeus_apex_keraunos_seraph.jpg,bespoke,"3D character model — stylized, faction-themed; idle/attack/hit/death states",deploy_flight(400ms);move(320ms);melee(360ms)/ranged_projectile;damage_float(1200ms);hit_flash(350ms);destroy(320ms),DEPLOY;MOVE;MELEE/RANGED;DAMAGE;DESTROY,game-core/src/main/resources/cards/faction-apex-cards.json @ 992bc95c7164416ea0a25a4ce120f6ec0a0a167a,PROTOTYPE,false,runtime via PrototypeCardPool
zeus_apex_olympian_storm_titan,Olympian Storm Titan,ZEUS,CHARACTER,alpha-json,game-gui/src/main/resources/art/characters/zeus_apex_olympian_storm_titan.jpg,bespoke,"3D character model — stylized, faction-themed; idle/attack/hit/death states",deploy_flight(400ms);move(320ms);melee(360ms)/ranged_projectile;damage_float(1200ms);hit_flash(350ms);destroy(320ms),DEPLOY;MOVE;MELEE/RANGED;DAMAGE;DESTROY,game-core/src/main/resources/cards/faction-apex-cards.json @ 992bc95c7164416ea0a25a4ce120f6ec0a0a167a,PROTOTYPE,false,runtime via PrototypeCardPool
zeus_apex_celestial_throne_grid,Celestial Throne Grid,ZEUS,LAND,alpha-json,game-gui/src/main/resources/art/lands/zeus_apex_celestial_throne_grid.jpg,bespoke,3D terrain hex tile / environment piece; placement + activation states,deploy;land_pop(120ms);activated_ability;destroy(320ms),DEPLOY;DESTROY;CLICK,game-core/src/main/resources/cards/faction-apex-cards.json @ 992bc95c7164416ea0a25a4ce120f6ec0a0a167a,PROTOTYPE,false,runtime via PrototypeCardPool
zeus_apex_worldstorm_spire,Worldstorm Spire,ZEUS,STRUCTURE,alpha-json,game-gui/src/main/resources/art/structures/zeus_apex_worldstorm_spire.jpg,bespoke,3D structure model for hex board; placement + activation states,deploy;activated_ability;destroy(320ms),DEPLOY;DESTROY;CLICK,game-core/src/main/resources/cards/faction-apex-cards.json @ 992bc95c7164416ea0a25a4ce120f6ec0a0a167a,PROTOTYPE,false,runtime via PrototypeCardPool
poseidon_apex_atlantis_crown_basin,Atlantis Crown Basin,POSEIDON,LAND,alpha-json,game-gui/src/main/resources/art/lands/poseidon_apex_atlantis_crown_basin.jpg,bespoke,3D terrain hex tile / environment piece; placement + activation states,deploy;land_pop(120ms);activated_ability;destroy(320ms),DEPLOY;DESTROY;CLICK,game-core/src/main/resources/cards/faction-apex-cards.json @ 992bc95c7164416ea0a25a4ce120f6ec0a0a167a,PROTOTYPE,false,runtime via PrototypeCardPool
poseidon_apex_oceanus_current_vault,Oceanus Current Vault,POSEIDON,LAND,alpha-json,game-gui/src/main/resources/art/lands/poseidon_apex_oceanus_current_vault.jpg,bespoke,3D terrain hex tile / environment piece; placement + activation states,deploy;land_pop(120ms);activated_ability;destroy(320ms),DEPLOY;DESTROY;CLICK,game-core/src/main/resources/cards/faction-apex-cards.json @ 992bc95c7164416ea0a25a4ce120f6ec0a0a167a,PROTOTYPE,false,runtime via PrototypeCardPool
poseidon_apex_leviathan_nursery_trench,Leviathan Nursery Trench,POSEIDON,LAND,alpha-json,game-gui/src/main/resources/art/lands/poseidon_apex_leviathan_nursery_trench.jpg,bespoke,3D terrain hex tile / environment piece; placement + activation states,deploy;land_pop(120ms);activated_ability;destroy(320ms),DEPLOY;DESTROY;CLICK,game-core/src/main/resources/cards/faction-apex-cards.json @ 992bc95c7164416ea0a25a4ce120f6ec0a0a167a,PROTOTYPE,false,runtime via PrototypeCardPool
poseidon_apex_trident_confluence,Trident Confluence,POSEIDON,LAND,alpha-json,game-gui/src/main/resources/art/lands/poseidon_apex_trident_confluence.jpg,bespoke,3D terrain hex tile / environment piece; placement + activation states,deploy;land_pop(120ms);activated_ability;destroy(320ms),DEPLOY;DESTROY;CLICK,game-core/src/main/resources/cards/faction-apex-cards.json @ 992bc95c7164416ea0a25a4ce120f6ec0a0a167a,PROTOTYPE,false,runtime via PrototypeCardPool
poseidon_apex_worldsea_platform,Worldsea Platform,POSEIDON,LAND,alpha-json,game-gui/src/main/resources/art/lands/poseidon_apex_worldsea_platform.jpg,bespoke,3D terrain hex tile / environment piece; placement + activation states,deploy;land_pop(120ms);activated_ability;destroy(320ms),DEPLOY;DESTROY;CLICK,game-core/src/main/resources/cards/faction-apex-cards.json @ 992bc95c7164416ea0a25a4ce120f6ec0a0a167a,PROTOTYPE,false,runtime via PrototypeCardPool
poseidon_apex_atlantis_tide_sovereign,Atlantis Tide Sovereign,POSEIDON,CHARACTER,alpha-json,game-gui/src/main/resources/art/characters/poseidon_apex_atlantis_tide_sovereign.jpg,bespoke,"3D character model — stylized, faction-themed; idle/attack/hit/death states",deploy_flight(400ms);move(320ms);melee(360ms)/ranged_projectile;damage_float(1200ms);hit_flash(350ms);destroy(320ms),DEPLOY;MOVE;MELEE/RANGED;DAMAGE;DESTROY,game-core/src/main/resources/cards/faction-apex-cards.json @ 992bc95c7164416ea0a25a4ce120f6ec0a0a167a,PROTOTYPE,false,runtime via PrototypeCardPool
poseidon_apex_kraken_prime_avatar,Kraken Prime Avatar,POSEIDON,CHARACTER,alpha-json,game-gui/src/main/resources/art/characters/poseidon_apex_kraken_prime_avatar.jpg,bespoke,"3D character model — stylized, faction-themed; idle/attack/hit/death states",deploy_flight(400ms);move(320ms);melee(360ms)/ranged_projectile;damage_float(1200ms);hit_flash(350ms);destroy(320ms),DEPLOY;MOVE;MELEE/RANGED;DAMAGE;DESTROY,game-core/src/main/resources/cards/faction-apex-cards.json @ 992bc95c7164416ea0a25a4ce120f6ec0a0a167a,PROTOTYPE,false,runtime via PrototypeCardPool
poseidon_apex_abysswalker_nereid,Abysswalker Nereid,POSEIDON,CHARACTER,alpha-json,game-gui/src/main/resources/art/characters/poseidon_apex_abysswalker_nereid.jpg,bespoke,"3D character model — stylized, faction-themed; idle/attack/hit/death states",deploy_flight(400ms);move(320ms);melee(360ms)/ranged_projectile;damage_float(1200ms);hit_flash(350ms);destroy(320ms),DEPLOY;MOVE;MELEE/RANGED;DAMAGE;DESTROY,game-core/src/main/resources/cards/faction-apex-cards.json @ 992bc95c7164416ea0a25a4ce120f6ec0a0a167a,PROTOTYPE,false,runtime via PrototypeCardPool
poseidon_apex_maelstrom_verdict,Maelstrom Verdict,POSEIDON,SPELL,alpha-json,game-gui/src/main/resources/art/spells/poseidon_apex_maelstrom_verdict.jpg,bespoke,3D spell VFX — projectile/area effect (Kenney particle pack as baseline),cast;play_flight(400ms);particle_burst(Kenney);resolve,SPELL;DAMAGE,game-core/src/main/resources/cards/faction-apex-cards.json @ 992bc95c7164416ea0a25a4ce120f6ec0a0a167a,PROTOTYPE,false,runtime via PrototypeCardPool
poseidon_apex_leviathan_gate,Leviathan Gate,POSEIDON,STRUCTURE,alpha-json,game-gui/src/main/resources/art/structures/poseidon_apex_leviathan_gate.jpg,bespoke,3D structure model for hex board; placement + activation states,deploy;activated_ability;destroy(320ms),DEPLOY;DESTROY;CLICK,game-core/src/main/resources/cards/faction-apex-cards.json @ 992bc95c7164416ea0a25a4ce120f6ec0a0a167a,PROTOTYPE,false,runtime via PrototypeCardPool
zeus_capital_olympus_citadel,Olympus Citadel,ZEUS,CAPITAL,alpha-json,game-gui/src/main/resources/art/capitals/zeus_capital_olympus_citadel.jpg,bespoke,3D capital/fortress centerpiece model; hit/destroy states,deploy;capital_shake(450ms);capital_hit_flash;destroy(320ms),DEPLOY;CAPITAL_HIT;DESTROY,game-core/src/main/resources/cards/faction-capitals.json @ 992bc95c7164416ea0a25a4ce120f6ec0a0a167a,PROTOTYPE,false,"runtime via CapitalRoster (board entity, not deck card)"
zeus_capital_keraunos_spire,Keraunos Spire,ZEUS,CAPITAL,alpha-json,game-gui/src/main/resources/art/capitals/zeus_capital_keraunos_spire.jpg,bespoke,3D capital/fortress centerpiece model; hit/destroy states,deploy;capital_shake(450ms);capital_hit_flash;destroy(320ms),DEPLOY;CAPITAL_HIT;DESTROY,game-core/src/main/resources/cards/faction-capitals.json @ 992bc95c7164416ea0a25a4ce120f6ec0a0a167a,PROTOTYPE,false,"runtime via CapitalRoster (board entity, not deck card)"
zeus_capital_cloud_throne,Cloud Throne,ZEUS,CAPITAL,alpha-json,game-gui/src/main/resources/art/capitals/zeus_capital_cloud_throne.jpg,bespoke,3D capital/fortress centerpiece model; hit/destroy states,deploy;capital_shake(450ms);capital_hit_flash;destroy(320ms),DEPLOY;CAPITAL_HIT;DESTROY,game-core/src/main/resources/cards/faction-capitals.json @ 992bc95c7164416ea0a25a4ce120f6ec0a0a167a,PROTOTYPE,false,"runtime via CapitalRoster (board entity, not deck card)"
poseidon_capital_atlantis_nexus,Atlantis Nexus,POSEIDON,CAPITAL,alpha-json,game-gui/src/main/resources/art/capitals/poseidon_capital_atlantis_nexus.jpg,bespoke,3D capital/fortress centerpiece model; hit/destroy states,deploy;capital_shake(450ms);capital_hit_flash;destroy(320ms),DEPLOY;CAPITAL_HIT;DESTROY,game-core/src/main/resources/cards/faction-capitals.json @ 992bc95c7164416ea0a25a4ce120f6ec0a0a167a,PROTOTYPE,false,"runtime via CapitalRoster (board entity, not deck card)"
poseidon_capital_trident_bastion,Trident Bastion,POSEIDON,CAPITAL,alpha-json,game-gui/src/main/resources/art/capitals/poseidon_capital_trident_bastion.jpg,bespoke,3D capital/fortress centerpiece model; hit/destroy states,deploy;capital_shake(450ms);capital_hit_flash;destroy(320ms),DEPLOY;CAPITAL_HIT;DESTROY,game-core/src/main/resources/cards/faction-capitals.json @ 992bc95c7164416ea0a25a4ce120f6ec0a0a167a,PROTOTYPE,false,"runtime via CapitalRoster (board entity, not deck card)"
poseidon_capital_abyssal_court,Abyssal Court,POSEIDON,CAPITAL,alpha-json,game-gui/src/main/resources/art/capitals/poseidon_capital_abyssal_court.jpg,bespoke,3D capital/fortress centerpiece model; hit/destroy states,deploy;capital_shake(450ms);capital_hit_flash;destroy(320ms),DEPLOY;CAPITAL_HIT;DESTROY,game-core/src/main/resources/cards/faction-capitals.json @ 992bc95c7164416ea0a25a4ce120f6ec0a0a167a,PROTOTYPE,false,"runtime via CapitalRoster (board entity, not deck card)"
zeus_cloudline_courier,Cloudline Courier,ZEUS,CHARACTER,alpha-json,game-gui/src/main/resources/art/characters/zeus_cloudline_courier.jpg,bespoke,"3D character model — stylized, faction-themed; idle/attack/hit/death states",deploy_flight(400ms);move(320ms);melee(360ms)/ranged_projectile;damage_float(1200ms);hit_flash(350ms);destroy(320ms),DEPLOY;MOVE;MELEE/RANGED;DAMAGE;DESTROY,game-core/src/main/resources/cards/faction-cards.json @ 992bc95c7164416ea0a25a4ce120f6ec0a0a167a,PROTOTYPE,false,runtime via PrototypeCardPool
zeus_arc_relay_scout,Arc Relay Scout,ZEUS,CHARACTER,alpha-json,game-gui/src/main/resources/art/characters/zeus_arc_relay_scout.jpg,bespoke,"3D character model — stylized, faction-themed; idle/attack/hit/death states",deploy_flight(400ms);move(320ms);melee(360ms)/ranged_projectile;damage_float(1200ms);hit_flash(350ms);destroy(320ms),DEPLOY;MOVE;MELEE/RANGED;DAMAGE;DESTROY,game-core/src/main/resources/cards/faction-cards.json @ 992bc95c7164416ea0a25a4ce120f6ec0a0a167a,PROTOTYPE,false,runtime via PrototypeCardPool
zeus_thunderhead_skirmisher,Thunderhead Skirmisher,ZEUS,CHARACTER,alpha-json,game-gui/src/main/resources/art/characters/zeus_thunderhead_skirmisher.jpg,bespoke,"3D character model — stylized, faction-themed; idle/attack/hit/death states",deploy_flight(400ms);move(320ms);melee(360ms)/ranged_projectile;damage_float(1200ms);hit_flash(350ms);destroy(320ms),DEPLOY;MOVE;MELEE/RANGED;DAMAGE;DESTROY,game-core/src/main/resources/cards/faction-cards.json @ 992bc95c7164416ea0a25a4ce120f6ec0a0a167a,PROTOTYPE,false,runtime via PrototypeCardPool
zeus_iris_signal_runner,Iris Signal Runner,ZEUS,CHARACTER,alpha-json,game-gui/src/main/resources/art/characters/zeus_iris_signal_runner.jpg,bespoke,"3D character model — stylized, faction-themed; idle/attack/hit/death states",deploy_flight(400ms);move(320ms);melee(360ms)/ranged_projectile;damage_float(1200ms);hit_flash(350ms);destroy(320ms),DEPLOY;MOVE;MELEE/RANGED;DAMAGE;DESTROY,game-core/src/main/resources/cards/faction-cards.json @ 992bc95c7164416ea0a25a4ce120f6ec0a0a167a,PROTOTYPE,false,runtime via PrototypeCardPool
zeus_aegis_airguard,Aegis Airguard,ZEUS,CHARACTER,alpha-json,game-gui/src/main/resources/art/characters/zeus_aegis_airguard.jpg,bespoke,"3D character model — stylized, faction-themed; idle/attack/hit/death states",deploy_flight(400ms);move(320ms);melee(360ms)/ranged_projectile;damage_float(1200ms);hit_flash(350ms);destroy(320ms),DEPLOY;MOVE;MELEE/RANGED;DAMAGE;DESTROY,game-core/src/main/resources/cards/faction-cards.json @ 992bc95c7164416ea0a25a4ce120f6ec0a0a167a,PROTOTYPE,false,runtime via PrototypeCardPool
zeus_cyclone_marksman,Cyclone Marksman,ZEUS,CHARACTER,alpha-json,game-gui/src/main/resources/art/characters/zeus_cyclone_marksman.jpg,bespoke,"3D character model — stylized, faction-themed; idle/attack/hit/death states",deploy_flight(400ms);move(320ms);melee(360ms)/ranged_projectile;damage_float(1200ms);hit_flash(350ms);destroy(320ms),DEPLOY;MOVE;MELEE/RANGED;DAMAGE;DESTROY,game-core/src/main/resources/cards/faction-cards.json @ 992bc95c7164416ea0a25a4ce120f6ec0a0a167a,PROTOTYPE,false,runtime via PrototypeCardPool
zeus_boltwing_cavalier,Boltwing Cavalier,ZEUS,CHARACTER,alpha-json,game-gui/src/main/resources/art/characters/zeus_boltwing_cavalier.jpg,bespoke,"3D character model — stylized, faction-themed; idle/attack/hit/death states",deploy_flight(400ms);move(320ms);melee(360ms)/ranged_projectile;damage_float(1200ms);hit_flash(350ms);destroy(320ms),DEPLOY;MOVE;MELEE/RANGED;DAMAGE;DESTROY,game-core/src/main/resources/cards/faction-cards.json @ 992bc95c7164416ea0a25a4ce120f6ec0a0a167a,PROTOTYPE,false,runtime via PrototypeCardPool
zeus_tempest_oracle,Tempest Oracle,ZEUS,CHARACTER,alpha-json,game-gui/src/main/resources/art/characters/zeus_tempest_oracle.jpg,bespoke,"3D character model — stylized, faction-themed; idle/attack/hit/death states",deploy_flight(400ms);move(320ms);melee(360ms)/ranged_projectile;damage_float(1200ms);hit_flash(350ms);destroy(320ms),DEPLOY;MOVE;MELEE/RANGED;DAMAGE;DESTROY,game-core/src/main/resources/cards/faction-cards.json @ 992bc95c7164416ea0a25a4ce120f6ec0a0a167a,PROTOTYPE,false,runtime via PrototypeCardPool
zeus_hera_protocol_warden,Hera Protocol Warden,ZEUS,CHARACTER,alpha-json,game-gui/src/main/resources/art/characters/zeus_hera_protocol_warden.jpg,bespoke,"3D character model — stylized, faction-themed; idle/attack/hit/death states",deploy_flight(400ms);move(320ms);melee(360ms)/ranged_projectile;damage_float(1200ms);hit_flash(350ms);destroy(320ms),DEPLOY;MOVE;MELEE/RANGED;DAMAGE;DESTROY,game-core/src/main/resources/cards/faction-cards.json @ 992bc95c7164416ea0a25a4ce120f6ec0a0a167a,PROTOTYPE,false,runtime via PrototypeCardPool
zeus_stormgate_adept,Stormgate Adept,ZEUS,CHARACTER,alpha-json,game-gui/src/main/resources/art/characters/zeus_stormgate_adept.jpg,bespoke,"3D character model — stylized, faction-themed; idle/attack/hit/death states",deploy_flight(400ms);move(320ms);melee(360ms)/ranged_projectile;damage_float(1200ms);hit_flash(350ms);destroy(320ms),DEPLOY;MOVE;MELEE/RANGED;DAMAGE;DESTROY,game-core/src/main/resources/cards/faction-cards.json @ 992bc95c7164416ea0a25a4ce120f6ec0a0a167a,PROTOTYPE,false,runtime via PrototypeCardPool
zeus_eagle_of_the_high_grid,Eagle of the High Grid,ZEUS,CHARACTER,alpha-json,game-gui/src/main/resources/art/characters/zeus_eagle_of_the_high_grid.jpg,bespoke,"3D character model — stylized, faction-themed; idle/attack/hit/death states",deploy_flight(400ms);move(320ms);melee(360ms)/ranged_projectile;damage_float(1200ms);hit_flash(350ms);destroy(320ms),DEPLOY;MOVE;MELEE/RANGED;DAMAGE;DESTROY,game-core/src/main/resources/cards/faction-cards.json @ 992bc95c7164416ea0a25a4ce120f6ec0a0a167a,PROTOTYPE,false,runtime via PrototypeCardPool
zeus_keraunos_prime,Keraunos Prime,ZEUS,CHARACTER,alpha-json,game-gui/src/main/resources/art/characters/zeus_keraunos_prime.jpg,bespoke,"3D character model — stylized, faction-themed; idle/attack/hit/death states",deploy_flight(400ms);move(320ms);melee(360ms)/ranged_projectile;damage_float(1200ms);hit_flash(350ms);destroy(320ms),DEPLOY;MOVE;MELEE/RANGED;DAMAGE;DESTROY,game-core/src/main/resources/cards/faction-cards.json @ 992bc95c7164416ea0a25a4ce120f6ec0a0a167a,PROTOTYPE,false,runtime via PrototypeCardPool
zeus_olympian_cloudbank,Olympian Cloudbank,ZEUS,LAND,alpha-json,game-gui/src/main/resources/art/lands/zeus_olympian_cloudbank.jpg,bespoke,3D terrain hex tile / environment piece; placement + activation states,deploy;land_pop(120ms);activated_ability;destroy(320ms),DEPLOY;DESTROY;CLICK,game-core/src/main/resources/cards/faction-cards.json @ 992bc95c7164416ea0a25a4ce120f6ec0a0a167a,PROTOTYPE,false,runtime via PrototypeCardPool
zeus_ionized_skyway,Ionized Skyway,ZEUS,LAND,alpha-json,game-gui/src/main/resources/art/lands/zeus_ionized_skyway.jpg,bespoke,3D terrain hex tile / environment piece; placement + activation states,deploy;land_pop(120ms);activated_ability;destroy(320ms),DEPLOY;DESTROY;CLICK,game-core/src/main/resources/cards/faction-cards.json @ 992bc95c7164416ea0a25a4ce120f6ec0a0a167a,PROTOTYPE,false,runtime via PrototypeCardPool
zeus_eagles_perch_array,Eagle's Perch Array,ZEUS,LAND,alpha-json,game-gui/src/main/resources/art/lands/zeus_eagles_perch_array.jpg,bespoke,3D terrain hex tile / environment piece; placement + activation states,deploy;land_pop(120ms);activated_ability;destroy(320ms),DEPLOY;DESTROY;CLICK,game-core/src/main/resources/cards/faction-cards.json @ 992bc95c7164416ea0a25a4ce120f6ec0a0a167a,PROTOTYPE,false,runtime via PrototypeCardPool
zeus_throneward_conduit,Throneward Conduit,ZEUS,LAND,alpha-json,game-gui/src/main/resources/art/lands/zeus_throneward_conduit.jpg,bespoke,3D terrain hex tile / environment piece; placement + activation states,deploy;land_pop(120ms);activated_ability;destroy(320ms),DEPLOY;DESTROY;CLICK,game-core/src/main/resources/cards/faction-cards.json @ 992bc95c7164416ea0a25a4ce120f6ec0a0a167a,PROTOTYPE,false,runtime via PrototypeCardPool
zeus_storm_relay_pylon,Storm Relay Pylon,ZEUS,STRUCTURE,alpha-json,game-gui/src/main/resources/art/structures/zeus_storm_relay_pylon.jpg,bespoke,3D structure model for hex board; placement + activation states,deploy;activated_ability;destroy(320ms),DEPLOY;DESTROY;CLICK,game-core/src/main/resources/cards/faction-cards.json @ 992bc95c7164416ea0a25a4ce120f6ec0a0a167a,PROTOTYPE,false,runtime via PrototypeCardPool
zeus_cloudwall_bastion,Cloudwall Bastion,ZEUS,STRUCTURE,alpha-json,game-gui/src/main/resources/art/structures/zeus_cloudwall_bastion.jpg,bespoke,3D structure model for hex board; placement + activation states,deploy;activated_ability;destroy(320ms),DEPLOY;DESTROY;CLICK,game-core/src/main/resources/cards/faction-cards.json @ 992bc95c7164416ea0a25a4ce120f6ec0a0a167a,PROTOTYPE,false,runtime via PrototypeCardPool
zeus_keraunos_charging_spire,Keraunos Charging Spire,ZEUS,STRUCTURE,alpha-json,game-gui/src/main/resources/art/structures/zeus_keraunos_charging_spire.jpg,bespoke,3D structure model for hex board; placement + activation states,deploy;activated_ability;destroy(320ms),DEPLOY;DESTROY;CLICK,game-core/src/main/resources/cards/faction-cards.json @ 992bc95c7164416ea0a25a4ce120f6ec0a0a167a,PROTOTYPE,false,runtime via PrototypeCardPool
zeus_zeus_command_nexus,Zeus Command Nexus,ZEUS,STRUCTURE,alpha-json,game-gui/src/main/resources/art/structures/zeus_zeus_command_nexus.jpg,bespoke,3D structure model for hex board; placement + activation states,deploy;activated_ability;destroy(320ms),DEPLOY;DESTROY;CLICK,game-core/src/main/resources/cards/faction-cards.json @ 992bc95c7164416ea0a25a4ce120f6ec0a0a167a,PROTOTYPE,false,runtime via PrototypeCardPool
poseidon_tidepool_surveyor,Tidepool Surveyor,POSEIDON,CHARACTER,alpha-json,game-gui/src/main/resources/art/characters/poseidon_tidepool_surveyor.jpg,bespoke,"3D character model — stylized, faction-themed; idle/attack/hit/death states",deploy_flight(400ms);move(320ms);melee(360ms)/ranged_projectile;damage_float(1200ms);hit_flash(350ms);destroy(320ms),DEPLOY;MOVE;MELEE/RANGED;DAMAGE;DESTROY,game-core/src/main/resources/cards/faction-cards.json @ 992bc95c7164416ea0a25a4ce120f6ec0a0a167a,PROTOTYPE,false,runtime via PrototypeCardPool
poseidon_nereid_current_rider,Nereid Current-Rider,POSEIDON,CHARACTER,alpha-json,game-gui/src/main/resources/art/characters/poseidon_nereid_current_rider.jpg,bespoke,"3D character model — stylized, faction-themed; idle/attack/hit/death states",deploy_flight(400ms);move(320ms);melee(360ms)/ranged_projectile;damage_float(1200ms);hit_flash(350ms);destroy(320ms),DEPLOY;MOVE;MELEE/RANGED;DAMAGE;DESTROY,game-core/src/main/resources/cards/faction-cards.json @ 992bc95c7164416ea0a25a4ce120f6ec0a0a167a,PROTOTYPE,false,runtime via PrototypeCardPool
poseidon_reefline_defender,Reefline Defender,POSEIDON,CHARACTER,alpha-json,game-gui/src/main/resources/art/characters/poseidon_reefline_defender.jpg,bespoke,"3D character model — stylized, faction-themed; idle/attack/hit/death states",deploy_flight(400ms);move(320ms);melee(360ms)/ranged_projectile;damage_float(1200ms);hit_flash(350ms);destroy(320ms),DEPLOY;MOVE;MELEE/RANGED;DAMAGE;DESTROY,game-core/src/main/resources/cards/faction-cards.json @ 992bc95c7164416ea0a25a4ce120f6ec0a0a167a,PROTOTYPE,false,runtime via PrototypeCardPool
poseidon_undertow_stalker,Undertow Stalker,POSEIDON,CHARACTER,alpha-json,game-gui/src/main/resources/art/characters/poseidon_undertow_stalker.jpg,bespoke,"3D character model — stylized, faction-themed; idle/attack/hit/death states",deploy_flight(400ms);move(320ms);melee(360ms)/ranged_projectile;damage_float(1200ms);hit_flash(350ms);destroy(320ms),DEPLOY;MOVE;MELEE/RANGED;DAMAGE;DESTROY,game-core/src/main/resources/cards/faction-cards.json @ 992bc95c7164416ea0a25a4ce120f6ec0a0a167a,PROTOTYPE,false,runtime via PrototypeCardPool
poseidon_triton_waveguard,Triton Waveguard,POSEIDON,CHARACTER,alpha-json,game-gui/src/main/resources/art/characters/poseidon_triton_waveguard.jpg,bespoke,"3D character model — stylized, faction-themed; idle/attack/hit/death states",deploy_flight(400ms);move(320ms);melee(360ms)/ranged_projectile;damage_float(1200ms);hit_flash(350ms);destroy(320ms),DEPLOY;MOVE;MELEE/RANGED;DAMAGE;DESTROY,game-core/src/main/resources/cards/faction-cards.json @ 992bc95c7164416ea0a25a4ce120f6ec0a0a167a,PROTOTYPE,false,runtime via PrototypeCardPool
poseidon_delphic_sonar_adept,Delphic Sonar Adept,POSEIDON,CHARACTER,alpha-json,game-gui/src/main/resources/art/characters/poseidon_delphic_sonar_adept.jpg,bespoke,"3D character model — stylized, faction-themed; idle/attack/hit/death states",deploy_flight(400ms);move(320ms);melee(360ms)/ranged_projectile;damage_float(1200ms);hit_flash(350ms);destroy(320ms),DEPLOY;MOVE;MELEE/RANGED;DAMAGE;DESTROY,game-core/src/main/resources/cards/faction-cards.json @ 992bc95c7164416ea0a25a4ce120f6ec0a0a167a,PROTOTYPE,false,runtime via PrototypeCardPool
poseidon_kraken_tendril_drone,Kraken Tendril Drone,POSEIDON,CHARACTER,alpha-json,game-gui/src/main/resources/art/characters/poseidon_kraken_tendril_drone.jpg,bespoke,"3D character model — stylized, faction-themed; idle/attack/hit/death states",deploy_flight(400ms);move(320ms);melee(360ms)/ranged_projectile;damage_float(1200ms);hit_flash(350ms);destroy(320ms),DEPLOY;MOVE;MELEE/RANGED;DAMAGE;DESTROY,game-core/src/main/resources/cards/faction-cards.json @ 992bc95c7164416ea0a25a4ce120f6ec0a0a167a,PROTOTYPE,false,runtime via PrototypeCardPool
poseidon_naiad_flowshaper,Naiad Flowshaper,POSEIDON,CHARACTER,alpha-json,game-gui/src/main/resources/art/characters/poseidon_naiad_flowshaper.jpg,bespoke,"3D character model — stylized, faction-themed; idle/attack/hit/death states",deploy_flight(400ms);move(320ms);melee(360ms)/ranged_projectile;damage_float(1200ms);hit_flash(350ms);destroy(320ms),DEPLOY;MOVE;MELEE/RANGED;DAMAGE;DESTROY,game-core/src/main/resources/cards/faction-cards.json @ 992bc95c7164416ea0a25a4ce120f6ec0a0a167a,PROTOTYPE,false,runtime via PrototypeCardPool
poseidon_abyssal_molecrab,Abyssal Molecrab,POSEIDON,CHARACTER,alpha-json,game-gui/src/main/resources/art/characters/poseidon_abyssal_molecrab.jpg,bespoke,"3D character model — stylized, faction-themed; idle/attack/hit/death states",deploy_flight(400ms);move(320ms);melee(360ms)/ranged_projectile;damage_float(1200ms);hit_flash(350ms);destroy(320ms),DEPLOY;MOVE;MELEE/RANGED;DAMAGE;DESTROY,game-core/src/main/resources/cards/faction-cards.json @ 992bc95c7164416ea0a25a4ce120f6ec0a0a167a,PROTOTYPE,false,runtime via PrototypeCardPool
poseidon_oceanid_pressure_mage,Oceanid Pressure Mage,POSEIDON,CHARACTER,alpha-json,game-gui/src/main/resources/art/characters/poseidon_oceanid_pressure_mage.jpg,bespoke,"3D character model — stylized, faction-themed; idle/attack/hit/death states",deploy_flight(400ms);move(320ms);melee(360ms)/ranged_projectile;damage_float(1200ms);hit_flash(350ms);destroy(320ms),DEPLOY;MOVE;MELEE/RANGED;DAMAGE;DESTROY,game-core/src/main/resources/cards/faction-cards.json @ 992bc95c7164416ea0a25a4ce120f6ec0a0a167a,PROTOTYPE,false,runtime via PrototypeCardPool
poseidon_leviathan_wakeborn,Leviathan Wakeborn,POSEIDON,CHARACTER,alpha-json,game-gui/src/main/resources/art/characters/poseidon_leviathan_wakeborn.jpg,bespoke,"3D character model — stylized, faction-themed; idle/attack/hit/death states",deploy_flight(400ms);move(320ms);melee(360ms)/ranged_projectile;damage_float(1200ms);hit_flash(350ms);destroy(320ms),DEPLOY;MOVE;MELEE/RANGED;DAMAGE;DESTROY,game-core/src/main/resources/cards/faction-cards.json @ 992bc95c7164416ea0a25a4ce120f6ec0a0a167a,PROTOTYPE,false,runtime via PrototypeCardPool
poseidon_poseidons_trident_core,Poseidon's Trident Core,POSEIDON,CHARACTER,alpha-json,game-gui/src/main/resources/art/characters/poseidon_poseidons_trident_core.jpg,bespoke,"3D character model — stylized, faction-themed; idle/attack/hit/death states",deploy_flight(400ms);move(320ms);melee(360ms)/ranged_projectile;damage_float(1200ms);hit_flash(350ms);destroy(320ms),DEPLOY;MOVE;MELEE/RANGED;DAMAGE;DESTROY,game-core/src/main/resources/cards/faction-cards.json @ 992bc95c7164416ea0a25a4ce120f6ec0a0a167a,PROTOTYPE,false,runtime via PrototypeCardPool
poseidon_neon_tidelands,Neon Tidelands,POSEIDON,LAND,alpha-json,game-gui/src/main/resources/art/lands/poseidon_neon_tidelands.jpg,bespoke,3D terrain hex tile / environment piece; placement + activation states,deploy;land_pop(120ms);activated_ability;destroy(320ms),DEPLOY;DESTROY;CLICK,game-core/src/main/resources/cards/faction-cards.json @ 992bc95c7164416ea0a25a4ce120f6ec0a0a167a,PROTOTYPE,false,runtime via PrototypeCardPool
poseidon_coral_data_reef,Coral Data Reef,POSEIDON,LAND,alpha-json,game-gui/src/main/resources/art/lands/poseidon_coral_data_reef.jpg,bespoke,3D terrain hex tile / environment piece; placement + activation states,deploy;land_pop(120ms);activated_ability;destroy(320ms),DEPLOY;DESTROY;CLICK,game-core/src/main/resources/cards/faction-cards.json @ 992bc95c7164416ea0a25a4ce120f6ec0a0a167a,PROTOTYPE,false,runtime via PrototypeCardPool
poseidon_abyssal_pressure_trench,Abyssal Pressure Trench,POSEIDON,LAND,alpha-json,game-gui/src/main/resources/art/lands/poseidon_abyssal_pressure_trench.jpg,bespoke,3D terrain hex tile / environment piece; placement + activation states,deploy;land_pop(120ms);activated_ability;destroy(320ms),DEPLOY;DESTROY;CLICK,game-core/src/main/resources/cards/faction-cards.json @ 992bc95c7164416ea0a25a4ce120f6ec0a0a167a,PROTOTYPE,false,runtime via PrototypeCardPool
poseidon_palace_of_tides_approach,Palace of Tides Approach,POSEIDON,LAND,alpha-json,game-gui/src/main/resources/art/lands/poseidon_palace_of_tides_approach.jpg,bespoke,3D terrain hex tile / environment piece; placement + activation states,deploy;land_pop(120ms);activated_ability;destroy(320ms),DEPLOY;DESTROY;CLICK,game-core/src/main/resources/cards/faction-cards.json @ 992bc95c7164416ea0a25a4ce120f6ec0a0a167a,PROTOTYPE,false,runtime via PrototypeCardPool
poseidon_tidal_pump_station,Tidal Pump Station,POSEIDON,STRUCTURE,alpha-json,game-gui/src/main/resources/art/structures/poseidon_tidal_pump_station.jpg,bespoke,3D structure model for hex board; placement + activation states,deploy;activated_ability;destroy(320ms),DEPLOY;DESTROY;CLICK,game-core/src/main/resources/cards/faction-cards.json @ 992bc95c7164416ea0a25a4ce120f6ec0a0a167a,PROTOTYPE,false,runtime via PrototypeCardPool
poseidon_coral_bulwark,Coral Bulwark,POSEIDON,STRUCTURE,alpha-json,game-gui/src/main/resources/art/structures/poseidon_coral_bulwark.jpg,bespoke,3D structure model for hex board; placement + activation states,deploy;activated_ability;destroy(320ms),DEPLOY;DESTROY;CLICK,game-core/src/main/resources/cards/faction-cards.json @ 992bc95c7164416ea0a25a4ce120f6ec0a0a167a,PROTOTYPE,false,runtime via PrototypeCardPool
poseidon_sonar_beacon,Sonar Beacon,POSEIDON,STRUCTURE,alpha-json,game-gui/src/main/resources/art/structures/poseidon_sonar_beacon.jpg,bespoke,3D structure model for hex board; placement + activation states,deploy;activated_ability;destroy(320ms),DEPLOY;DESTROY;CLICK,game-core/src/main/resources/cards/faction-cards.json @ 992bc95c7164416ea0a25a4ce120f6ec0a0a167a,PROTOTYPE,false,runtime via PrototypeCardPool
poseidon_abyss_gate,Abyss Gate,POSEIDON,STRUCTURE,alpha-json,game-gui/src/main/resources/art/structures/poseidon_abyss_gate.jpg,bespoke,3D structure model for hex board; placement + activation states,deploy;activated_ability;destroy(320ms),DEPLOY;DESTROY;CLICK,game-core/src/main/resources/cards/faction-cards.json @ 992bc95c7164416ea0a25a4ce120f6ec0a0a167a,PROTOTYPE,false,runtime via PrototypeCardPool
zeus_ion_storm_lattice,Ion Storm Lattice,ZEUS,STRUCTURE,alpha-json,game-gui/src/main/resources/art/structures/zeus_ion_storm_lattice.jpg,bespoke,3D structure model for hex board; placement + activation states,deploy;activated_ability;destroy(320ms),DEPLOY;DESTROY;CLICK,game-core/src/main/resources/cards/faction-cards.json @ 992bc95c7164416ea0a25a4ce120f6ec0a0a167a,PROTOTYPE,false,runtime via PrototypeCardPool
poseidon_moonwell_tidegate,Moonwell Tidegate,POSEIDON,STRUCTURE,alpha-json,game-gui/src/main/resources/art/structures/poseidon_moonwell_tidegate.jpg,bespoke,3D structure model for hex board; placement + activation states,deploy;activated_ability;destroy(320ms),DEPLOY;DESTROY;CLICK,game-core/src/main/resources/cards/faction-cards.json @ 992bc95c7164416ea0a25a4ce120f6ec0a0a167a,PROTOTYPE,false,runtime via PrototypeCardPool
poseidon_drowned_archive,Drowned Archive,POSEIDON,LAND,alpha-json,game-gui/src/main/resources/art/lands/poseidon_drowned_archive.jpg,bespoke,3D terrain hex tile / environment piece; placement + activation states,deploy;land_pop(120ms);activated_ability;destroy(320ms),DEPLOY;DESTROY;CLICK,game-core/src/main/resources/cards/faction-cards.json @ 992bc95c7164416ea0a25a4ce120f6ec0a0a167a,PROTOTYPE,false,runtime via PrototypeCardPool
zeus_zephyr_mooring_mast,Zephyr Mooring Mast,ZEUS,STRUCTURE,alpha-json,game-gui/src/main/resources/art/structures/zeus_zephyr_mooring_mast.jpg,bespoke,3D structure model for hex board; placement + activation states,deploy;activated_ability;destroy(320ms),DEPLOY;DESTROY;CLICK,game-core/src/main/resources/cards/faction-cards.json @ 992bc95c7164416ea0a25a4ce120f6ec0a0a167a,PROTOTYPE,false,runtime via PrototypeCardPool
poseidon_driftwood_breakwater,Driftwood Breakwater,POSEIDON,STRUCTURE,alpha-json,game-gui/src/main/resources/art/structures/poseidon_driftwood_breakwater.jpg,bespoke,3D structure model for hex board; placement + activation states,deploy;activated_ability;destroy(320ms),DEPLOY;DESTROY;CLICK,game-core/src/main/resources/cards/faction-cards.json @ 992bc95c7164416ea0a25a4ce120f6ec0a0a167a,PROTOTYPE,false,runtime via PrototypeCardPool
zeus_land_dawncloud_step,Dawncloud Step,ZEUS,LAND,alpha-json,game-gui/src/main/resources/art/lands/zeus_land_dawncloud_step.jpg,bespoke,3D terrain hex tile / environment piece; placement + activation states,deploy;land_pop(120ms);activated_ability;destroy(320ms),DEPLOY;DESTROY;CLICK,game-core/src/main/resources/cards/faction-development-expansion-2.json @ 992bc95c7164416ea0a25a4ce120f6ec0a0a167a,PROTOTYPE,false,runtime via PrototypeCardPool
zeus_structure_aegis_conductor,Aegis Conductor,ZEUS,STRUCTURE,alpha-json,game-gui/src/main/resources/art/structures/zeus_structure_aegis_conductor.jpg,bespoke,3D structure model for hex board; placement + activation states,deploy;activated_ability;destroy(320ms),DEPLOY;DESTROY;CLICK,game-core/src/main/resources/cards/faction-development-expansion-2.json @ 992bc95c7164416ea0a25a4ce120f6ec0a0a167a,PROTOTYPE,false,runtime via PrototypeCardPool
zeus_land_empyrean_current,Empyrean Current,ZEUS,LAND,alpha-json,game-gui/src/main/resources/art/lands/zeus_land_empyrean_current.jpg,bespoke,3D terrain hex tile / environment piece; placement + activation states,deploy;land_pop(120ms);activated_ability;destroy(320ms),DEPLOY;DESTROY;CLICK,game-core/src/main/resources/cards/faction-development-expansion-2.json @ 992bc95c7164416ea0a25a4ce120f6ec0a0a167a,PROTOTYPE,false,runtime via PrototypeCardPool
zeus_structure_oracle_of_storms,Oracle of Storms,ZEUS,STRUCTURE,alpha-json,game-gui/src/main/resources/art/structures/zeus_structure_oracle_of_storms.jpg,bespoke,3D structure model for hex board; placement + activation states,deploy;activated_ability;destroy(320ms),DEPLOY;DESTROY;CLICK,game-core/src/main/resources/cards/faction-development-expansion-2.json @ 992bc95c7164416ea0a25a4ce120f6ec0a0a167a,PROTOTYPE,false,runtime via PrototypeCardPool
poseidon_land_saltmarsh_harbor,Saltmarsh Harbor,POSEIDON,LAND,alpha-json,game-gui/src/main/resources/art/lands/poseidon_land_saltmarsh_harbor.jpg,bespoke,3D terrain hex tile / environment piece; placement + activation states,deploy;land_pop(120ms);activated_ability;destroy(320ms),DEPLOY;DESTROY;CLICK,game-core/src/main/resources/cards/faction-development-expansion-2.json @ 992bc95c7164416ea0a25a4ce120f6ec0a0a167a,PROTOTYPE,false,runtime via PrototypeCardPool
poseidon_structure_current_exchange,Current Exchange,POSEIDON,STRUCTURE,alpha-json,game-gui/src/main/resources/art/structures/poseidon_structure_current_exchange.jpg,bespoke,3D structure model for hex board; placement + activation states,deploy;activated_ability;destroy(320ms),DEPLOY;DESTROY;CLICK,game-core/src/main/resources/cards/faction-development-expansion-2.json @ 992bc95c7164416ea0a25a4ce120f6ec0a0a167a,PROTOTYPE,false,runtime via PrototypeCardPool
poseidon_land_pelagic_kingdom,Pelagic Kingdom,POSEIDON,LAND,alpha-json,game-gui/src/main/resources/art/lands/poseidon_land_pelagic_kingdom.jpg,bespoke,3D terrain hex tile / environment piece; placement + activation states,deploy;land_pop(120ms);activated_ability;destroy(320ms),DEPLOY;DESTROY;CLICK,game-core/src/main/resources/cards/faction-development-expansion-2.json @ 992bc95c7164416ea0a25a4ce120f6ec0a0a167a,PROTOTYPE,false,runtime via PrototypeCardPool
poseidon_structure_ambrosial_spring,Ambrosial Spring,POSEIDON,STRUCTURE,alpha-json,game-gui/src/main/resources/art/structures/poseidon_structure_ambrosial_spring.jpg,bespoke,3D structure model for hex board; placement + activation states,deploy;activated_ability;destroy(320ms),DEPLOY;DESTROY;CLICK,game-core/src/main/resources/cards/faction-development-expansion-2.json @ 992bc95c7164416ea0a25a4ce120f6ec0a0a167a,PROTOTYPE,false,runtime via PrototypeCardPool
zeus_land_thunderstep_plateau,Thunderstep Plateau,ZEUS,LAND,alpha-json,game-gui/src/main/resources/art/lands/zeus_land_thunderstep_plateau.jpg,bespoke,3D terrain hex tile / environment piece; placement + activation states,deploy;land_pop(120ms);activated_ability;destroy(320ms),DEPLOY;DESTROY;CLICK,game-core/src/main/resources/cards/faction-development-expansion.json @ 992bc95c7164416ea0a25a4ce120f6ec0a0a167a,PROTOTYPE,false,runtime via PrototypeCardPool
zeus_land_aurora_reach,Aurora Reach,ZEUS,LAND,alpha-json,game-gui/src/main/resources/art/lands/zeus_land_aurora_reach.jpg,bespoke,3D terrain hex tile / environment piece; placement + activation states,deploy;land_pop(120ms);activated_ability;destroy(320ms),DEPLOY;DESTROY;CLICK,game-core/src/main/resources/cards/faction-development-expansion.json @ 992bc95c7164416ea0a25a4ce120f6ec0a0a167a,PROTOTYPE,false,runtime via PrototypeCardPool
zeus_structure_stormglass_relay,Stormglass Relay,ZEUS,STRUCTURE,alpha-json,game-gui/src/main/resources/art/structures/zeus_structure_stormglass_relay.jpg,bespoke,3D structure model for hex board; placement + activation states,deploy;activated_ability;destroy(320ms),DEPLOY;DESTROY;CLICK,game-core/src/main/resources/cards/faction-development-expansion.json @ 992bc95c7164416ea0a25a4ce120f6ec0a0a167a,PROTOTYPE,false,runtime via PrototypeCardPool
zeus_structure_cloud_archive,Cloud Archive,ZEUS,STRUCTURE,alpha-json,game-gui/src/main/resources/art/structures/zeus_structure_cloud_archive.jpg,bespoke,3D structure model for hex board; placement + activation states,deploy;activated_ability;destroy(320ms),DEPLOY;DESTROY;CLICK,game-core/src/main/resources/cards/faction-development-expansion.json @ 992bc95c7164416ea0a25a4ce120f6ec0a0a167a,PROTOTYPE,false,runtime via PrototypeCardPool
poseidon_land_coral_tributary,Coral Tributary,POSEIDON,LAND,alpha-json,game-gui/src/main/resources/art/lands/poseidon_land_coral_tributary.jpg,bespoke,3D terrain hex tile / environment piece; placement + activation states,deploy;land_pop(120ms);activated_ability;destroy(320ms),DEPLOY;DESTROY;CLICK,game-core/src/main/resources/cards/faction-development-expansion.json @ 992bc95c7164416ea0a25a4ce120f6ec0a0a167a,PROTOTYPE,false,runtime via PrototypeCardPool
poseidon_land_leviathan_shelf,Leviathan Shelf,POSEIDON,LAND,alpha-json,game-gui/src/main/resources/art/lands/poseidon_land_leviathan_shelf.jpg,bespoke,3D terrain hex tile / environment piece; placement + activation states,deploy;land_pop(120ms);activated_ability;destroy(320ms),DEPLOY;DESTROY;CLICK,game-core/src/main/resources/cards/faction-development-expansion.json @ 992bc95c7164416ea0a25a4ce120f6ec0a0a167a,PROTOTYPE,false,runtime via PrototypeCardPool
poseidon_structure_tidevault,Tidevault,POSEIDON,STRUCTURE,alpha-json,game-gui/src/main/resources/art/structures/poseidon_structure_tidevault.jpg,bespoke,3D structure model for hex board; placement + activation states,deploy;activated_ability;destroy(320ms),DEPLOY;DESTROY;CLICK,game-core/src/main/resources/cards/faction-development-expansion.json @ 992bc95c7164416ea0a25a4ce120f6ec0a0a167a,PROTOTYPE,false,runtime via PrototypeCardPool
poseidon_structure_pearl_infirmary,Pearl Infirmary,POSEIDON,STRUCTURE,alpha-json,game-gui/src/main/resources/art/structures/poseidon_structure_pearl_infirmary.jpg,bespoke,3D structure model for hex board; placement + activation states,deploy;activated_ability;destroy(320ms),DEPLOY;DESTROY;CLICK,game-core/src/main/resources/cards/faction-development-expansion.json @ 992bc95c7164416ea0a25a4ce120f6ec0a0a167a,PROTOTYPE,false,runtime via PrototypeCardPool
zeus_keyword_sparkstep_runner,Sparkstep Runner,ZEUS,CHARACTER,alpha-json,game-gui/src/main/resources/art/characters/zeus_keyword_sparkstep_runner.jpg,bespoke,"3D character model — stylized, faction-themed; idle/attack/hit/death states",deploy_flight(400ms);move(320ms);melee(360ms)/ranged_projectile;damage_float(1200ms);hit_flash(350ms);destroy(320ms),DEPLOY;MOVE;MELEE/RANGED;DAMAGE;DESTROY,game-core/src/main/resources/cards/faction-keyword-cards.json @ 992bc95c7164416ea0a25a4ce120f6ec0a0a167a,PROTOTYPE,false,runtime via PrototypeCardPool
zeus_keyword_cloudline_raider,Cloudline Raider,ZEUS,CHARACTER,alpha-json,game-gui/src/main/resources/art/characters/zeus_keyword_cloudline_raider.jpg,bespoke,"3D character model — stylized, faction-themed; idle/attack/hit/death states",deploy_flight(400ms);move(320ms);melee(360ms)/ranged_projectile;damage_float(1200ms);hit_flash(350ms);destroy(320ms),DEPLOY;MOVE;MELEE/RANGED;DAMAGE;DESTROY,game-core/src/main/resources/cards/faction-keyword-cards.json @ 992bc95c7164416ea0a25a4ce120f6ec0a0a167a,PROTOTYPE,false,runtime via PrototypeCardPool
zeus_keyword_aetherbolt_avatar,Aetherbolt Avatar,ZEUS,CHARACTER,alpha-json,game-gui/src/main/resources/art/characters/zeus_keyword_aetherbolt_avatar.jpg,bespoke,"3D character model — stylized, faction-themed; idle/attack/hit/death states",deploy_flight(400ms);move(320ms);melee(360ms)/ranged_projectile;damage_float(1200ms);hit_flash(350ms);destroy(320ms),DEPLOY;MOVE;MELEE/RANGED;DAMAGE;DESTROY,game-core/src/main/resources/cards/faction-keyword-cards.json @ 992bc95c7164416ea0a25a4ce120f6ec0a0a167a,PROTOTYPE,false,runtime via PrototypeCardPool
zeus_keyword_stormgate_sentinel,Stormgate Sentinel,ZEUS,CHARACTER,alpha-json,game-gui/src/main/resources/art/characters/zeus_keyword_stormgate_sentinel.jpg,bespoke,"3D character model — stylized, faction-themed; idle/attack/hit/death states",deploy_flight(400ms);move(320ms);melee(360ms)/ranged_projectile;damage_float(1200ms);hit_flash(350ms);destroy(320ms),DEPLOY;MOVE;MELEE/RANGED;DAMAGE;DESTROY,game-core/src/main/resources/cards/faction-keyword-cards.json @ 992bc95c7164416ea0a25a4ce120f6ec0a0a167a,PROTOTYPE,false,runtime via PrototypeCardPool
zeus_keyword_thunderhead_guardian,Thunderhead Guardian,ZEUS,CHARACTER,alpha-json,game-gui/src/main/resources/art/characters/zeus_keyword_thunderhead_guardian.jpg,bespoke,"3D character model — stylized, faction-themed; idle/attack/hit/death states",deploy_flight(400ms);move(320ms);melee(360ms)/ranged_projectile;damage_float(1200ms);hit_flash(350ms);destroy(320ms),DEPLOY;MOVE;MELEE/RANGED;DAMAGE;DESTROY,game-core/src/main/resources/cards/faction-keyword-cards.json @ 992bc95c7164416ea0a25a4ce120f6ec0a0a167a,PROTOTYPE,false,runtime via PrototypeCardPool
poseidon_keyword_reef_tunneler,Reef Tunneler,POSEIDON,CHARACTER,alpha-json,game-gui/src/main/resources/art/characters/poseidon_keyword_reef_tunneler.jpg,bespoke,"3D character model — stylized, faction-themed; idle/attack/hit/death states",deploy_flight(400ms);move(320ms);melee(360ms)/ranged_projectile;damage_float(1200ms);hit_flash(350ms);destroy(320ms),DEPLOY;MOVE;MELEE/RANGED;DAMAGE;DESTROY,game-core/src/main/resources/cards/faction-keyword-cards.json @ 992bc95c7164416ea0a25a4ce120f6ec0a0a167a,PROTOTYPE,false,runtime via PrototypeCardPool
poseidon_keyword_trench_stalker,Trench Stalker,POSEIDON,CHARACTER,alpha-json,game-gui/src/main/resources/art/characters/poseidon_keyword_trench_stalker.jpg,bespoke,"3D character model — stylized, faction-themed; idle/attack/hit/death states",deploy_flight(400ms);move(320ms);melee(360ms)/ranged_projectile;damage_float(1200ms);hit_flash(350ms);destroy(320ms),DEPLOY;MOVE;MELEE/RANGED;DAMAGE;DESTROY,game-core/src/main/resources/cards/faction-keyword-cards.json @ 992bc95c7164416ea0a25a4ce120f6ec0a0a167a,PROTOTYPE,false,runtime via PrototypeCardPool
poseidon_keyword_abyssal_leviathan,Abyssal Leviathan,POSEIDON,CHARACTER,alpha-json,game-gui/src/main/resources/art/characters/poseidon_keyword_abyssal_leviathan.jpg,bespoke,"3D character model — stylized, faction-themed; idle/attack/hit/death states",deploy_flight(400ms);move(320ms);melee(360ms)/ranged_projectile;damage_float(1200ms);hit_flash(350ms);destroy(320ms),DEPLOY;MOVE;MELEE/RANGED;DAMAGE;DESTROY,game-core/src/main/resources/cards/faction-keyword-cards.json @ 992bc95c7164416ea0a25a4ce120f6ec0a0a167a,PROTOTYPE,false,runtime via PrototypeCardPool
poseidon_keyword_breakwater_hoplite,Breakwater Hoplite,POSEIDON,CHARACTER,alpha-json,game-gui/src/main/resources/art/characters/poseidon_keyword_breakwater_hoplite.jpg,bespoke,"3D character model — stylized, faction-themed; idle/attack/hit/death states",deploy_flight(400ms);move(320ms);melee(360ms)/ranged_projectile;damage_float(1200ms);hit_flash(350ms);destroy(320ms),DEPLOY;MOVE;MELEE/RANGED;DAMAGE;DESTROY,game-core/src/main/resources/cards/faction-keyword-cards.json @ 992bc95c7164416ea0a25a4ce120f6ec0a0a167a,PROTOTYPE,false,runtime via PrototypeCardPool
poseidon_keyword_maelstrom_bulwark,Maelstrom Bulwark,POSEIDON,CHARACTER,alpha-json,game-gui/src/main/resources/art/characters/poseidon_keyword_maelstrom_bulwark.jpg,bespoke,"3D character model — stylized, faction-themed; idle/attack/hit/death states",deploy_flight(400ms);move(320ms);melee(360ms)/ranged_projectile;damage_float(1200ms);hit_flash(350ms);destroy(320ms),DEPLOY;MOVE;MELEE/RANGED;DAMAGE;DESTROY,game-core/src/main/resources/cards/faction-keyword-cards.json @ 992bc95c7164416ea0a25a4ce120f6ec0a0a167a,PROTOTYPE,false,runtime via PrototypeCardPool
zeus_chain_lightning,Chain Lightning,ZEUS,SPELL,alpha-json,game-gui/src/main/resources/art/spells/zeus_chain_lightning.jpg,bespoke,3D spell VFX — projectile/area effect (Kenney particle pack as baseline),cast;play_flight(400ms);particle_burst(Kenney);resolve,SPELL;DAMAGE,game-core/src/main/resources/cards/faction-spells.json @ 992bc95c7164416ea0a25a4ce120f6ec0a0a167a,PROTOTYPE,false,runtime via PrototypeCardPool
zeus_skybreaker_bolt,Skybreaker Bolt,ZEUS,SPELL,alpha-json,game-gui/src/main/resources/art/spells/zeus_skybreaker_bolt.jpg,bespoke,3D spell VFX — projectile/area effect (Kenney particle pack as baseline),cast;play_flight(400ms);particle_burst(Kenney);resolve,SPELL;DAMAGE,game-core/src/main/resources/cards/faction-spells.json @ 992bc95c7164416ea0a25a4ce120f6ec0a0a167a,PROTOTYPE,false,runtime via PrototypeCardPool
zeus_windstep_protocol,Windstep Protocol,ZEUS,SPELL,alpha-json,game-gui/src/main/resources/art/spells/zeus_windstep_protocol.jpg,bespoke,3D spell VFX — projectile/area effect (Kenney particle pack as baseline),cast;play_flight(400ms);particle_burst(Kenney);resolve,SPELL;DAMAGE,game-core/src/main/resources/cards/faction-spells.json @ 992bc95c7164416ea0a25a4ce120f6ec0a0a167a,PROTOTYPE,false,runtime via PrototypeCardPool
zeus_stormcharge,Stormcharge,ZEUS,SPELL,alpha-json,game-gui/src/main/resources/art/spells/zeus_stormcharge.jpg,bespoke,3D spell VFX — projectile/area effect (Kenney particle pack as baseline),cast;play_flight(400ms);particle_burst(Kenney);resolve,SPELL;DAMAGE,game-core/src/main/resources/cards/faction-spells.json @ 992bc95c7164416ea0a25a4ce120f6ec0a0a167a,PROTOTYPE,false,runtime via PrototypeCardPool
zeus_aegis_of_the_sky,Aegis of the Sky,ZEUS,SPELL,alpha-json,game-gui/src/main/resources/art/spells/zeus_aegis_of_the_sky.jpg,bespoke,3D spell VFX — projectile/area effect (Kenney particle pack as baseline),cast;play_flight(400ms);particle_burst(Kenney);resolve,SPELL;DAMAGE,game-core/src/main/resources/cards/faction-spells.json @ 992bc95c7164416ea0a25a4ce120f6ec0a0a167a,PROTOTYPE,false,runtime via PrototypeCardPool
poseidon_crushing_depths,Crushing Depths,POSEIDON,SPELL,alpha-json,game-gui/src/main/resources/art/spells/poseidon_crushing_depths.jpg,bespoke,3D spell VFX — projectile/area effect (Kenney particle pack as baseline),cast;play_flight(400ms);particle_burst(Kenney);resolve,SPELL;DAMAGE,game-core/src/main/resources/cards/faction-spells.json @ 992bc95c7164416ea0a25a4ce120f6ec0a0a167a,PROTOTYPE,false,runtime via PrototypeCardPool
poseidon_erode_foundation,Erode Foundation,POSEIDON,SPELL,alpha-json,game-gui/src/main/resources/art/spells/poseidon_erode_foundation.jpg,bespoke,3D spell VFX — projectile/area effect (Kenney particle pack as baseline),cast;play_flight(400ms);particle_burst(Kenney);resolve,SPELL;DAMAGE,game-core/src/main/resources/cards/faction-spells.json @ 992bc95c7164416ea0a25a4ce120f6ec0a0a167a,PROTOTYPE,false,runtime via PrototypeCardPool
poseidon_restorative_tide,Restorative Tide,POSEIDON,SPELL,alpha-json,game-gui/src/main/resources/art/spells/poseidon_restorative_tide.jpg,bespoke,3D spell VFX — projectile/area effect (Kenney particle pack as baseline),cast;play_flight(400ms);particle_burst(Kenney);resolve,SPELL;DAMAGE,game-core/src/main/resources/cards/faction-spells.json @ 992bc95c7164416ea0a25a4ce120f6ec0a0a167a,PROTOTYPE,false,runtime via PrototypeCardPool
poseidon_undertow_recall,Undertow Recall,POSEIDON,SPELL,alpha-json,game-gui/src/main/resources/art/spells/poseidon_undertow_recall.jpg,bespoke,3D spell VFX — projectile/area effect (Kenney particle pack as baseline),cast;play_flight(400ms);particle_burst(Kenney);resolve,SPELL;DAMAGE,game-core/src/main/resources/cards/faction-spells.json @ 992bc95c7164416ea0a25a4ce120f6ec0a0a167a,PROTOTYPE,false,runtime via PrototypeCardPool
poseidon_tidal_armor,Tidal Armor,POSEIDON,SPELL,alpha-json,game-gui/src/main/resources/art/spells/poseidon_tidal_armor.jpg,bespoke,3D spell VFX — projectile/area effect (Kenney particle pack as baseline),cast;play_flight(400ms);particle_burst(Kenney);resolve,SPELL;DAMAGE,game-core/src/main/resources/cards/faction-spells.json @ 992bc95c7164416ea0a25a4ce120f6ec0a0a167a,PROTOTYPE,false,runtime via PrototypeCardPool
neo_proto_naiad_recon_droid,Naiad Recon Droid,UNASSIGNED,CHARACTER,alpha-json,,procedural-fallback,"3D character model — stylized, faction-themed; idle/attack/hit/death states",deploy_flight(400ms);move(320ms);melee(360ms)/ranged_projectile;damage_float(1200ms);hit_flash(350ms);destroy(320ms),DEPLOY;MOVE;MELEE/RANGED;DAMAGE;DESTROY,game-core/src/main/resources/cards/prototype-characters.json @ 992bc95c7164416ea0a25a4ce120f6ec0a0a167a,PROTOTYPE,false,runtime via PrototypeCardPool
neo_proto_talus_defender,Talus Defender,UNASSIGNED,CHARACTER,alpha-json,,procedural-fallback,"3D character model — stylized, faction-themed; idle/attack/hit/death states",deploy_flight(400ms);move(320ms);melee(360ms)/ranged_projectile;damage_float(1200ms);hit_flash(350ms);destroy(320ms),DEPLOY;MOVE;MELEE/RANGED;DAMAGE;DESTROY,game-core/src/main/resources/cards/prototype-characters.json @ 992bc95c7164416ea0a25a4ce120f6ec0a0a167a,PROTOTYPE,false,runtime via PrototypeCardPool
neo_proto_asclepius_medibot,Asclepius' Medibot,UNASSIGNED,CHARACTER,alpha-json,,procedural-fallback,"3D character model — stylized, faction-themed; idle/attack/hit/death states",deploy_flight(400ms);move(320ms);melee(360ms)/ranged_projectile;damage_float(1200ms);hit_flash(350ms);destroy(320ms),DEPLOY;MOVE;MELEE/RANGED;DAMAGE;DESTROY,game-core/src/main/resources/cards/prototype-characters.json @ 992bc95c7164416ea0a25a4ce120f6ec0a0a167a,PROTOTYPE,false,runtime via PrototypeCardPool
neo_proto_zephyr_scout,Zephyr Scout,UNASSIGNED,CHARACTER,alpha-json,,procedural-fallback,"3D character model — stylized, faction-themed; idle/attack/hit/death states",deploy_flight(400ms);move(320ms);melee(360ms)/ranged_projectile;damage_float(1200ms);hit_flash(350ms);destroy(320ms),DEPLOY;MOVE;MELEE/RANGED;DAMAGE;DESTROY,game-core/src/main/resources/cards/prototype-characters.json @ 992bc95c7164416ea0a25a4ce120f6ec0a0a167a,PROTOTYPE,false,runtime via PrototypeCardPool
neo_proto_hephaestus_drone,Hephaestus' Drone,UNASSIGNED,CHARACTER,alpha-json,,procedural-fallback,"3D character model — stylized, faction-themed; idle/attack/hit/death states",deploy_flight(400ms);move(320ms);melee(360ms)/ranged_projectile;damage_float(1200ms);hit_flash(350ms);destroy(320ms),DEPLOY;MOVE;MELEE/RANGED;DAMAGE;DESTROY,game-core/src/main/resources/cards/prototype-characters.json @ 992bc95c7164416ea0a25a4ce120f6ec0a0a167a,PROTOTYPE,false,runtime via PrototypeCardPool
zeus_fast_tempest_duelist,Tempest Duelist,ZEUS,CHARACTER,alpha-json,game-gui/src/main/resources/art/characters/zeus_fast_tempest_duelist.jpg,bespoke,"3D character model — stylized, faction-themed; idle/attack/hit/death states",deploy_flight(400ms);move(320ms);melee(360ms)/ranged_projectile;damage_float(1200ms);hit_flash(350ms);destroy(320ms),DEPLOY;MOVE;MELEE/RANGED;DAMAGE;DESTROY,game-core/src/main/resources/cards/tactical-keyword-cards.json @ 992bc95c7164416ea0a25a4ce120f6ec0a0a167a,PROTOTYPE,false,runtime via PrototypeCardPool
zeus_siege_thunder_ram,Thunder Ram,ZEUS,CHARACTER,alpha-json,game-gui/src/main/resources/art/characters/zeus_siege_thunder_ram.jpg,bespoke,"3D character model — stylized, faction-themed; idle/attack/hit/death states",deploy_flight(400ms);move(320ms);melee(360ms)/ranged_projectile;damage_float(1200ms);hit_flash(350ms);destroy(320ms),DEPLOY;MOVE;MELEE/RANGED;DAMAGE;DESTROY,game-core/src/main/resources/cards/tactical-keyword-cards.json @ 992bc95c7164416ea0a25a4ce120f6ec0a0a167a,PROTOTYPE,false,runtime via PrototypeCardPool
zeus_sharp_aether_spotter,Aether Spotter,ZEUS,CHARACTER,alpha-json,game-gui/src/main/resources/art/characters/zeus_sharp_aether_spotter.jpg,bespoke,"3D character model — stylized, faction-themed; idle/attack/hit/death states",deploy_flight(400ms);move(320ms);melee(360ms)/ranged_projectile;damage_float(1200ms);hit_flash(350ms);destroy(320ms),DEPLOY;MOVE;MELEE/RANGED;DAMAGE;DESTROY,game-core/src/main/resources/cards/tactical-keyword-cards.json @ 992bc95c7164416ea0a25a4ce120f6ec0a0a167a,PROTOTYPE,false,runtime via PrototypeCardPool
poseidon_fast_razorfin_lancer,Razorfin Lancer,POSEIDON,CHARACTER,alpha-json,game-gui/src/main/resources/art/characters/poseidon_fast_razorfin_lancer.jpg,bespoke,"3D character model — stylized, faction-themed; idle/attack/hit/death states",deploy_flight(400ms);move(320ms);melee(360ms)/ranged_projectile;damage_float(1200ms);hit_flash(350ms);destroy(320ms),DEPLOY;MOVE;MELEE/RANGED;DAMAGE;DESTROY,game-core/src/main/resources/cards/tactical-keyword-cards.json @ 992bc95c7164416ea0a25a4ce120f6ec0a0a167a,PROTOTYPE,false,runtime via PrototypeCardPool
poseidon_siege_kraken_sapper,Kraken Sapper,POSEIDON,CHARACTER,alpha-json,game-gui/src/main/resources/art/characters/poseidon_siege_kraken_sapper.jpg,bespoke,"3D character model — stylized, faction-themed; idle/attack/hit/death states",deploy_flight(400ms);move(320ms);melee(360ms)/ranged_projectile;damage_float(1200ms);hit_flash(350ms);destroy(320ms),DEPLOY;MOVE;MELEE/RANGED;DAMAGE;DESTROY,game-core/src/main/resources/cards/tactical-keyword-cards.json @ 992bc95c7164416ea0a25a4ce120f6ec0a0a167a,PROTOTYPE,false,runtime via PrototypeCardPool
poseidon_sharp_tidewall_harpooner,Tidewall Harpooner,POSEIDON,CHARACTER,alpha-json,game-gui/src/main/resources/art/characters/poseidon_sharp_tidewall_harpooner.jpg,bespoke,"3D character model — stylized, faction-themed; idle/attack/hit/death states",deploy_flight(400ms);move(320ms);melee(360ms)/ranged_projectile;damage_float(1200ms);hit_flash(350ms);destroy(320ms),DEPLOY;MOVE;MELEE/RANGED;DAMAGE;DESTROY,game-core/src/main/resources/cards/tactical-keyword-cards.json @ 992bc95c7164416ea0a25a4ce120f6ec0a0a167a,PROTOTYPE,false,runtime via PrototypeCardPool
poseidon_tutor_land_1,Mole-Tide Channel,POSEIDON,LAND,alpha-generated,game-gui/src/main/resources/art/lands/poseidon_tutor_land_1.jpg,bespoke,3D terrain hex tile / environment piece; placement + activation states,deploy;land_pop(120ms);activated_ability;destroy(320ms);tutor_draw,DEPLOY;DESTROY;CLICK;SHUFFLE,game-cli/src/main/java/com/infiniteconquest/cli/FactionTutorExpansion.java @ 992bc95c7164416ea0a25a4ce120f6ec0a0a167a (runtime-generated ID scheme <faction>_tutor_<type>_<1-5>),GENERATED,false,runtime-generated tutor; cost 2 GP; draws Structures on activation
poseidon_tutor_structure_1,Undertow Burrow Gate,POSEIDON,STRUCTURE,alpha-generated,game-gui/src/main/resources/art/structures/poseidon_tutor_structure_1.jpg,bespoke,3D structure model for hex board; placement + activation states,deploy;activated_ability;destroy(320ms);tutor_draw,DEPLOY;DESTROY;CLICK;SHUFFLE,game-cli/src/main/java/com/infiniteconquest/cli/FactionTutorExpansion.java @ 992bc95c7164416ea0a25a4ce120f6ec0a0a167a (runtime-generated ID scheme <faction>_tutor_<type>_<1-5>),GENERATED,false,runtime-generated tutor; cost 2 GP; draws Characters on activation
poseidon_tutor_land_2,Vanguard Reef,POSEIDON,LAND,alpha-generated,game-gui/src/main/resources/art/lands/poseidon_tutor_land_2.jpg,bespoke,3D terrain hex tile / environment piece; placement + activation states,deploy;land_pop(120ms);activated_ability;destroy(320ms);tutor_draw,DEPLOY;DESTROY;CLICK;SHUFFLE,game-cli/src/main/java/com/infiniteconquest/cli/FactionTutorExpansion.java @ 992bc95c7164416ea0a25a4ce120f6ec0a0a167a (runtime-generated ID scheme <faction>_tutor_<type>_<1-5>),GENERATED,false,runtime-generated tutor; cost 4 GP; draws Structures on activation
poseidon_tutor_structure_2,Tideguard Barracks,POSEIDON,STRUCTURE,alpha-generated,game-gui/src/main/resources/art/structures/poseidon_tutor_structure_2.jpg,bespoke,3D structure model for hex board; placement + activation states,deploy;activated_ability;destroy(320ms);tutor_draw,DEPLOY;DESTROY;CLICK;SHUFFLE,game-cli/src/main/java/com/infiniteconquest/cli/FactionTutorExpansion.java @ 992bc95c7164416ea0a25a4ce120f6ec0a0a167a (runtime-generated ID scheme <faction>_tutor_<type>_<1-5>),GENERATED,false,runtime-generated tutor; cost 4 GP; draws Characters on activation
poseidon_tutor_land_3,Leviathan Mooring Shelf,POSEIDON,LAND,alpha-generated,game-gui/src/main/resources/art/lands/poseidon_tutor_land_3.jpg,bespoke,3D terrain hex tile / environment piece; placement + activation states,deploy;land_pop(120ms);activated_ability;destroy(320ms);tutor_draw,DEPLOY;DESTROY;CLICK;SHUFFLE,game-cli/src/main/java/com/infiniteconquest/cli/FactionTutorExpansion.java @ 992bc95c7164416ea0a25a4ce120f6ec0a0a167a (runtime-generated ID scheme <faction>_tutor_<type>_<1-5>),GENERATED,false,runtime-generated tutor; cost 6 GP; draws Structures on activation
poseidon_tutor_structure_3,Nereid Calling Conch,POSEIDON,STRUCTURE,alpha-generated,game-gui/src/main/resources/art/structures/poseidon_tutor_structure_3.jpg,bespoke,3D structure model for hex board; placement + activation states,deploy;activated_ability;destroy(320ms);tutor_draw,DEPLOY;DESTROY;CLICK;SHUFFLE,game-cli/src/main/java/com/infiniteconquest/cli/FactionTutorExpansion.java @ 992bc95c7164416ea0a25a4ce120f6ec0a0a167a (runtime-generated ID scheme <faction>_tutor_<type>_<1-5>),GENERATED,false,runtime-generated tutor; cost 6 GP; draws Characters on activation
poseidon_tutor_land_4,Sunken Muster Basin,POSEIDON,LAND,alpha-generated,game-gui/src/main/resources/art/lands/poseidon_tutor_land_4.jpg,bespoke,3D terrain hex tile / environment piece; placement + activation states,deploy;land_pop(120ms);activated_ability;destroy(320ms);tutor_draw,DEPLOY;DESTROY;CLICK;SHUFFLE,game-cli/src/main/java/com/infiniteconquest/cli/FactionTutorExpansion.java @ 992bc95c7164416ea0a25a4ce120f6ec0a0a167a (runtime-generated ID scheme <faction>_tutor_<type>_<1-5>),GENERATED,false,runtime-generated tutor; cost 8 GP; draws Structures on activation
poseidon_tutor_structure_4,Leviathan Muster Dock,POSEIDON,STRUCTURE,alpha-generated,game-gui/src/main/resources/art/structures/poseidon_tutor_structure_4.jpg,bespoke,3D structure model for hex board; placement + activation states,deploy;activated_ability;destroy(320ms);tutor_draw,DEPLOY;DESTROY;CLICK;SHUFFLE,game-cli/src/main/java/com/infiniteconquest/cli/FactionTutorExpansion.java @ 992bc95c7164416ea0a25a4ce120f6ec0a0a167a (runtime-generated ID scheme <faction>_tutor_<type>_<1-5>),GENERATED,false,runtime-generated tutor; cost 8 GP; draws Characters on activation
poseidon_tutor_land_5,Worldsea Anchorage,POSEIDON,LAND,alpha-generated,game-gui/src/main/resources/art/lands/poseidon_tutor_land_5.jpg,bespoke,3D terrain hex tile / environment piece; placement + activation states,deploy;land_pop(120ms);activated_ability;destroy(320ms);tutor_draw,DEPLOY;DESTROY;CLICK;SHUFFLE,game-cli/src/main/java/com/infiniteconquest/cli/FactionTutorExpansion.java @ 992bc95c7164416ea0a25a4ce120f6ec0a0a167a (runtime-generated ID scheme <faction>_tutor_<type>_<1-5>),GENERATED,false,runtime-generated tutor; cost 10 GP; draws Structures on activation
poseidon_tutor_structure_5,Thalassic Hero Hall,POSEIDON,STRUCTURE,alpha-generated,game-gui/src/main/resources/art/structures/poseidon_tutor_structure_5.jpg,bespoke,3D structure model for hex board; placement + activation states,deploy;activated_ability;destroy(320ms);tutor_draw,DEPLOY;DESTROY;CLICK;SHUFFLE,game-cli/src/main/java/com/infiniteconquest/cli/FactionTutorExpansion.java @ 992bc95c7164416ea0a25a4ce120f6ec0a0a167a (runtime-generated ID scheme <faction>_tutor_<type>_<1-5>),GENERATED,false,runtime-generated tutor; cost 10 GP; draws Characters on activation
zeus_tutor_land_1,Stormwright's Approach,ZEUS,LAND,alpha-generated,game-gui/src/main/resources/art/lands/zeus_tutor_land_1.jpg,bespoke,3D terrain hex tile / environment piece; placement + activation states,deploy;land_pop(120ms);activated_ability;destroy(320ms);tutor_draw,DEPLOY;DESTROY;CLICK;SHUFFLE,game-cli/src/main/java/com/infiniteconquest/cli/FactionTutorExpansion.java @ 992bc95c7164416ea0a25a4ce120f6ec0a0a167a (runtime-generated ID scheme <faction>_tutor_<type>_<1-5>),GENERATED,false,runtime-generated tutor; cost 2 GP; draws Structures on activation
zeus_tutor_structure_1,Sparkstep Beacon,ZEUS,STRUCTURE,alpha-generated,game-gui/src/main/resources/art/structures/zeus_tutor_structure_1.jpg,bespoke,3D structure model for hex board; placement + activation states,deploy;activated_ability;destroy(320ms);tutor_draw,DEPLOY;DESTROY;CLICK;SHUFFLE,game-cli/src/main/java/com/infiniteconquest/cli/FactionTutorExpansion.java @ 992bc95c7164416ea0a25a4ce120f6ec0a0a167a (runtime-generated ID scheme <faction>_tutor_<type>_<1-5>),GENERATED,false,runtime-generated tutor; cost 2 GP; draws Characters on activation
zeus_tutor_land_2,Blinkway Plateau,ZEUS,LAND,alpha-generated,game-gui/src/main/resources/art/lands/zeus_tutor_land_2.jpg,bespoke,3D terrain hex tile / environment piece; placement + activation states,deploy;land_pop(120ms);activated_ability;destroy(320ms);tutor_draw,DEPLOY;DESTROY;CLICK;SHUFFLE,game-cli/src/main/java/com/infiniteconquest/cli/FactionTutorExpansion.java @ 992bc95c7164416ea0a25a4ce120f6ec0a0a167a (runtime-generated ID scheme <faction>_tutor_<type>_<1-5>),GENERATED,false,runtime-generated tutor; cost 4 GP; draws Structures on activation
zeus_tutor_structure_2,Cloudline Dispatch,ZEUS,STRUCTURE,alpha-generated,game-gui/src/main/resources/art/structures/zeus_tutor_structure_2.jpg,bespoke,3D structure model for hex board; placement + activation states,deploy;activated_ability;destroy(320ms);tutor_draw,DEPLOY;DESTROY;CLICK;SHUFFLE,game-cli/src/main/java/com/infiniteconquest/cli/FactionTutorExpansion.java @ 992bc95c7164416ea0a25a4ce120f6ec0a0a167a (runtime-generated ID scheme <faction>_tutor_<type>_<1-5>),GENERATED,false,runtime-generated tutor; cost 4 GP; draws Characters on activation
zeus_tutor_land_3,Far-Sight Cloudbank,ZEUS,LAND,alpha-generated,game-gui/src/main/resources/art/lands/zeus_tutor_land_3.jpg,bespoke,3D terrain hex tile / environment piece; placement + activation states,deploy;land_pop(120ms);activated_ability;destroy(320ms);tutor_draw,DEPLOY;DESTROY;CLICK;SHUFFLE,game-cli/src/main/java/com/infiniteconquest/cli/FactionTutorExpansion.java @ 992bc95c7164416ea0a25a4ce120f6ec0a0a167a (runtime-generated ID scheme <faction>_tutor_<type>_<1-5>),GENERATED,false,runtime-generated tutor; cost 6 GP; draws Structures on activation
zeus_tutor_structure_3,Sharp-Shot Observatory,ZEUS,STRUCTURE,alpha-generated,game-gui/src/main/resources/art/structures/zeus_tutor_structure_3.jpg,bespoke,3D structure model for hex board; placement + activation states,deploy;activated_ability;destroy(320ms);tutor_draw,DEPLOY;DESTROY;CLICK;SHUFFLE,game-cli/src/main/java/com/infiniteconquest/cli/FactionTutorExpansion.java @ 992bc95c7164416ea0a25a4ce120f6ec0a0a167a (runtime-generated ID scheme <faction>_tutor_<type>_<1-5>),GENERATED,false,runtime-generated tutor; cost 6 GP; draws Characters on activation
zeus_tutor_land_4,Keraunic Assembly Field,ZEUS,LAND,alpha-generated,game-gui/src/main/resources/art/lands/zeus_tutor_land_4.jpg,bespoke,3D terrain hex tile / environment piece; placement + activation states,deploy;land_pop(120ms);activated_ability;destroy(320ms);tutor_draw,DEPLOY;DESTROY;CLICK;SHUFFLE,game-cli/src/main/java/com/infiniteconquest/cli/FactionTutorExpansion.java @ 992bc95c7164416ea0a25a4ce120f6ec0a0a167a (runtime-generated ID scheme <faction>_tutor_<type>_<1-5>),GENERATED,false,runtime-generated tutor; cost 8 GP; draws Structures on activation
zeus_tutor_structure_4,Seraphic Relay,ZEUS,STRUCTURE,alpha-generated,game-gui/src/main/resources/art/structures/zeus_tutor_structure_4.jpg,bespoke,3D structure model for hex board; placement + activation states,deploy;activated_ability;destroy(320ms);tutor_draw,DEPLOY;DESTROY;CLICK;SHUFFLE,game-cli/src/main/java/com/infiniteconquest/cli/FactionTutorExpansion.java @ 992bc95c7164416ea0a25a4ce120f6ec0a0a167a (runtime-generated ID scheme <faction>_tutor_<type>_<1-5>),GENERATED,false,runtime-generated tutor; cost 8 GP; draws Characters on activation
zeus_tutor_land_5,Olympian Muster Sky,ZEUS,LAND,alpha-generated,game-gui/src/main/resources/art/lands/zeus_tutor_land_5.jpg,bespoke,3D terrain hex tile / environment piece; placement + activation states,deploy;land_pop(120ms);activated_ability;destroy(320ms);tutor_draw,DEPLOY;DESTROY;CLICK;SHUFFLE,game-cli/src/main/java/com/infiniteconquest/cli/FactionTutorExpansion.java @ 992bc95c7164416ea0a25a4ce120f6ec0a0a167a (runtime-generated ID scheme <faction>_tutor_<type>_<1-5>),GENERATED,false,runtime-generated tutor; cost 10 GP; draws Structures on activation
zeus_tutor_structure_5,Skyfather's Summons,ZEUS,STRUCTURE,alpha-generated,game-gui/src/main/resources/art/structures/zeus_tutor_structure_5.jpg,bespoke,3D structure model for hex board; placement + activation states,deploy;activated_ability;destroy(320ms);tutor_draw,DEPLOY;DESTROY;CLICK;SHUFFLE,game-cli/src/main/java/com/infiniteconquest/cli/FactionTutorExpansion.java @ 992bc95c7164416ea0a25a4ce120f6ec0a0a167a (runtime-generated ID scheme <faction>_tutor_<type>_<1-5>),GENERATED,false,runtime-generated tutor; cost 10 GP; draws Characters on activation
hades_ability_ashen_crossing,Ashen Crossing,HADES,LAND,original-json,,missing — faction not in alpha (procedural fallback available),TBD pending faction adaptation,deploy;land_pop(120ms);activated_ability;destroy(320ms),DEPLOY;DESTROY;CLICK,Desolate-Tuba:game-core/src/main/resources/cards/faction-ability-cards.json @ dde98f8c71ec80ba9046271d1c84e160735c8fcb,PROTOTYPE,true,"NOT in alpha: adapt by re-adding JSON row, registering faction in FactionDecks.FACTIONS, re-adding tutor names to FactionTutorExpansion, starter-deck entries; engine keywords all present in alpha"
hades_ability_soul_furnace,Soul Furnace,HADES,STRUCTURE,original-json,,missing — faction not in alpha (procedural fallback available),TBD pending faction adaptation,deploy;activated_ability;destroy(320ms),DEPLOY;DESTROY;CLICK,Desolate-Tuba:game-core/src/main/resources/cards/faction-ability-cards.json @ dde98f8c71ec80ba9046271d1c84e160735c8fcb,PROTOTYPE,true,"NOT in alpha: adapt by re-adding JSON row, registering faction in FactionDecks.FACTIONS, re-adding tutor names to FactionTutorExpansion, starter-deck entries; engine keywords all present in alpha"
hades_ability_graveflash,Graveflash Assassin,HADES,CHARACTER,original-json,,missing — faction not in alpha (procedural fallback available),TBD pending faction adaptation,deploy_flight(400ms);move(320ms);melee(360ms)/ranged_projectile;damage_float(1200ms);hit_flash(350ms);destroy(320ms),DEPLOY;MOVE;MELEE/RANGED;DAMAGE;DESTROY,Desolate-Tuba:game-core/src/main/resources/cards/faction-ability-cards.json @ dde98f8c71ec80ba9046271d1c84e160735c8fcb,PROTOTYPE,true,"NOT in alpha: adapt by re-adding JSON row, registering faction in FactionDecks.FACTIONS, re-adding tutor names to FactionTutorExpansion, starter-deck entries; engine keywords all present in alpha"
ares_ability_bloodied_ground,Bloodied Ground,ARES,LAND,original-json,,missing — faction not in alpha (procedural fallback available),TBD pending faction adaptation,deploy;land_pop(120ms);activated_ability;destroy(320ms),DEPLOY;DESTROY;CLICK,Desolate-Tuba:game-core/src/main/resources/cards/faction-ability-cards.json @ dde98f8c71ec80ba9046271d1c84e160735c8fcb,PROTOTYPE,true,"NOT in alpha: adapt by re-adding JSON row, registering faction in FactionDecks.FACTIONS, re-adding tutor names to FactionTutorExpansion, starter-deck entries; engine keywords all present in alpha"
ares_ability_war_drum,War-Drum Tower,ARES,STRUCTURE,original-json,,missing — faction not in alpha (procedural fallback available),TBD pending faction adaptation,deploy;activated_ability;destroy(320ms),DEPLOY;DESTROY;CLICK,Desolate-Tuba:game-core/src/main/resources/cards/faction-ability-cards.json @ dde98f8c71ec80ba9046271d1c84e160735c8fcb,PROTOTYPE,true,"NOT in alpha: adapt by re-adding JSON row, registering faction in FactionDecks.FACTIONS, re-adding tutor names to FactionTutorExpansion, starter-deck entries; engine keywords all present in alpha"
ares_ability_gate_ravager,Gate Ravager,ARES,CHARACTER,original-json,,missing — faction not in alpha (procedural fallback available),TBD pending faction adaptation,deploy_flight(400ms);move(320ms);melee(360ms)/ranged_projectile;damage_float(1200ms);hit_flash(350ms);destroy(320ms),DEPLOY;MOVE;MELEE/RANGED;DAMAGE;DESTROY,Desolate-Tuba:game-core/src/main/resources/cards/faction-ability-cards.json @ dde98f8c71ec80ba9046271d1c84e160735c8fcb,PROTOTYPE,true,"NOT in alpha: adapt by re-adding JSON row, registering faction in FactionDecks.FACTIONS, re-adding tutor names to FactionTutorExpansion, starter-deck entries; engine keywords all present in alpha"
athena_ability_academy_gardens,Academy Gardens,ATHENA,LAND,original-json,,missing — faction not in alpha (procedural fallback available),TBD pending faction adaptation,deploy;land_pop(120ms);activated_ability;destroy(320ms),DEPLOY;DESTROY;CLICK,Desolate-Tuba:game-core/src/main/resources/cards/faction-ability-cards.json @ dde98f8c71ec80ba9046271d1c84e160735c8fcb,PROTOTYPE,true,"NOT in alpha: adapt by re-adding JSON row, registering faction in FactionDecks.FACTIONS, re-adding tutor names to FactionTutorExpansion, starter-deck entries; engine keywords all present in alpha"
athena_ability_council_tower,Council Tower,ATHENA,STRUCTURE,original-json,,missing — faction not in alpha (procedural fallback available),TBD pending faction adaptation,deploy;activated_ability;destroy(320ms),DEPLOY;DESTROY;CLICK,Desolate-Tuba:game-core/src/main/resources/cards/faction-ability-cards.json @ dde98f8c71ec80ba9046271d1c84e160735c8fcb,PROTOTYPE,true,"NOT in alpha: adapt by re-adding JSON row, registering faction in FactionDecks.FACTIONS, re-adding tutor names to FactionTutorExpansion, starter-deck entries; engine keywords all present in alpha"
athena_ability_highwall_archon,Highwall Archon,ATHENA,CHARACTER,original-json,,missing — faction not in alpha (procedural fallback available),TBD pending faction adaptation,deploy_flight(400ms);move(320ms);melee(360ms)/ranged_projectile;damage_float(1200ms);hit_flash(350ms);destroy(320ms),DEPLOY;MOVE;MELEE/RANGED;DAMAGE;DESTROY,Desolate-Tuba:game-core/src/main/resources/cards/faction-ability-cards.json @ dde98f8c71ec80ba9046271d1c84e160735c8fcb,PROTOTYPE,true,"NOT in alpha: adapt by re-adding JSON row, registering faction in FactionDecks.FACTIONS, re-adding tutor names to FactionTutorExpansion, starter-deck entries; engine keywords all present in alpha"
hephaestus_ability_ore_vein,Living Ore Vein,HEPHAESTUS,LAND,original-json,,missing — faction not in alpha (procedural fallback available),TBD pending faction adaptation,deploy;land_pop(120ms);activated_ability;destroy(320ms),DEPLOY;DESTROY;CLICK,Desolate-Tuba:game-core/src/main/resources/cards/faction-ability-cards.json @ dde98f8c71ec80ba9046271d1c84e160735c8fcb,PROTOTYPE,true,"NOT in alpha: adapt by re-adding JSON row, registering faction in FactionDecks.FACTIONS, re-adding tutor names to FactionTutorExpansion, starter-deck entries; engine keywords all present in alpha"
hephaestus_ability_repair_foundry,Repair Foundry,HEPHAESTUS,STRUCTURE,original-json,,missing — faction not in alpha (procedural fallback available),TBD pending faction adaptation,deploy;activated_ability;destroy(320ms),DEPLOY;DESTROY;CLICK,Desolate-Tuba:game-core/src/main/resources/cards/faction-ability-cards.json @ dde98f8c71ec80ba9046271d1c84e160735c8fcb,PROTOTYPE,true,"NOT in alpha: adapt by re-adding JSON row, registering faction in FactionDecks.FACTIONS, re-adding tutor names to FactionTutorExpansion, starter-deck entries; engine keywords all present in alpha"
hephaestus_ability_forge_ram,Forge Ram,HEPHAESTUS,CHARACTER,original-json,,missing — faction not in alpha (procedural fallback available),TBD pending faction adaptation,deploy_flight(400ms);move(320ms);melee(360ms)/ranged_projectile;damage_float(1200ms);hit_flash(350ms);destroy(320ms),DEPLOY;MOVE;MELEE/RANGED;DAMAGE;DESTROY,Desolate-Tuba:game-core/src/main/resources/cards/faction-ability-cards.json @ dde98f8c71ec80ba9046271d1c84e160735c8fcb,PROTOTYPE,true,"NOT in alpha: adapt by re-adding JSON row, registering faction in FactionDecks.FACTIONS, re-adding tutor names to FactionTutorExpansion, starter-deck entries; engine keywords all present in alpha"
hades_apex_final_passage,Final Passage,HADES,SPELL,original-json,,missing — faction not in alpha (procedural fallback available),TBD pending faction adaptation,cast;play_flight(400ms);particle_burst(Kenney);resolve,SPELL;DAMAGE,Desolate-Tuba:game-core/src/main/resources/cards/faction-apex-cards.json @ dde98f8c71ec80ba9046271d1c84e160735c8fcb,PROTOTYPE,true,"NOT in alpha: adapt by re-adding JSON row, registering faction in FactionDecks.FACTIONS, re-adding tutor names to FactionTutorExpansion, starter-deck entries; engine keywords all present in alpha"
hades_apex_tomb_of_all_systems,Tomb of All Systems,HADES,SPELL,original-json,,missing — faction not in alpha (procedural fallback available),TBD pending faction adaptation,cast;play_flight(400ms);particle_burst(Kenney);resolve,SPELL;DAMAGE,Desolate-Tuba:game-core/src/main/resources/cards/faction-apex-cards.json @ dde98f8c71ec80ba9046271d1c84e160735c8fcb,PROTOTYPE,true,"NOT in alpha: adapt by re-adding JSON row, registering faction in FactionDecks.FACTIONS, re-adding tutor names to FactionTutorExpansion, starter-deck entries; engine keywords all present in alpha"
hades_apex_lethe_absolute,Lethe Absolute,HADES,SPELL,original-json,,missing — faction not in alpha (procedural fallback available),TBD pending faction adaptation,cast;play_flight(400ms);particle_burst(Kenney);resolve,SPELL;DAMAGE,Desolate-Tuba:game-core/src/main/resources/cards/faction-apex-cards.json @ dde98f8c71ec80ba9046271d1c84e160735c8fcb,PROTOTYPE,true,"NOT in alpha: adapt by re-adding JSON row, registering faction in FactionDecks.FACTIONS, re-adding tutor names to FactionTutorExpansion, starter-deck entries; engine keywords all present in alpha"
hades_apex_crown_of_the_unquiet,Crown of the Unquiet,HADES,SPELL,original-json,,missing — faction not in alpha (procedural fallback available),TBD pending faction adaptation,cast;play_flight(400ms);particle_burst(Kenney);resolve,SPELL;DAMAGE,Desolate-Tuba:game-core/src/main/resources/cards/faction-apex-cards.json @ dde98f8c71ec80ba9046271d1c84e160735c8fcb,PROTOTYPE,true,"NOT in alpha: adapt by re-adding JSON row, registering faction in FactionDecks.FACTIONS, re-adding tutor names to FactionTutorExpansion, starter-deck entries; engine keywords all present in alpha"
hades_apex_erebus_null_shroud,Erebus Null Shroud,HADES,SPELL,original-json,,missing — faction not in alpha (procedural fallback available),TBD pending faction adaptation,cast;play_flight(400ms);particle_burst(Kenney);resolve,SPELL;DAMAGE,Desolate-Tuba:game-core/src/main/resources/cards/faction-apex-cards.json @ dde98f8c71ec80ba9046271d1c84e160735c8fcb,PROTOTYPE,true,"NOT in alpha: adapt by re-adding JSON row, registering faction in FactionDecks.FACTIONS, re-adding tutor names to FactionTutorExpansion, starter-deck entries; engine keywords all present in alpha"
hades_apex_cerberus_omega,Cerberus Omega,HADES,CHARACTER,original-json,,missing — faction not in alpha (procedural fallback available),TBD pending faction adaptation,deploy_flight(400ms);move(320ms);melee(360ms)/ranged_projectile;damage_float(1200ms);hit_flash(350ms);destroy(320ms),DEPLOY;MOVE;MELEE/RANGED;DAMAGE;DESTROY,Desolate-Tuba:game-core/src/main/resources/cards/faction-apex-cards.json @ dde98f8c71ec80ba9046271d1c84e160735c8fcb,PROTOTYPE,true,"NOT in alpha: adapt by re-adding JSON row, registering faction in FactionDecks.FACTIONS, re-adding tutor names to FactionTutorExpansion, starter-deck entries; engine keywords all present in alpha"
hades_apex_persephone_underworld_queen,Persephone Underworld Queen,HADES,CHARACTER,original-json,,missing — faction not in alpha (procedural fallback available),TBD pending faction adaptation,deploy_flight(400ms);move(320ms);melee(360ms)/ranged_projectile;damage_float(1200ms);hit_flash(350ms);destroy(320ms),DEPLOY;MOVE;MELEE/RANGED;DAMAGE;DESTROY,Desolate-Tuba:game-core/src/main/resources/cards/faction-apex-cards.json @ dde98f8c71ec80ba9046271d1c84e160735c8fcb,PROTOTYPE,true,"NOT in alpha: adapt by re-adding JSON row, registering faction in FactionDecks.FACTIONS, re-adding tutor names to FactionTutorExpansion, starter-deck entries; engine keywords all present in alpha"
hades_apex_thanatos_final_form,Thanatos Final Form,HADES,CHARACTER,original-json,,missing — faction not in alpha (procedural fallback available),TBD pending faction adaptation,deploy_flight(400ms);move(320ms);melee(360ms)/ranged_projectile;damage_float(1200ms);hit_flash(350ms);destroy(320ms),DEPLOY;MOVE;MELEE/RANGED;DAMAGE;DESTROY,Desolate-Tuba:game-core/src/main/resources/cards/faction-apex-cards.json @ dde98f8c71ec80ba9046271d1c84e160735c8fcb,PROTOTYPE,true,"NOT in alpha: adapt by re-adding JSON row, registering faction in FactionDecks.FACTIONS, re-adding tutor names to FactionTutorExpansion, starter-deck entries; engine keywords all present in alpha"
hades_apex_necropolis_root_server,Necropolis Root Server,HADES,LAND,original-json,,missing — faction not in alpha (procedural fallback available),TBD pending faction adaptation,deploy;land_pop(120ms);activated_ability;destroy(320ms),DEPLOY;DESTROY;CLICK,Desolate-Tuba:game-core/src/main/resources/cards/faction-apex-cards.json @ dde98f8c71ec80ba9046271d1c84e160735c8fcb,PROTOTYPE,true,"NOT in alpha: adapt by re-adding JSON row, registering faction in FactionDecks.FACTIONS, re-adding tutor names to FactionTutorExpansion, starter-deck entries; engine keywords all present in alpha"
hades_apex_gate_beyond_death,Gate Beyond Death,HADES,STRUCTURE,original-json,,missing — faction not in alpha (procedural fallback available),TBD pending faction adaptation,deploy;activated_ability;destroy(320ms),DEPLOY;DESTROY;CLICK,Desolate-Tuba:game-core/src/main/resources/cards/faction-apex-cards.json @ dde98f8c71ec80ba9046271d1c84e160735c8fcb,PROTOTYPE,true,"NOT in alpha: adapt by re-adding JSON row, registering faction in FactionDecks.FACTIONS, re-adding tutor names to FactionTutorExpansion, starter-deck entries; engine keywords all present in alpha"
ares_apex_ares_godframe_unbound,Ares Godframe Unbound,ARES,CHARACTER,original-json,,missing — faction not in alpha (procedural fallback available),TBD pending faction adaptation,deploy_flight(400ms);move(320ms);melee(360ms)/ranged_projectile;damage_float(1200ms);hit_flash(350ms);destroy(320ms),DEPLOY;MOVE;MELEE/RANGED;DAMAGE;DESTROY,Desolate-Tuba:game-core/src/main/resources/cards/faction-apex-cards.json @ dde98f8c71ec80ba9046271d1c84e160735c8fcb,PROTOTYPE,true,"NOT in alpha: adapt by re-adding JSON row, registering faction in FactionDecks.FACTIONS, re-adding tutor names to FactionTutorExpansion, starter-deck entries; engine keywords all present in alpha"
ares_apex_phobos_terror_titan,Phobos Terror Titan,ARES,CHARACTER,original-json,,missing — faction not in alpha (procedural fallback available),TBD pending faction adaptation,deploy_flight(400ms);move(320ms);melee(360ms)/ranged_projectile;damage_float(1200ms);hit_flash(350ms);destroy(320ms),DEPLOY;MOVE;MELEE/RANGED;DAMAGE;DESTROY,Desolate-Tuba:game-core/src/main/resources/cards/faction-apex-cards.json @ dde98f8c71ec80ba9046271d1c84e160735c8fcb,PROTOTYPE,true,"NOT in alpha: adapt by re-adding JSON row, registering faction in FactionDecks.FACTIONS, re-adding tutor names to FactionTutorExpansion, starter-deck entries; engine keywords all present in alpha"
ares_apex_deimos_cataclysm_rider,Deimos Cataclysm Rider,ARES,CHARACTER,original-json,,missing — faction not in alpha (procedural fallback available),TBD pending faction adaptation,deploy_flight(400ms);move(320ms);melee(360ms)/ranged_projectile;damage_float(1200ms);hit_flash(350ms);destroy(320ms),DEPLOY;MOVE;MELEE/RANGED;DAMAGE;DESTROY,Desolate-Tuba:game-core/src/main/resources/cards/faction-apex-cards.json @ dde98f8c71ec80ba9046271d1c84e160735c8fcb,PROTOTYPE,true,"NOT in alpha: adapt by re-adding JSON row, registering faction in FactionDecks.FACTIONS, re-adding tutor names to FactionTutorExpansion, starter-deck entries; engine keywords all present in alpha"
ares_apex_enyo_citybreaker,Enyo Citybreaker,ARES,CHARACTER,original-json,,missing — faction not in alpha (procedural fallback available),TBD pending faction adaptation,deploy_flight(400ms);move(320ms);melee(360ms)/ranged_projectile;damage_float(1200ms);hit_flash(350ms);destroy(320ms),DEPLOY;MOVE;MELEE/RANGED;DAMAGE;DESTROY,Desolate-Tuba:game-core/src/main/resources/cards/faction-apex-cards.json @ dde98f8c71ec80ba9046271d1c84e160735c8fcb,PROTOTYPE,true,"NOT in alpha: adapt by re-adding JSON row, registering faction in FactionDecks.FACTIONS, re-adding tutor names to FactionTutorExpansion, starter-deck entries; engine keywords all present in alpha"
ares_apex_spartan_last_vanguard,Spartan Last Vanguard,ARES,CHARACTER,original-json,,missing — faction not in alpha (procedural fallback available),TBD pending faction adaptation,deploy_flight(400ms);move(320ms);melee(360ms)/ranged_projectile;damage_float(1200ms);hit_flash(350ms);destroy(320ms),DEPLOY;MOVE;MELEE/RANGED;DAMAGE;DESTROY,Desolate-Tuba:game-core/src/main/resources/cards/faction-apex-cards.json @ dde98f8c71ec80ba9046271d1c84e160735c8fcb,PROTOTYPE,true,"NOT in alpha: adapt by re-adding JSON row, registering faction in FactionDecks.FACTIONS, re-adding tutor names to FactionTutorExpansion, starter-deck entries; engine keywords all present in alpha"
ares_apex_total_war,Total War,ARES,SPELL,original-json,,missing — faction not in alpha (procedural fallback available),TBD pending faction adaptation,cast;play_flight(400ms);particle_burst(Kenney);resolve,SPELL;DAMAGE,Desolate-Tuba:game-core/src/main/resources/cards/faction-apex-cards.json @ dde98f8c71ec80ba9046271d1c84e160735c8fcb,PROTOTYPE,true,"NOT in alpha: adapt by re-adding JSON row, registering faction in FactionDecks.FACTIONS, re-adding tutor names to FactionTutorExpansion, starter-deck entries; engine keywords all present in alpha"
ares_apex_no_safe_ground,No Safe Ground,ARES,SPELL,original-json,,missing — faction not in alpha (procedural fallback available),TBD pending faction adaptation,cast;play_flight(400ms);particle_burst(Kenney);resolve,SPELL;DAMAGE,Desolate-Tuba:game-core/src/main/resources/cards/faction-apex-cards.json @ dde98f8c71ec80ba9046271d1c84e160735c8fcb,PROTOTYPE,true,"NOT in alpha: adapt by re-adding JSON row, registering faction in FactionDecks.FACTIONS, re-adding tutor names to FactionTutorExpansion, starter-deck entries; engine keywords all present in alpha"
ares_apex_champions_refusal,Champion's Refusal,ARES,SPELL,original-json,,missing — faction not in alpha (procedural fallback available),TBD pending faction adaptation,cast;play_flight(400ms);particle_burst(Kenney);resolve,SPELL;DAMAGE,Desolate-Tuba:game-core/src/main/resources/cards/faction-apex-cards.json @ dde98f8c71ec80ba9046271d1c84e160735c8fcb,PROTOTYPE,true,"NOT in alpha: adapt by re-adding JSON row, registering faction in FactionDecks.FACTIONS, re-adding tutor names to FactionTutorExpansion, starter-deck entries; engine keywords all present in alpha"
ares_apex_endless_arena,Endless Arena,ARES,LAND,original-json,,missing — faction not in alpha (procedural fallback available),TBD pending faction adaptation,deploy;land_pop(120ms);activated_ability;destroy(320ms),DEPLOY;DESTROY;CLICK,Desolate-Tuba:game-core/src/main/resources/cards/faction-apex-cards.json @ dde98f8c71ec80ba9046271d1c84e160735c8fcb,PROTOTYPE,true,"NOT in alpha: adapt by re-adding JSON row, registering faction in FactionDecks.FACTIONS, re-adding tutor names to FactionTutorExpansion, starter-deck entries; engine keywords all present in alpha"
ares_apex_siege_god_arsenal,Siege God Arsenal,ARES,STRUCTURE,original-json,,missing — faction not in alpha (procedural fallback available),TBD pending faction adaptation,deploy;activated_ability;destroy(320ms),DEPLOY;DESTROY;CLICK,Desolate-Tuba:game-core/src/main/resources/cards/faction-apex-cards.json @ dde98f8c71ec80ba9046271d1c84e160735c8fcb,PROTOTYPE,true,"NOT in alpha: adapt by re-adding JSON row, registering faction in FactionDecks.FACTIONS, re-adding tutor names to FactionTutorExpansion, starter-deck entries; engine keywords all present in alpha"
athena_apex_athena_strategic_avatar,Athena Strategic Avatar,ATHENA,CHARACTER,original-json,,missing — faction not in alpha (procedural fallback available),TBD pending faction adaptation,deploy_flight(400ms);move(320ms);melee(360ms)/ranged_projectile;damage_float(1200ms);hit_flash(350ms);destroy(320ms),DEPLOY;MOVE;MELEE/RANGED;DAMAGE;DESTROY,Desolate-Tuba:game-core/src/main/resources/cards/faction-apex-cards.json @ dde98f8c71ec80ba9046271d1c84e160735c8fcb,PROTOTYPE,true,"NOT in alpha: adapt by re-adding JSON row, registering faction in FactionDecks.FACTIONS, re-adding tutor names to FactionTutorExpansion, starter-deck entries; engine keywords all present in alpha"
athena_apex_pallas_aegis_eternal,Pallas Aegis Eternal,ATHENA,CHARACTER,original-json,,missing — faction not in alpha (procedural fallback available),TBD pending faction adaptation,deploy_flight(400ms);move(320ms);melee(360ms)/ranged_projectile;damage_float(1200ms);hit_flash(350ms);destroy(320ms),DEPLOY;MOVE;MELEE/RANGED;DAMAGE;DESTROY,Desolate-Tuba:game-core/src/main/resources/cards/faction-apex-cards.json @ dde98f8c71ec80ba9046271d1c84e160735c8fcb,PROTOTYPE,true,"NOT in alpha: adapt by re-adding JSON row, registering faction in FactionDecks.FACTIONS, re-adding tutor names to FactionTutorExpansion, starter-deck entries; engine keywords all present in alpha"
athena_apex_nike_victory_algorithm,Nike Victory Algorithm,ATHENA,CHARACTER,original-json,,missing — faction not in alpha (procedural fallback available),TBD pending faction adaptation,deploy_flight(400ms);move(320ms);melee(360ms)/ranged_projectile;damage_float(1200ms);hit_flash(350ms);destroy(320ms),DEPLOY;MOVE;MELEE/RANGED;DAMAGE;DESTROY,Desolate-Tuba:game-core/src/main/resources/cards/faction-apex-cards.json @ dde98f8c71ec80ba9046271d1c84e160735c8fcb,PROTOTYPE,true,"NOT in alpha: adapt by re-adding JSON row, registering faction in FactionDecks.FACTIONS, re-adding tutor names to FactionTutorExpansion, starter-deck entries; engine keywords all present in alpha"
athena_apex_medusa_countermeasure_prime,Medusa Countermeasure Prime,ATHENA,CHARACTER,original-json,,missing — faction not in alpha (procedural fallback available),TBD pending faction adaptation,deploy_flight(400ms);move(320ms);melee(360ms)/ranged_projectile;damage_float(1200ms);hit_flash(350ms);destroy(320ms),DEPLOY;MOVE;MELEE/RANGED;DAMAGE;DESTROY,Desolate-Tuba:game-core/src/main/resources/cards/faction-apex-cards.json @ dde98f8c71ec80ba9046271d1c84e160735c8fcb,PROTOTYPE,true,"NOT in alpha: adapt by re-adding JSON row, registering faction in FactionDecks.FACTIONS, re-adding tutor names to FactionTutorExpansion, starter-deck entries; engine keywords all present in alpha"
athena_apex_owl_of_absolute_foresight,Owl of Absolute Foresight,ATHENA,CHARACTER,original-json,,missing — faction not in alpha (procedural fallback available),TBD pending faction adaptation,deploy_flight(400ms);move(320ms);melee(360ms)/ranged_projectile;damage_float(1200ms);hit_flash(350ms);destroy(320ms),DEPLOY;MOVE;MELEE/RANGED;DAMAGE;DESTROY,Desolate-Tuba:game-core/src/main/resources/cards/faction-apex-cards.json @ dde98f8c71ec80ba9046271d1c84e160735c8fcb,PROTOTYPE,true,"NOT in alpha: adapt by re-adding JSON row, registering faction in FactionDecks.FACTIONS, re-adding tutor names to FactionTutorExpansion, starter-deck entries; engine keywords all present in alpha"
athena_apex_parthenon_aegis_citadel,Parthenon Aegis Citadel,ATHENA,STRUCTURE,original-json,,missing — faction not in alpha (procedural fallback available),TBD pending faction adaptation,deploy;activated_ability;destroy(320ms),DEPLOY;DESTROY;CLICK,Desolate-Tuba:game-core/src/main/resources/cards/faction-apex-cards.json @ dde98f8c71ec80ba9046271d1c84e160735c8fcb,PROTOTYPE,true,"NOT in alpha: adapt by re-adding JSON row, registering faction in FactionDecks.FACTIONS, re-adding tutor names to FactionTutorExpansion, starter-deck entries; engine keywords all present in alpha"
athena_apex_strategos_command_vault,Strategos Command Vault,ATHENA,STRUCTURE,original-json,,missing — faction not in alpha (procedural fallback available),TBD pending faction adaptation,deploy;activated_ability;destroy(320ms),DEPLOY;DESTROY;CLICK,Desolate-Tuba:game-core/src/main/resources/cards/faction-apex-cards.json @ dde98f8c71ec80ba9046271d1c84e160735c8fcb,PROTOTYPE,true,"NOT in alpha: adapt by re-adding JSON row, registering faction in FactionDecks.FACTIONS, re-adding tutor names to FactionTutorExpansion, starter-deck entries; engine keywords all present in alpha"
athena_apex_gorgon_reflection_wall,Gorgon Reflection Wall,ATHENA,STRUCTURE,original-json,,missing — faction not in alpha (procedural fallback available),TBD pending faction adaptation,deploy;activated_ability;destroy(320ms),DEPLOY;DESTROY;CLICK,Desolate-Tuba:game-core/src/main/resources/cards/faction-apex-cards.json @ dde98f8c71ec80ba9046271d1c84e160735c8fcb,PROTOTYPE,true,"NOT in alpha: adapt by re-adding JSON row, registering faction in FactionDecks.FACTIONS, re-adding tutor names to FactionTutorExpansion, starter-deck entries; engine keywords all present in alpha"
athena_apex_city_of_reason,City of Reason,ATHENA,LAND,original-json,,missing — faction not in alpha (procedural fallback available),TBD pending faction adaptation,deploy;land_pop(120ms);activated_ability;destroy(320ms),DEPLOY;DESTROY;CLICK,Desolate-Tuba:game-core/src/main/resources/cards/faction-apex-cards.json @ dde98f8c71ec80ba9046271d1c84e160735c8fcb,PROTOTYPE,true,"NOT in alpha: adapt by re-adding JSON row, registering faction in FactionDecks.FACTIONS, re-adding tutor names to FactionTutorExpansion, starter-deck entries; engine keywords all present in alpha"
athena_apex_perfect_counterstroke,Perfect Counterstroke,ATHENA,SPELL,original-json,,missing — faction not in alpha (procedural fallback available),TBD pending faction adaptation,cast;play_flight(400ms);particle_burst(Kenney);resolve,SPELL;DAMAGE,Desolate-Tuba:game-core/src/main/resources/cards/faction-apex-cards.json @ dde98f8c71ec80ba9046271d1c84e160735c8fcb,PROTOTYPE,true,"NOT in alpha: adapt by re-adding JSON row, registering faction in FactionDecks.FACTIONS, re-adding tutor names to FactionTutorExpansion, starter-deck entries; engine keywords all present in alpha"
hephaestus_apex_forge_of_divine_machines,Forge of Divine Machines,HEPHAESTUS,STRUCTURE,original-json,,missing — faction not in alpha (procedural fallback available),TBD pending faction adaptation,deploy;activated_ability;destroy(320ms),DEPLOY;DESTROY;CLICK,Desolate-Tuba:game-core/src/main/resources/cards/faction-apex-cards.json @ dde98f8c71ec80ba9046271d1c84e160735c8fcb,PROTOTYPE,true,"NOT in alpha: adapt by re-adding JSON row, registering faction in FactionDecks.FACTIONS, re-adding tutor names to FactionTutorExpansion, starter-deck entries; engine keywords all present in alpha"
hephaestus_apex_talos_resurrection_cradle,Talos Resurrection Cradle,HEPHAESTUS,STRUCTURE,original-json,,missing — faction not in alpha (procedural fallback available),TBD pending faction adaptation,deploy;activated_ability;destroy(320ms),DEPLOY;DESTROY;CLICK,Desolate-Tuba:game-core/src/main/resources/cards/faction-apex-cards.json @ dde98f8c71ec80ba9046271d1c84e160735c8fcb,PROTOTYPE,true,"NOT in alpha: adapt by re-adding JSON row, registering faction in FactionDecks.FACTIONS, re-adding tutor names to FactionTutorExpansion, starter-deck entries; engine keywords all present in alpha"
hephaestus_apex_cyclops_star_furnace,Cyclops Star Furnace,HEPHAESTUS,STRUCTURE,original-json,,missing — faction not in alpha (procedural fallback available),TBD pending faction adaptation,deploy;activated_ability;destroy(320ms),DEPLOY;DESTROY;CLICK,Desolate-Tuba:game-core/src/main/resources/cards/faction-apex-cards.json @ dde98f8c71ec80ba9046271d1c84e160735c8fcb,PROTOTYPE,true,"NOT in alpha: adapt by re-adding JSON row, registering faction in FactionDecks.FACTIONS, re-adding tutor names to FactionTutorExpansion, starter-deck entries; engine keywords all present in alpha"
hephaestus_apex_daedalus_infinite_workshop,Daedalus Infinite Workshop,HEPHAESTUS,STRUCTURE,original-json,,missing — faction not in alpha (procedural fallback available),TBD pending faction adaptation,deploy;activated_ability;destroy(320ms),DEPLOY;DESTROY;CLICK,Desolate-Tuba:game-core/src/main/resources/cards/faction-apex-cards.json @ dde98f8c71ec80ba9046271d1c84e160735c8fcb,PROTOTYPE,true,"NOT in alpha: adapt by re-adding JSON row, registering faction in FactionDecks.FACTIONS, re-adding tutor names to FactionTutorExpansion, starter-deck entries; engine keywords all present in alpha"
hephaestus_apex_adamant_bulwark_engine,Adamant Bulwark Engine,HEPHAESTUS,STRUCTURE,original-json,,missing — faction not in alpha (procedural fallback available),TBD pending faction adaptation,deploy;activated_ability;destroy(320ms),DEPLOY;DESTROY;CLICK,Desolate-Tuba:game-core/src/main/resources/cards/faction-apex-cards.json @ dde98f8c71ec80ba9046271d1c84e160735c8fcb,PROTOTYPE,true,"NOT in alpha: adapt by re-adding JSON row, registering faction in FactionDecks.FACTIONS, re-adding tutor names to FactionTutorExpansion, starter-deck entries; engine keywords all present in alpha"
hephaestus_apex_olympian_magma_heart,Olympian Magma Heart,HEPHAESTUS,LAND,original-json,,missing — faction not in alpha (procedural fallback available),TBD pending faction adaptation,deploy;land_pop(120ms);activated_ability;destroy(320ms),DEPLOY;DESTROY;CLICK,Desolate-Tuba:game-core/src/main/resources/cards/faction-apex-cards.json @ dde98f8c71ec80ba9046271d1c84e160735c8fcb,PROTOTYPE,true,"NOT in alpha: adapt by re-adding JSON row, registering faction in FactionDecks.FACTIONS, re-adding tutor names to FactionTutorExpansion, starter-deck entries; engine keywords all present in alpha"
hephaestus_apex_golden_factory_district,Golden Factory District,HEPHAESTUS,LAND,original-json,,missing — faction not in alpha (procedural fallback available),TBD pending faction adaptation,deploy;land_pop(120ms);activated_ability;destroy(320ms),DEPLOY;DESTROY;CLICK,Desolate-Tuba:game-core/src/main/resources/cards/faction-apex-cards.json @ dde98f8c71ec80ba9046271d1c84e160735c8fcb,PROTOTYPE,true,"NOT in alpha: adapt by re-adding JSON row, registering faction in FactionDecks.FACTIONS, re-adding tutor names to FactionTutorExpansion, starter-deck entries; engine keywords all present in alpha"
hephaestus_apex_titan_salvage_expanse,Titan Salvage Expanse,HEPHAESTUS,LAND,original-json,,missing — faction not in alpha (procedural fallback available),TBD pending faction adaptation,deploy;land_pop(120ms);activated_ability;destroy(320ms),DEPLOY;DESTROY;CLICK,Desolate-Tuba:game-core/src/main/resources/cards/faction-apex-cards.json @ dde98f8c71ec80ba9046271d1c84e160735c8fcb,PROTOTYPE,true,"NOT in alpha: adapt by re-adding JSON row, registering faction in FactionDecks.FACTIONS, re-adding tutor names to FactionTutorExpansion, starter-deck entries; engine keywords all present in alpha"
hephaestus_apex_hephaestus_forge_avatar,Hephaestus Forge Avatar,HEPHAESTUS,CHARACTER,original-json,,missing — faction not in alpha (procedural fallback available),TBD pending faction adaptation,deploy_flight(400ms);move(320ms);melee(360ms)/ranged_projectile;damage_float(1200ms);hit_flash(350ms);destroy(320ms),DEPLOY;MOVE;MELEE/RANGED;DAMAGE;DESTROY,Desolate-Tuba:game-core/src/main/resources/cards/faction-apex-cards.json @ dde98f8c71ec80ba9046271d1c84e160735c8fcb,PROTOTYPE,true,"NOT in alpha: adapt by re-adding JSON row, registering faction in FactionDecks.FACTIONS, re-adding tutor names to FactionTutorExpansion, starter-deck entries; engine keywords all present in alpha"
hephaestus_apex_masterwork_restoration,Masterwork Restoration,HEPHAESTUS,SPELL,original-json,,missing — faction not in alpha (procedural fallback available),TBD pending faction adaptation,cast;play_flight(400ms);particle_burst(Kenney);resolve,SPELL;DAMAGE,Desolate-Tuba:game-core/src/main/resources/cards/faction-apex-cards.json @ dde98f8c71ec80ba9046271d1c84e160735c8fcb,PROTOTYPE,true,"NOT in alpha: adapt by re-adding JSON row, registering faction in FactionDecks.FACTIONS, re-adding tutor names to FactionTutorExpansion, starter-deck entries; engine keywords all present in alpha"
hades_capital_house_of_hades,House of Hades,HADES,CAPITAL,original-json,Desolate-Tuba:game-gui/src/main/resources/art/capitals/hades_capital_house_of_hades.jpg,recoverable-from-original,3D capital/fortress centerpiece model; hit/destroy states,deploy;capital_shake(450ms);capital_hit_flash;destroy(320ms),DEPLOY;CAPITAL_HIT;DESTROY,Desolate-Tuba:game-core/src/main/resources/cards/faction-capitals.json @ dde98f8c71ec80ba9046271d1c84e160735c8fcb,PROTOTYPE,true,"NOT in alpha: adapt by re-adding JSON row, registering faction in FactionDecks.FACTIONS, re-adding tutor names to FactionTutorExpansion, starter-deck entries; engine keywords all present in alpha"
hades_capital_styx_gate,Styx Gate,HADES,CAPITAL,original-json,Desolate-Tuba:game-gui/src/main/resources/art/capitals/hades_capital_styx_gate.jpg,recoverable-from-original,3D capital/fortress centerpiece model; hit/destroy states,deploy;capital_shake(450ms);capital_hit_flash;destroy(320ms),DEPLOY;CAPITAL_HIT;DESTROY,Desolate-Tuba:game-core/src/main/resources/cards/faction-capitals.json @ dde98f8c71ec80ba9046271d1c84e160735c8fcb,PROTOTYPE,true,"NOT in alpha: adapt by re-adding JSON row, registering faction in FactionDecks.FACTIONS, re-adding tutor names to FactionTutorExpansion, starter-deck entries; engine keywords all present in alpha"
hades_capital_tartarus_vault,Tartarus Vault,HADES,CAPITAL,original-json,Desolate-Tuba:game-gui/src/main/resources/art/capitals/hades_capital_tartarus_vault.jpg,recoverable-from-original,3D capital/fortress centerpiece model; hit/destroy states,deploy;capital_shake(450ms);capital_hit_flash;destroy(320ms),DEPLOY;CAPITAL_HIT;DESTROY,Desolate-Tuba:game-core/src/main/resources/cards/faction-capitals.json @ dde98f8c71ec80ba9046271d1c84e160735c8fcb,PROTOTYPE,true,"NOT in alpha: adapt by re-adding JSON row, registering faction in FactionDecks.FACTIONS, re-adding tutor names to FactionTutorExpansion, starter-deck entries; engine keywords all present in alpha"
ares_capital_red_citadel,Red Citadel,ARES,CAPITAL,original-json,Desolate-Tuba:game-gui/src/main/resources/art/capitals/ares_capital_red_citadel.jpg,recoverable-from-original,3D capital/fortress centerpiece model; hit/destroy states,deploy;capital_shake(450ms);capital_hit_flash;destroy(320ms),DEPLOY;CAPITAL_HIT;DESTROY,Desolate-Tuba:game-core/src/main/resources/cards/faction-capitals.json @ dde98f8c71ec80ba9046271d1c84e160735c8fcb,PROTOTYPE,true,"NOT in alpha: adapt by re-adding JSON row, registering faction in FactionDecks.FACTIONS, re-adding tutor names to FactionTutorExpansion, starter-deck entries; engine keywords all present in alpha"
ares_capital_iron_war_camp,Iron War Camp,ARES,CAPITAL,original-json,Desolate-Tuba:game-gui/src/main/resources/art/capitals/ares_capital_iron_war_camp.jpg,recoverable-from-original,3D capital/fortress centerpiece model; hit/destroy states,deploy;capital_shake(450ms);capital_hit_flash;destroy(320ms),DEPLOY;CAPITAL_HIT;DESTROY,Desolate-Tuba:game-core/src/main/resources/cards/faction-capitals.json @ dde98f8c71ec80ba9046271d1c84e160735c8fcb,PROTOTYPE,true,"NOT in alpha: adapt by re-adding JSON row, registering faction in FactionDecks.FACTIONS, re-adding tutor names to FactionTutorExpansion, starter-deck entries; engine keywords all present in alpha"
ares_capital_spearpoint_keep,Spearpoint Keep,ARES,CAPITAL,original-json,Desolate-Tuba:game-gui/src/main/resources/art/capitals/ares_capital_spearpoint_keep.jpg,recoverable-from-original,3D capital/fortress centerpiece model; hit/destroy states,deploy;capital_shake(450ms);capital_hit_flash;destroy(320ms),DEPLOY;CAPITAL_HIT;DESTROY,Desolate-Tuba:game-core/src/main/resources/cards/faction-capitals.json @ dde98f8c71ec80ba9046271d1c84e160735c8fcb,PROTOTYPE,true,"NOT in alpha: adapt by re-adding JSON row, registering faction in FactionDecks.FACTIONS, re-adding tutor names to FactionTutorExpansion, starter-deck entries; engine keywords all present in alpha"
athena_capital_acropolis_command,Acropolis Command,ATHENA,CAPITAL,original-json,Desolate-Tuba:game-gui/src/main/resources/art/capitals/athena_capital_acropolis_command.jpg,recoverable-from-original,3D capital/fortress centerpiece model; hit/destroy states,deploy;capital_shake(450ms);capital_hit_flash;destroy(320ms),DEPLOY;CAPITAL_HIT;DESTROY,Desolate-Tuba:game-core/src/main/resources/cards/faction-capitals.json @ dde98f8c71ec80ba9046271d1c84e160735c8fcb,PROTOTYPE,true,"NOT in alpha: adapt by re-adding JSON row, registering faction in FactionDecks.FACTIONS, re-adding tutor names to FactionTutorExpansion, starter-deck entries; engine keywords all present in alpha"
athena_capital_aegis_archive,Aegis Archive,ATHENA,CAPITAL,original-json,Desolate-Tuba:game-gui/src/main/resources/art/capitals/athena_capital_aegis_archive.jpg,recoverable-from-original,3D capital/fortress centerpiece model; hit/destroy states,deploy;capital_shake(450ms);capital_hit_flash;destroy(320ms),DEPLOY;CAPITAL_HIT;DESTROY,Desolate-Tuba:game-core/src/main/resources/cards/faction-capitals.json @ dde98f8c71ec80ba9046271d1c84e160735c8fcb,PROTOTYPE,true,"NOT in alpha: adapt by re-adding JSON row, registering faction in FactionDecks.FACTIONS, re-adding tutor names to FactionTutorExpansion, starter-deck entries; engine keywords all present in alpha"
athena_capital_owlwatch_fortress,Owlwatch Fortress,ATHENA,CAPITAL,original-json,Desolate-Tuba:game-gui/src/main/resources/art/capitals/athena_capital_owlwatch_fortress.jpg,recoverable-from-original,3D capital/fortress centerpiece model; hit/destroy states,deploy;capital_shake(450ms);capital_hit_flash;destroy(320ms),DEPLOY;CAPITAL_HIT;DESTROY,Desolate-Tuba:game-core/src/main/resources/cards/faction-capitals.json @ dde98f8c71ec80ba9046271d1c84e160735c8fcb,PROTOTYPE,true,"NOT in alpha: adapt by re-adding JSON row, registering faction in FactionDecks.FACTIONS, re-adding tutor names to FactionTutorExpansion, starter-deck entries; engine keywords all present in alpha"
hephaestus_capital_great_forge,The Great Forge,HEPHAESTUS,CAPITAL,original-json,Desolate-Tuba:game-gui/src/main/resources/art/capitals/hephaestus_capital_great_forge.jpg,recoverable-from-original,3D capital/fortress centerpiece model; hit/destroy states,deploy;capital_shake(450ms);capital_hit_flash;destroy(320ms),DEPLOY;CAPITAL_HIT;DESTROY,Desolate-Tuba:game-core/src/main/resources/cards/faction-capitals.json @ dde98f8c71ec80ba9046271d1c84e160735c8fcb,PROTOTYPE,true,"NOT in alpha: adapt by re-adding JSON row, registering faction in FactionDecks.FACTIONS, re-adding tutor names to FactionTutorExpansion, starter-deck entries; engine keywords all present in alpha"
hephaestus_capital_volcanic_foundry,Volcanic Foundry,HEPHAESTUS,CAPITAL,original-json,Desolate-Tuba:game-gui/src/main/resources/art/capitals/hephaestus_capital_volcanic_foundry.jpg,recoverable-from-original,3D capital/fortress centerpiece model; hit/destroy states,deploy;capital_shake(450ms);capital_hit_flash;destroy(320ms),DEPLOY;CAPITAL_HIT;DESTROY,Desolate-Tuba:game-core/src/main/resources/cards/faction-capitals.json @ dde98f8c71ec80ba9046271d1c84e160735c8fcb,PROTOTYPE,true,"NOT in alpha: adapt by re-adding JSON row, registering faction in FactionDecks.FACTIONS, re-adding tutor names to FactionTutorExpansion, starter-deck entries; engine keywords all present in alpha"
hephaestus_capital_bronze_heart,Bronze Heart,HEPHAESTUS,CAPITAL,original-json,Desolate-Tuba:game-gui/src/main/resources/art/capitals/hephaestus_capital_bronze_heart.jpg,recoverable-from-original,3D capital/fortress centerpiece model; hit/destroy states,deploy;capital_shake(450ms);capital_hit_flash;destroy(320ms),DEPLOY;CAPITAL_HIT;DESTROY,Desolate-Tuba:game-core/src/main/resources/cards/faction-capitals.json @ dde98f8c71ec80ba9046271d1c84e160735c8fcb,PROTOTYPE,true,"NOT in alpha: adapt by re-adding JSON row, registering faction in FactionDecks.FACTIONS, re-adding tutor names to FactionTutorExpansion, starter-deck entries; engine keywords all present in alpha"
hades_shade_packet,Shade Packet,HADES,CHARACTER,original-json,,missing — faction not in alpha (procedural fallback available),TBD pending faction adaptation,deploy_flight(400ms);move(320ms);melee(360ms)/ranged_projectile;damage_float(1200ms);hit_flash(350ms);destroy(320ms),DEPLOY;MOVE;MELEE/RANGED;DAMAGE;DESTROY,Desolate-Tuba:game-core/src/main/resources/cards/faction-cards.json @ dde98f8c71ec80ba9046271d1c84e160735c8fcb,PROTOTYPE,true,"NOT in alpha: adapt by re-adding JSON row, registering faction in FactionDecks.FACTIONS, re-adding tutor names to FactionTutorExpansion, starter-deck entries; engine keywords all present in alpha"
hades_styx_ferryman_drone,Styx Ferryman Drone,HADES,CHARACTER,original-json,,missing — faction not in alpha (procedural fallback available),TBD pending faction adaptation,deploy_flight(400ms);move(320ms);melee(360ms)/ranged_projectile;damage_float(1200ms);hit_flash(350ms);destroy(320ms),DEPLOY;MOVE;MELEE/RANGED;DAMAGE;DESTROY,Desolate-Tuba:game-core/src/main/resources/cards/faction-cards.json @ dde98f8c71ec80ba9046271d1c84e160735c8fcb,PROTOTYPE,true,"NOT in alpha: adapt by re-adding JSON row, registering faction in FactionDecks.FACTIONS, re-adding tutor names to FactionTutorExpansion, starter-deck entries; engine keywords all present in alpha"
hades_gravecode_collector,Gravecode Collector,HADES,CHARACTER,original-json,,missing — faction not in alpha (procedural fallback available),TBD pending faction adaptation,deploy_flight(400ms);move(320ms);melee(360ms)/ranged_projectile;damage_float(1200ms);hit_flash(350ms);destroy(320ms),DEPLOY;MOVE;MELEE/RANGED;DAMAGE;DESTROY,Desolate-Tuba:game-core/src/main/resources/cards/faction-cards.json @ dde98f8c71ec80ba9046271d1c84e160735c8fcb,PROTOTYPE,true,"NOT in alpha: adapt by re-adding JSON row, registering faction in FactionDecks.FACTIONS, re-adding tutor names to FactionTutorExpansion, starter-deck entries; engine keywords all present in alpha"
hades_cerberus_gate_pup,Cerberus Gate Pup,HADES,CHARACTER,original-json,,missing — faction not in alpha (procedural fallback available),TBD pending faction adaptation,deploy_flight(400ms);move(320ms);melee(360ms)/ranged_projectile;damage_float(1200ms);hit_flash(350ms);destroy(320ms),DEPLOY;MOVE;MELEE/RANGED;DAMAGE;DESTROY,Desolate-Tuba:game-core/src/main/resources/cards/faction-cards.json @ dde98f8c71ec80ba9046271d1c84e160735c8fcb,PROTOTYPE,true,"NOT in alpha: adapt by re-adding JSON row, registering faction in FactionDecks.FACTIONS, re-adding tutor names to FactionTutorExpansion, starter-deck entries; engine keywords all present in alpha"
hades_erebus_sniper,Erebus Sniper,HADES,CHARACTER,original-json,,missing — faction not in alpha (procedural fallback available),TBD pending faction adaptation,deploy_flight(400ms);move(320ms);melee(360ms)/ranged_projectile;damage_float(1200ms);hit_flash(350ms);destroy(320ms),DEPLOY;MOVE;MELEE/RANGED;DAMAGE;DESTROY,Desolate-Tuba:game-core/src/main/resources/cards/faction-cards.json @ dde98f8c71ec80ba9046271d1c84e160735c8fcb,PROTOTYPE,true,"NOT in alpha: adapt by re-adding JSON row, registering faction in FactionDecks.FACTIONS, re-adding tutor names to FactionTutorExpansion, starter-deck entries; engine keywords all present in alpha"
hades_persephones_root_witch,Persephone's Root-Witch,HADES,CHARACTER,original-json,,missing — faction not in alpha (procedural fallback available),TBD pending faction adaptation,deploy_flight(400ms);move(320ms);melee(360ms)/ranged_projectile;damage_float(1200ms);hit_flash(350ms);destroy(320ms),DEPLOY;MOVE;MELEE/RANGED;DAMAGE;DESTROY,Desolate-Tuba:game-core/src/main/resources/cards/faction-cards.json @ dde98f8c71ec80ba9046271d1c84e160735c8fcb,PROTOTYPE,true,"NOT in alpha: adapt by re-adding JSON row, registering faction in FactionDecks.FACTIONS, re-adding tutor names to FactionTutorExpansion, starter-deck entries; engine keywords all present in alpha"
hades_stygian_reclaimer,Stygian Reclaimer,HADES,CHARACTER,original-json,,missing — faction not in alpha (procedural fallback available),TBD pending faction adaptation,deploy_flight(400ms);move(320ms);melee(360ms)/ranged_projectile;damage_float(1200ms);hit_flash(350ms);destroy(320ms),DEPLOY;MOVE;MELEE/RANGED;DAMAGE;DESTROY,Desolate-Tuba:game-core/src/main/resources/cards/faction-cards.json @ dde98f8c71ec80ba9046271d1c84e160735c8fcb,PROTOTYPE,true,"NOT in alpha: adapt by re-adding JSON row, registering faction in FactionDecks.FACTIONS, re-adding tutor names to FactionTutorExpansion, starter-deck entries; engine keywords all present in alpha"
hades_thanatos_execution_frame,Thanatos Execution Frame,HADES,CHARACTER,original-json,,missing — faction not in alpha (procedural fallback available),TBD pending faction adaptation,deploy_flight(400ms);move(320ms);melee(360ms)/ranged_projectile;damage_float(1200ms);hit_flash(350ms);destroy(320ms),DEPLOY;MOVE;MELEE/RANGED;DAMAGE;DESTROY,Desolate-Tuba:game-core/src/main/resources/cards/faction-cards.json @ dde98f8c71ec80ba9046271d1c84e160735c8fcb,PROTOTYPE,true,"NOT in alpha: adapt by re-adding JSON row, registering faction in FactionDecks.FACTIONS, re-adding tutor names to FactionTutorExpansion, starter-deck entries; engine keywords all present in alpha"
hades_cerberus_tri_core,Cerberus Tri-Core,HADES,CHARACTER,original-json,,missing — faction not in alpha (procedural fallback available),TBD pending faction adaptation,deploy_flight(400ms);move(320ms);melee(360ms)/ranged_projectile;damage_float(1200ms);hit_flash(350ms);destroy(320ms),DEPLOY;MOVE;MELEE/RANGED;DAMAGE;DESTROY,Desolate-Tuba:game-core/src/main/resources/cards/faction-cards.json @ dde98f8c71ec80ba9046271d1c84e160735c8fcb,PROTOTYPE,true,"NOT in alpha: adapt by re-adding JSON row, registering faction in FactionDecks.FACTIONS, re-adding tutor names to FactionTutorExpansion, starter-deck entries; engine keywords all present in alpha"
hades_lethe_memory_thief,Lethe Memory Thief,HADES,CHARACTER,original-json,,missing — faction not in alpha (procedural fallback available),TBD pending faction adaptation,deploy_flight(400ms);move(320ms);melee(360ms)/ranged_projectile;damage_float(1200ms);hit_flash(350ms);destroy(320ms),DEPLOY;MOVE;MELEE/RANGED;DAMAGE;DESTROY,Desolate-Tuba:game-core/src/main/resources/cards/faction-cards.json @ dde98f8c71ec80ba9046271d1c84e160735c8fcb,PROTOTYPE,true,"NOT in alpha: adapt by re-adding JSON row, registering faction in FactionDecks.FACTIONS, re-adding tutor names to FactionTutorExpansion, starter-deck entries; engine keywords all present in alpha"
hades_underworld_colossus,Underworld Colossus,HADES,CHARACTER,original-json,,missing — faction not in alpha (procedural fallback available),TBD pending faction adaptation,deploy_flight(400ms);move(320ms);melee(360ms)/ranged_projectile;damage_float(1200ms);hit_flash(350ms);destroy(320ms),DEPLOY;MOVE;MELEE/RANGED;DAMAGE;DESTROY,Desolate-Tuba:game-core/src/main/resources/cards/faction-cards.json @ dde98f8c71ec80ba9046271d1c84e160735c8fcb,PROTOTYPE,true,"NOT in alpha: adapt by re-adding JSON row, registering faction in FactionDecks.FACTIONS, re-adding tutor names to FactionTutorExpansion, starter-deck entries; engine keywords all present in alpha"
hades_hades_black_crown,Hades Black Crown,HADES,CHARACTER,original-json,,missing — faction not in alpha (procedural fallback available),TBD pending faction adaptation,deploy_flight(400ms);move(320ms);melee(360ms)/ranged_projectile;damage_float(1200ms);hit_flash(350ms);destroy(320ms),DEPLOY;MOVE;MELEE/RANGED;DAMAGE;DESTROY,Desolate-Tuba:game-core/src/main/resources/cards/faction-cards.json @ dde98f8c71ec80ba9046271d1c84e160735c8fcb,PROTOTYPE,true,"NOT in alpha: adapt by re-adding JSON row, registering faction in FactionDecks.FACTIONS, re-adding tutor names to FactionTutorExpansion, starter-deck entries; engine keywords all present in alpha"
hades_styx_transit_channel,Styx Transit Channel,HADES,LAND,original-json,,missing — faction not in alpha (procedural fallback available),TBD pending faction adaptation,deploy;land_pop(120ms);activated_ability;destroy(320ms),DEPLOY;DESTROY;CLICK,Desolate-Tuba:game-core/src/main/resources/cards/faction-cards.json @ dde98f8c71ec80ba9046271d1c84e160735c8fcb,PROTOTYPE,true,"NOT in alpha: adapt by re-adding JSON row, registering faction in FactionDecks.FACTIONS, re-adding tutor names to FactionTutorExpansion, starter-deck entries; engine keywords all present in alpha"
hades_asphodel_server_field,Asphodel Server Field,HADES,LAND,original-json,,missing — faction not in alpha (procedural fallback available),TBD pending faction adaptation,deploy;land_pop(120ms);activated_ability;destroy(320ms),DEPLOY;DESTROY;CLICK,Desolate-Tuba:game-core/src/main/resources/cards/faction-cards.json @ dde98f8c71ec80ba9046271d1c84e160735c8fcb,PROTOTYPE,true,"NOT in alpha: adapt by re-adding JSON row, registering faction in FactionDecks.FACTIONS, re-adding tutor names to FactionTutorExpansion, starter-deck entries; engine keywords all present in alpha"
hades_erebus_undercity,Erebus Undercity,HADES,LAND,original-json,,missing — faction not in alpha (procedural fallback available),TBD pending faction adaptation,deploy;land_pop(120ms);activated_ability;destroy(320ms),DEPLOY;DESTROY;CLICK,Desolate-Tuba:game-core/src/main/resources/cards/faction-cards.json @ dde98f8c71ec80ba9046271d1c84e160735c8fcb,PROTOTYPE,true,"NOT in alpha: adapt by re-adding JSON row, registering faction in FactionDecks.FACTIONS, re-adding tutor names to FactionTutorExpansion, starter-deck entries; engine keywords all present in alpha"
hades_gate_of_the_dead_grid,Gate of the Dead Grid,HADES,LAND,original-json,,missing — faction not in alpha (procedural fallback available),TBD pending faction adaptation,deploy;land_pop(120ms);activated_ability;destroy(320ms),DEPLOY;DESTROY;CLICK,Desolate-Tuba:game-core/src/main/resources/cards/faction-cards.json @ dde98f8c71ec80ba9046271d1c84e160735c8fcb,PROTOTYPE,true,"NOT in alpha: adapt by re-adding JSON row, registering faction in FactionDecks.FACTIONS, re-adding tutor names to FactionTutorExpansion, starter-deck entries; engine keywords all present in alpha"
hades_obol_archive,Obol Archive,HADES,STRUCTURE,original-json,,missing — faction not in alpha (procedural fallback available),TBD pending faction adaptation,deploy;activated_ability;destroy(320ms),DEPLOY;DESTROY;CLICK,Desolate-Tuba:game-core/src/main/resources/cards/faction-cards.json @ dde98f8c71ec80ba9046271d1c84e160735c8fcb,PROTOTYPE,true,"NOT in alpha: adapt by re-adding JSON row, registering faction in FactionDecks.FACTIONS, re-adding tutor names to FactionTutorExpansion, starter-deck entries; engine keywords all present in alpha"
hades_cerberus_gate_node,Cerberus Gate Node,HADES,STRUCTURE,original-json,,missing — faction not in alpha (procedural fallback available),TBD pending faction adaptation,deploy;activated_ability;destroy(320ms),DEPLOY;DESTROY;CLICK,Desolate-Tuba:game-core/src/main/resources/cards/faction-cards.json @ dde98f8c71ec80ba9046271d1c84e160735c8fcb,PROTOTYPE,true,"NOT in alpha: adapt by re-adding JSON row, registering faction in FactionDecks.FACTIONS, re-adding tutor names to FactionTutorExpansion, starter-deck entries; engine keywords all present in alpha"
hades_lethe_reservoir,Lethe Reservoir,HADES,STRUCTURE,original-json,,missing — faction not in alpha (procedural fallback available),TBD pending faction adaptation,deploy;activated_ability;destroy(320ms),DEPLOY;DESTROY;CLICK,Desolate-Tuba:game-core/src/main/resources/cards/faction-cards.json @ dde98f8c71ec80ba9046271d1c84e160735c8fcb,PROTOTYPE,true,"NOT in alpha: adapt by re-adding JSON row, registering faction in FactionDecks.FACTIONS, re-adding tutor names to FactionTutorExpansion, starter-deck entries; engine keywords all present in alpha"
hades_hades_throne_vault,Hades Throne Vault,HADES,STRUCTURE,original-json,,missing — faction not in alpha (procedural fallback available),TBD pending faction adaptation,deploy;activated_ability;destroy(320ms),DEPLOY;DESTROY;CLICK,Desolate-Tuba:game-core/src/main/resources/cards/faction-cards.json @ dde98f8c71ec80ba9046271d1c84e160735c8fcb,PROTOTYPE,true,"NOT in alpha: adapt by re-adding JSON row, registering faction in FactionDecks.FACTIONS, re-adding tutor names to FactionTutorExpansion, starter-deck entries; engine keywords all present in alpha"
ares_redline_recruit,Redline Recruit,ARES,CHARACTER,original-json,,missing — faction not in alpha (procedural fallback available),TBD pending faction adaptation,deploy_flight(400ms);move(320ms);melee(360ms)/ranged_projectile;damage_float(1200ms);hit_flash(350ms);destroy(320ms),DEPLOY;MOVE;MELEE/RANGED;DAMAGE;DESTROY,Desolate-Tuba:game-core/src/main/resources/cards/faction-cards.json @ dde98f8c71ec80ba9046271d1c84e160735c8fcb,PROTOTYPE,true,"NOT in alpha: adapt by re-adding JSON row, registering faction in FactionDecks.FACTIONS, re-adding tutor names to FactionTutorExpansion, starter-deck entries; engine keywords all present in alpha"
ares_phobos_pursuer,Phobos Pursuer,ARES,CHARACTER,original-json,,missing — faction not in alpha (procedural fallback available),TBD pending faction adaptation,deploy_flight(400ms);move(320ms);melee(360ms)/ranged_projectile;damage_float(1200ms);hit_flash(350ms);destroy(320ms),DEPLOY;MOVE;MELEE/RANGED;DAMAGE;DESTROY,Desolate-Tuba:game-core/src/main/resources/cards/faction-cards.json @ dde98f8c71ec80ba9046271d1c84e160735c8fcb,PROTOTYPE,true,"NOT in alpha: adapt by re-adding JSON row, registering faction in FactionDecks.FACTIONS, re-adding tutor names to FactionTutorExpansion, starter-deck entries; engine keywords all present in alpha"
ares_spearwall_breaker,Spearwall Breaker,ARES,CHARACTER,original-json,,missing — faction not in alpha (procedural fallback available),TBD pending faction adaptation,deploy_flight(400ms);move(320ms);melee(360ms)/ranged_projectile;damage_float(1200ms);hit_flash(350ms);destroy(320ms),DEPLOY;MOVE;MELEE/RANGED;DAMAGE;DESTROY,Desolate-Tuba:game-core/src/main/resources/cards/faction-cards.json @ dde98f8c71ec80ba9046271d1c84e160735c8fcb,PROTOTYPE,true,"NOT in alpha: adapt by re-adding JSON row, registering faction in FactionDecks.FACTIONS, re-adding tutor names to FactionTutorExpansion, starter-deck entries; engine keywords all present in alpha"
ares_deimos_raidbike,Deimos Raidbike,ARES,CHARACTER,original-json,,missing — faction not in alpha (procedural fallback available),TBD pending faction adaptation,deploy_flight(400ms);move(320ms);melee(360ms)/ranged_projectile;damage_float(1200ms);hit_flash(350ms);destroy(320ms),DEPLOY;MOVE;MELEE/RANGED;DAMAGE;DESTROY,Desolate-Tuba:game-core/src/main/resources/cards/faction-cards.json @ dde98f8c71ec80ba9046271d1c84e160735c8fcb,PROTOTYPE,true,"NOT in alpha: adapt by re-adding JSON row, registering faction in FactionDecks.FACTIONS, re-adding tutor names to FactionTutorExpansion, starter-deck entries; engine keywords all present in alpha"
ares_bronze_arena_veteran,Bronze Arena Veteran,ARES,CHARACTER,original-json,,missing — faction not in alpha (procedural fallback available),TBD pending faction adaptation,deploy_flight(400ms);move(320ms);melee(360ms)/ranged_projectile;damage_float(1200ms);hit_flash(350ms);destroy(320ms),DEPLOY;MOVE;MELEE/RANGED;DAMAGE;DESTROY,Desolate-Tuba:game-core/src/main/resources/cards/faction-cards.json @ dde98f8c71ec80ba9046271d1c84e160735c8fcb,PROTOTYPE,true,"NOT in alpha: adapt by re-adding JSON row, registering faction in FactionDecks.FACTIONS, re-adding tutor names to FactionTutorExpansion, starter-deck entries; engine keywords all present in alpha"
ares_enyo_demolitionist,Enyo Demolitionist,ARES,CHARACTER,original-json,,missing — faction not in alpha (procedural fallback available),TBD pending faction adaptation,deploy_flight(400ms);move(320ms);melee(360ms)/ranged_projectile;damage_float(1200ms);hit_flash(350ms);destroy(320ms),DEPLOY;MOVE;MELEE/RANGED;DAMAGE;DESTROY,Desolate-Tuba:game-core/src/main/resources/cards/faction-cards.json @ dde98f8c71ec80ba9046271d1c84e160735c8fcb,PROTOTYPE,true,"NOT in alpha: adapt by re-adding JSON row, registering faction in FactionDecks.FACTIONS, re-adding tutor names to FactionTutorExpansion, starter-deck entries; engine keywords all present in alpha"
ares_spartan_exoframe,Spartan Exoframe,ARES,CHARACTER,original-json,,missing — faction not in alpha (procedural fallback available),TBD pending faction adaptation,deploy_flight(400ms);move(320ms);melee(360ms)/ranged_projectile;damage_float(1200ms);hit_flash(350ms);destroy(320ms),DEPLOY;MOVE;MELEE/RANGED;DAMAGE;DESTROY,Desolate-Tuba:game-core/src/main/resources/cards/faction-cards.json @ dde98f8c71ec80ba9046271d1c84e160735c8fcb,PROTOTYPE,true,"NOT in alpha: adapt by re-adding JSON row, registering faction in FactionDecks.FACTIONS, re-adding tutor names to FactionTutorExpansion, starter-deck entries; engine keywords all present in alpha"
ares_warhound_assault_pack,Warhound Assault Pack,ARES,CHARACTER,original-json,,missing — faction not in alpha (procedural fallback available),TBD pending faction adaptation,deploy_flight(400ms);move(320ms);melee(360ms)/ranged_projectile;damage_float(1200ms);hit_flash(350ms);destroy(320ms),DEPLOY;MOVE;MELEE/RANGED;DAMAGE;DESTROY,Desolate-Tuba:game-core/src/main/resources/cards/faction-cards.json @ dde98f8c71ec80ba9046271d1c84e160735c8fcb,PROTOTYPE,true,"NOT in alpha: adapt by re-adding JSON row, registering faction in FactionDecks.FACTIONS, re-adding tutor names to FactionTutorExpansion, starter-deck entries; engine keywords all present in alpha"
ares_eris_riot_engine,Eris Riot Engine,ARES,CHARACTER,original-json,,missing — faction not in alpha (procedural fallback available),TBD pending faction adaptation,deploy_flight(400ms);move(320ms);melee(360ms)/ranged_projectile;damage_float(1200ms);hit_flash(350ms);destroy(320ms),DEPLOY;MOVE;MELEE/RANGED;DAMAGE;DESTROY,Desolate-Tuba:game-core/src/main/resources/cards/faction-cards.json @ dde98f8c71ec80ba9046271d1c84e160735c8fcb,PROTOTYPE,true,"NOT in alpha: adapt by re-adding JSON row, registering faction in FactionDecks.FACTIONS, re-adding tutor names to FactionTutorExpansion, starter-deck entries; engine keywords all present in alpha"
ares_ares_chariot_pilot,Ares Chariot Pilot,ARES,CHARACTER,original-json,,missing — faction not in alpha (procedural fallback available),TBD pending faction adaptation,deploy_flight(400ms);move(320ms);melee(360ms)/ranged_projectile;damage_float(1200ms);hit_flash(350ms);destroy(320ms),DEPLOY;MOVE;MELEE/RANGED;DAMAGE;DESTROY,Desolate-Tuba:game-core/src/main/resources/cards/faction-cards.json @ dde98f8c71ec80ba9046271d1c84e160735c8fcb,PROTOTYPE,true,"NOT in alpha: adapt by re-adding JSON row, registering faction in FactionDecks.FACTIONS, re-adding tutor names to FactionTutorExpansion, starter-deck entries; engine keywords all present in alpha"
ares_titanblood_berserker,Titanblood Berserker,ARES,CHARACTER,original-json,,missing — faction not in alpha (procedural fallback available),TBD pending faction adaptation,deploy_flight(400ms);move(320ms);melee(360ms)/ranged_projectile;damage_float(1200ms);hit_flash(350ms);destroy(320ms),DEPLOY;MOVE;MELEE/RANGED;DAMAGE;DESTROY,Desolate-Tuba:game-core/src/main/resources/cards/faction-cards.json @ dde98f8c71ec80ba9046271d1c84e160735c8fcb,PROTOTYPE,true,"NOT in alpha: adapt by re-adding JSON row, registering faction in FactionDecks.FACTIONS, re-adding tutor names to FactionTutorExpansion, starter-deck entries; engine keywords all present in alpha"
ares_ares_avatar_of_war,Ares Avatar of War,ARES,CHARACTER,original-json,,missing — faction not in alpha (procedural fallback available),TBD pending faction adaptation,deploy_flight(400ms);move(320ms);melee(360ms)/ranged_projectile;damage_float(1200ms);hit_flash(350ms);destroy(320ms),DEPLOY;MOVE;MELEE/RANGED;DAMAGE;DESTROY,Desolate-Tuba:game-core/src/main/resources/cards/faction-cards.json @ dde98f8c71ec80ba9046271d1c84e160735c8fcb,PROTOTYPE,true,"NOT in alpha: adapt by re-adding JSON row, registering faction in FactionDecks.FACTIONS, re-adding tutor names to FactionTutorExpansion, starter-deck entries; engine keywords all present in alpha"
ares_crimson_training_yard,Crimson Training Yard,ARES,LAND,original-json,,missing — faction not in alpha (procedural fallback available),TBD pending faction adaptation,deploy;land_pop(120ms);activated_ability;destroy(320ms),DEPLOY;DESTROY;CLICK,Desolate-Tuba:game-core/src/main/resources/cards/faction-cards.json @ dde98f8c71ec80ba9046271d1c84e160735c8fcb,PROTOTYPE,true,"NOT in alpha: adapt by re-adding JSON row, registering faction in FactionDecks.FACTIONS, re-adding tutor names to FactionTutorExpansion, starter-deck entries; engine keywords all present in alpha"
ares_phobos_launch_strip,Phobos Launch Strip,ARES,LAND,original-json,,missing — faction not in alpha (procedural fallback available),TBD pending faction adaptation,deploy;land_pop(120ms);activated_ability;destroy(320ms),DEPLOY;DESTROY;CLICK,Desolate-Tuba:game-core/src/main/resources/cards/faction-cards.json @ dde98f8c71ec80ba9046271d1c84e160735c8fcb,PROTOTYPE,true,"NOT in alpha: adapt by re-adding JSON row, registering faction in FactionDecks.FACTIONS, re-adding tutor names to FactionTutorExpansion, starter-deck entries; engine keywords all present in alpha"
ares_arena_of_burning_bronze,Arena of Burning Bronze,ARES,LAND,original-json,,missing — faction not in alpha (procedural fallback available),TBD pending faction adaptation,deploy;land_pop(120ms);activated_ability;destroy(320ms),DEPLOY;DESTROY;CLICK,Desolate-Tuba:game-core/src/main/resources/cards/faction-cards.json @ dde98f8c71ec80ba9046271d1c84e160735c8fcb,PROTOTYPE,true,"NOT in alpha: adapt by re-adding JSON row, registering faction in FactionDecks.FACTIONS, re-adding tutor names to FactionTutorExpansion, starter-deck entries; engine keywords all present in alpha"
ares_warforge_front,Warforge Front,ARES,LAND,original-json,,missing — faction not in alpha (procedural fallback available),TBD pending faction adaptation,deploy;land_pop(120ms);activated_ability;destroy(320ms),DEPLOY;DESTROY;CLICK,Desolate-Tuba:game-core/src/main/resources/cards/faction-cards.json @ dde98f8c71ec80ba9046271d1c84e160735c8fcb,PROTOTYPE,true,"NOT in alpha: adapt by re-adding JSON row, registering faction in FactionDecks.FACTIONS, re-adding tutor names to FactionTutorExpansion, starter-deck entries; engine keywords all present in alpha"
ares_forward_barricade,Forward Barricade,ARES,STRUCTURE,original-json,,missing — faction not in alpha (procedural fallback available),TBD pending faction adaptation,deploy;activated_ability;destroy(320ms),DEPLOY;DESTROY;CLICK,Desolate-Tuba:game-core/src/main/resources/cards/faction-cards.json @ dde98f8c71ec80ba9046271d1c84e160735c8fcb,PROTOTYPE,true,"NOT in alpha: adapt by re-adding JSON row, registering faction in FactionDecks.FACTIONS, re-adding tutor names to FactionTutorExpansion, starter-deck entries; engine keywords all present in alpha"
ares_ballistic_shrine,Ballistic Shrine,ARES,STRUCTURE,original-json,,missing — faction not in alpha (procedural fallback available),TBD pending faction adaptation,deploy;activated_ability;destroy(320ms),DEPLOY;DESTROY;CLICK,Desolate-Tuba:game-core/src/main/resources/cards/faction-cards.json @ dde98f8c71ec80ba9046271d1c84e160735c8fcb,PROTOTYPE,true,"NOT in alpha: adapt by re-adding JSON row, registering faction in FactionDecks.FACTIONS, re-adding tutor names to FactionTutorExpansion, starter-deck entries; engine keywords all present in alpha"
ares_chariot_deployment_rack,Chariot Deployment Rack,ARES,STRUCTURE,original-json,,missing — faction not in alpha (procedural fallback available),TBD pending faction adaptation,deploy;activated_ability;destroy(320ms),DEPLOY;DESTROY;CLICK,Desolate-Tuba:game-core/src/main/resources/cards/faction-cards.json @ dde98f8c71ec80ba9046271d1c84e160735c8fcb,PROTOTYPE,true,"NOT in alpha: adapt by re-adding JSON row, registering faction in FactionDecks.FACTIONS, re-adding tutor names to FactionTutorExpansion, starter-deck entries; engine keywords all present in alpha"
ares_ares_siege_citadel,Ares Siege Citadel,ARES,STRUCTURE,original-json,,missing — faction not in alpha (procedural fallback available),TBD pending faction adaptation,deploy;activated_ability;destroy(320ms),DEPLOY;DESTROY;CLICK,Desolate-Tuba:game-core/src/main/resources/cards/faction-cards.json @ dde98f8c71ec80ba9046271d1c84e160735c8fcb,PROTOTYPE,true,"NOT in alpha: adapt by re-adding JSON row, registering faction in FactionDecks.FACTIONS, re-adding tutor names to FactionTutorExpansion, starter-deck entries; engine keywords all present in alpha"
athena_owl_recon_unit,Owl Recon Unit,ATHENA,CHARACTER,original-json,,missing — faction not in alpha (procedural fallback available),TBD pending faction adaptation,deploy_flight(400ms);move(320ms);melee(360ms)/ranged_projectile;damage_float(1200ms);hit_flash(350ms);destroy(320ms),DEPLOY;MOVE;MELEE/RANGED;DAMAGE;DESTROY,Desolate-Tuba:game-core/src/main/resources/cards/faction-cards.json @ dde98f8c71ec80ba9046271d1c84e160735c8fcb,PROTOTYPE,true,"NOT in alpha: adapt by re-adding JSON row, registering faction in FactionDecks.FACTIONS, re-adding tutor names to FactionTutorExpansion, starter-deck entries; engine keywords all present in alpha"
athena_athenian_cadet,Athenian Cadet,ATHENA,CHARACTER,original-json,,missing — faction not in alpha (procedural fallback available),TBD pending faction adaptation,deploy_flight(400ms);move(320ms);melee(360ms)/ranged_projectile;damage_float(1200ms);hit_flash(350ms);destroy(320ms),DEPLOY;MOVE;MELEE/RANGED;DAMAGE;DESTROY,Desolate-Tuba:game-core/src/main/resources/cards/faction-cards.json @ dde98f8c71ec80ba9046271d1c84e160735c8fcb,PROTOTYPE,true,"NOT in alpha: adapt by re-adding JSON row, registering faction in FactionDecks.FACTIONS, re-adding tutor names to FactionTutorExpansion, starter-deck entries; engine keywords all present in alpha"
athena_grid_tactician,Grid Tactician,ATHENA,CHARACTER,original-json,,missing — faction not in alpha (procedural fallback available),TBD pending faction adaptation,deploy_flight(400ms);move(320ms);melee(360ms)/ranged_projectile;damage_float(1200ms);hit_flash(350ms);destroy(320ms),DEPLOY;MOVE;MELEE/RANGED;DAMAGE;DESTROY,Desolate-Tuba:game-core/src/main/resources/cards/faction-cards.json @ dde98f8c71ec80ba9046271d1c84e160735c8fcb,PROTOTYPE,true,"NOT in alpha: adapt by re-adding JSON row, registering faction in FactionDecks.FACTIONS, re-adding tutor names to FactionTutorExpansion, starter-deck entries; engine keywords all present in alpha"
athena_silver_shield_drone,Silver Shield Drone,ATHENA,CHARACTER,original-json,,missing — faction not in alpha (procedural fallback available),TBD pending faction adaptation,deploy_flight(400ms);move(320ms);melee(360ms)/ranged_projectile;damage_float(1200ms);hit_flash(350ms);destroy(320ms),DEPLOY;MOVE;MELEE/RANGED;DAMAGE;DESTROY,Desolate-Tuba:game-core/src/main/resources/cards/faction-cards.json @ dde98f8c71ec80ba9046271d1c84e160735c8fcb,PROTOTYPE,true,"NOT in alpha: adapt by re-adding JSON row, registering faction in FactionDecks.FACTIONS, re-adding tutor names to FactionTutorExpansion, starter-deck entries; engine keywords all present in alpha"
athena_pallas_counter_sniper,Pallas Counter-Sniper,ATHENA,CHARACTER,original-json,,missing — faction not in alpha (procedural fallback available),TBD pending faction adaptation,deploy_flight(400ms);move(320ms);melee(360ms)/ranged_projectile;damage_float(1200ms);hit_flash(350ms);destroy(320ms),DEPLOY;MOVE;MELEE/RANGED;DAMAGE;DESTROY,Desolate-Tuba:game-core/src/main/resources/cards/faction-cards.json @ dde98f8c71ec80ba9046271d1c84e160735c8fcb,PROTOTYPE,true,"NOT in alpha: adapt by re-adding JSON row, registering faction in FactionDecks.FACTIONS, re-adding tutor names to FactionTutorExpansion, starter-deck entries; engine keywords all present in alpha"
athena_owlwing_repositioner,Owlwing Repositioner,ATHENA,CHARACTER,original-json,,missing — faction not in alpha (procedural fallback available),TBD pending faction adaptation,deploy_flight(400ms);move(320ms);melee(360ms)/ranged_projectile;damage_float(1200ms);hit_flash(350ms);destroy(320ms),DEPLOY;MOVE;MELEE/RANGED;DAMAGE;DESTROY,Desolate-Tuba:game-core/src/main/resources/cards/faction-cards.json @ dde98f8c71ec80ba9046271d1c84e160735c8fcb,PROTOTYPE,true,"NOT in alpha: adapt by re-adding JSON row, registering faction in FactionDecks.FACTIONS, re-adding tutor names to FactionTutorExpansion, starter-deck entries; engine keywords all present in alpha"
athena_hoplon_formation_lead,Hoplon Formation Lead,ATHENA,CHARACTER,original-json,,missing — faction not in alpha (procedural fallback available),TBD pending faction adaptation,deploy_flight(400ms);move(320ms);melee(360ms)/ranged_projectile;damage_float(1200ms);hit_flash(350ms);destroy(320ms),DEPLOY;MOVE;MELEE/RANGED;DAMAGE;DESTROY,Desolate-Tuba:game-core/src/main/resources/cards/faction-cards.json @ dde98f8c71ec80ba9046271d1c84e160735c8fcb,PROTOTYPE,true,"NOT in alpha: adapt by re-adding JSON row, registering faction in FactionDecks.FACTIONS, re-adding tutor names to FactionTutorExpansion, starter-deck entries; engine keywords all present in alpha"
athena_medusa_pattern_analyst,Medusa Pattern Analyst,ATHENA,CHARACTER,original-json,,missing — faction not in alpha (procedural fallback available),TBD pending faction adaptation,deploy_flight(400ms);move(320ms);melee(360ms)/ranged_projectile;damage_float(1200ms);hit_flash(350ms);destroy(320ms),DEPLOY;MOVE;MELEE/RANGED;DAMAGE;DESTROY,Desolate-Tuba:game-core/src/main/resources/cards/faction-cards.json @ dde98f8c71ec80ba9046271d1c84e160735c8fcb,PROTOTYPE,true,"NOT in alpha: adapt by re-adding JSON row, registering faction in FactionDecks.FACTIONS, re-adding tutor names to FactionTutorExpansion, starter-deck entries; engine keywords all present in alpha"
athena_nike_strategic_runner,Nike Strategic Runner,ATHENA,CHARACTER,original-json,,missing — faction not in alpha (procedural fallback available),TBD pending faction adaptation,deploy_flight(400ms);move(320ms);melee(360ms)/ranged_projectile;damage_float(1200ms);hit_flash(350ms);destroy(320ms),DEPLOY;MOVE;MELEE/RANGED;DAMAGE;DESTROY,Desolate-Tuba:game-core/src/main/resources/cards/faction-cards.json @ dde98f8c71ec80ba9046271d1c84e160735c8fcb,PROTOTYPE,true,"NOT in alpha: adapt by re-adding JSON row, registering faction in FactionDecks.FACTIONS, re-adding tutor names to FactionTutorExpansion, starter-deck entries; engine keywords all present in alpha"
athena_parthenon_sentinel,Parthenon Sentinel,ATHENA,CHARACTER,original-json,,missing — faction not in alpha (procedural fallback available),TBD pending faction adaptation,deploy_flight(400ms);move(320ms);melee(360ms)/ranged_projectile;damage_float(1200ms);hit_flash(350ms);destroy(320ms),DEPLOY;MOVE;MELEE/RANGED;DAMAGE;DESTROY,Desolate-Tuba:game-core/src/main/resources/cards/faction-cards.json @ dde98f8c71ec80ba9046271d1c84e160735c8fcb,PROTOTYPE,true,"NOT in alpha: adapt by re-adding JSON row, registering faction in FactionDecks.FACTIONS, re-adding tutor names to FactionTutorExpansion, starter-deck entries; engine keywords all present in alpha"
athena_athenas_grey_eyed_seer,Athena's Grey-Eyed Seer,ATHENA,CHARACTER,original-json,,missing — faction not in alpha (procedural fallback available),TBD pending faction adaptation,deploy_flight(400ms);move(320ms);melee(360ms)/ranged_projectile;damage_float(1200ms);hit_flash(350ms);destroy(320ms),DEPLOY;MOVE;MELEE/RANGED;DAMAGE;DESTROY,Desolate-Tuba:game-core/src/main/resources/cards/faction-cards.json @ dde98f8c71ec80ba9046271d1c84e160735c8fcb,PROTOTYPE,true,"NOT in alpha: adapt by re-adding JSON row, registering faction in FactionDecks.FACTIONS, re-adding tutor names to FactionTutorExpansion, starter-deck entries; engine keywords all present in alpha"
athena_aegis_prime_strategos,Aegis Prime Strategos,ATHENA,CHARACTER,original-json,,missing — faction not in alpha (procedural fallback available),TBD pending faction adaptation,deploy_flight(400ms);move(320ms);melee(360ms)/ranged_projectile;damage_float(1200ms);hit_flash(350ms);destroy(320ms),DEPLOY;MOVE;MELEE/RANGED;DAMAGE;DESTROY,Desolate-Tuba:game-core/src/main/resources/cards/faction-cards.json @ dde98f8c71ec80ba9046271d1c84e160735c8fcb,PROTOTYPE,true,"NOT in alpha: adapt by re-adding JSON row, registering faction in FactionDecks.FACTIONS, re-adding tutor names to FactionTutorExpansion, starter-deck entries; engine keywords all present in alpha"
athena_academy_training_grid,Academy Training Grid,ATHENA,LAND,original-json,,missing — faction not in alpha (procedural fallback available),TBD pending faction adaptation,deploy;land_pop(120ms);activated_ability;destroy(320ms),DEPLOY;DESTROY;CLICK,Desolate-Tuba:game-core/src/main/resources/cards/faction-cards.json @ dde98f8c71ec80ba9046271d1c84e160735c8fcb,PROTOTYPE,true,"NOT in alpha: adapt by re-adding JSON row, registering faction in FactionDecks.FACTIONS, re-adding tutor names to FactionTutorExpansion, starter-deck entries; engine keywords all present in alpha"
athena_owlwatch_promenade,Owlwatch Promenade,ATHENA,LAND,original-json,,missing — faction not in alpha (procedural fallback available),TBD pending faction adaptation,deploy;land_pop(120ms);activated_ability;destroy(320ms),DEPLOY;DESTROY;CLICK,Desolate-Tuba:game-core/src/main/resources/cards/faction-cards.json @ dde98f8c71ec80ba9046271d1c84e160735c8fcb,PROTOTYPE,true,"NOT in alpha: adapt by re-adding JSON row, registering faction in FactionDecks.FACTIONS, re-adding tutor names to FactionTutorExpansion, starter-deck entries; engine keywords all present in alpha"
athena_parthenon_data_court,Parthenon Data Court,ATHENA,LAND,original-json,,missing — faction not in alpha (procedural fallback available),TBD pending faction adaptation,deploy;land_pop(120ms);activated_ability;destroy(320ms),DEPLOY;DESTROY;CLICK,Desolate-Tuba:game-core/src/main/resources/cards/faction-cards.json @ dde98f8c71ec80ba9046271d1c84e160735c8fcb,PROTOTYPE,true,"NOT in alpha: adapt by re-adding JSON row, registering faction in FactionDecks.FACTIONS, re-adding tutor names to FactionTutorExpansion, starter-deck entries; engine keywords all present in alpha"
athena_aegis_defensive_quarter,Aegis Defensive Quarter,ATHENA,LAND,original-json,,missing — faction not in alpha (procedural fallback available),TBD pending faction adaptation,deploy;land_pop(120ms);activated_ability;destroy(320ms),DEPLOY;DESTROY;CLICK,Desolate-Tuba:game-core/src/main/resources/cards/faction-cards.json @ dde98f8c71ec80ba9046271d1c84e160735c8fcb,PROTOTYPE,true,"NOT in alpha: adapt by re-adding JSON row, registering faction in FactionDecks.FACTIONS, re-adding tutor names to FactionTutorExpansion, starter-deck entries; engine keywords all present in alpha"
athena_tactical_relay_post,Tactical Relay Post,ATHENA,STRUCTURE,original-json,,missing — faction not in alpha (procedural fallback available),TBD pending faction adaptation,deploy;activated_ability;destroy(320ms),DEPLOY;DESTROY;CLICK,Desolate-Tuba:game-core/src/main/resources/cards/faction-cards.json @ dde98f8c71ec80ba9046271d1c84e160735c8fcb,PROTOTYPE,true,"NOT in alpha: adapt by re-adding JSON row, registering faction in FactionDecks.FACTIONS, re-adding tutor names to FactionTutorExpansion, starter-deck entries; engine keywords all present in alpha"
athena_owlwatch_tower,Owlwatch Tower,ATHENA,STRUCTURE,original-json,,missing — faction not in alpha (procedural fallback available),TBD pending faction adaptation,deploy;activated_ability;destroy(320ms),DEPLOY;DESTROY;CLICK,Desolate-Tuba:game-core/src/main/resources/cards/faction-cards.json @ dde98f8c71ec80ba9046271d1c84e160735c8fcb,PROTOTYPE,true,"NOT in alpha: adapt by re-adding JSON row, registering faction in FactionDecks.FACTIONS, re-adding tutor names to FactionTutorExpansion, starter-deck entries; engine keywords all present in alpha"
athena_aegis_projection_wall,Aegis Projection Wall,ATHENA,STRUCTURE,original-json,,missing — faction not in alpha (procedural fallback available),TBD pending faction adaptation,deploy;activated_ability;destroy(320ms),DEPLOY;DESTROY;CLICK,Desolate-Tuba:game-core/src/main/resources/cards/faction-cards.json @ dde98f8c71ec80ba9046271d1c84e160735c8fcb,PROTOTYPE,true,"NOT in alpha: adapt by re-adding JSON row, registering faction in FactionDecks.FACTIONS, re-adding tutor names to FactionTutorExpansion, starter-deck entries; engine keywords all present in alpha"
athena_athena_strategy_core,Athena Strategy Core,ATHENA,STRUCTURE,original-json,,missing — faction not in alpha (procedural fallback available),TBD pending faction adaptation,deploy;activated_ability;destroy(320ms),DEPLOY;DESTROY;CLICK,Desolate-Tuba:game-core/src/main/resources/cards/faction-cards.json @ dde98f8c71ec80ba9046271d1c84e160735c8fcb,PROTOTYPE,true,"NOT in alpha: adapt by re-adding JSON row, registering faction in FactionDecks.FACTIONS, re-adding tutor names to FactionTutorExpansion, starter-deck entries; engine keywords all present in alpha"
hephaestus_forge_spark_drone,Forge Spark Drone,HEPHAESTUS,CHARACTER,original-json,,missing — faction not in alpha (procedural fallback available),TBD pending faction adaptation,deploy_flight(400ms);move(320ms);melee(360ms)/ranged_projectile;damage_float(1200ms);hit_flash(350ms);destroy(320ms),DEPLOY;MOVE;MELEE/RANGED;DAMAGE;DESTROY,Desolate-Tuba:game-core/src/main/resources/cards/faction-cards.json @ dde98f8c71ec80ba9046271d1c84e160735c8fcb,PROTOTYPE,true,"NOT in alpha: adapt by re-adding JSON row, registering faction in FactionDecks.FACTIONS, re-adding tutor names to FactionTutorExpansion, starter-deck entries; engine keywords all present in alpha"
hephaestus_tunnel_riveter,Tunnel Riveter,HEPHAESTUS,CHARACTER,original-json,,missing — faction not in alpha (procedural fallback available),TBD pending faction adaptation,deploy_flight(400ms);move(320ms);melee(360ms)/ranged_projectile;damage_float(1200ms);hit_flash(350ms);destroy(320ms),DEPLOY;MOVE;MELEE/RANGED;DAMAGE;DESTROY,Desolate-Tuba:game-core/src/main/resources/cards/faction-cards.json @ dde98f8c71ec80ba9046271d1c84e160735c8fcb,PROTOTYPE,true,"NOT in alpha: adapt by re-adding JSON row, registering faction in FactionDecks.FACTIONS, re-adding tutor names to FactionTutorExpansion, starter-deck entries; engine keywords all present in alpha"
hephaestus_bronze_assembly_bot,Bronze Assembly Bot,HEPHAESTUS,CHARACTER,original-json,,missing — faction not in alpha (procedural fallback available),TBD pending faction adaptation,deploy_flight(400ms);move(320ms);melee(360ms)/ranged_projectile;damage_float(1200ms);hit_flash(350ms);destroy(320ms),DEPLOY;MOVE;MELEE/RANGED;DAMAGE;DESTROY,Desolate-Tuba:game-core/src/main/resources/cards/faction-cards.json @ dde98f8c71ec80ba9046271d1c84e160735c8fcb,PROTOTYPE,true,"NOT in alpha: adapt by re-adding JSON row, registering faction in FactionDecks.FACTIONS, re-adding tutor names to FactionTutorExpansion, starter-deck entries; engine keywords all present in alpha"
hephaestus_automaton_shieldsmith,Automaton Shieldsmith,HEPHAESTUS,CHARACTER,original-json,,missing — faction not in alpha (procedural fallback available),TBD pending faction adaptation,deploy_flight(400ms);move(320ms);melee(360ms)/ranged_projectile;damage_float(1200ms);hit_flash(350ms);destroy(320ms),DEPLOY;MOVE;MELEE/RANGED;DAMAGE;DESTROY,Desolate-Tuba:game-core/src/main/resources/cards/faction-cards.json @ dde98f8c71ec80ba9046271d1c84e160735c8fcb,PROTOTYPE,true,"NOT in alpha: adapt by re-adding JSON row, registering faction in FactionDecks.FACTIONS, re-adding tutor names to FactionTutorExpansion, starter-deck entries; engine keywords all present in alpha"
hephaestus_volcanic_survey_rig,Volcanic Survey Rig,HEPHAESTUS,CHARACTER,original-json,,missing — faction not in alpha (procedural fallback available),TBD pending faction adaptation,deploy_flight(400ms);move(320ms);melee(360ms)/ranged_projectile;damage_float(1200ms);hit_flash(350ms);destroy(320ms),DEPLOY;MOVE;MELEE/RANGED;DAMAGE;DESTROY,Desolate-Tuba:game-core/src/main/resources/cards/faction-cards.json @ dde98f8c71ec80ba9046271d1c84e160735c8fcb,PROTOTYPE,true,"NOT in alpha: adapt by re-adding JSON row, registering faction in FactionDecks.FACTIONS, re-adding tutor names to FactionTutorExpansion, starter-deck entries; engine keywords all present in alpha"
hephaestus_talos_patrol_frame,Talos Patrol Frame,HEPHAESTUS,CHARACTER,original-json,,missing — faction not in alpha (procedural fallback available),TBD pending faction adaptation,deploy_flight(400ms);move(320ms);melee(360ms)/ranged_projectile;damage_float(1200ms);hit_flash(350ms);destroy(320ms),DEPLOY;MOVE;MELEE/RANGED;DAMAGE;DESTROY,Desolate-Tuba:game-core/src/main/resources/cards/faction-cards.json @ dde98f8c71ec80ba9046271d1c84e160735c8fcb,PROTOTYPE,true,"NOT in alpha: adapt by re-adding JSON row, registering faction in FactionDecks.FACTIONS, re-adding tutor names to FactionTutorExpansion, starter-deck entries; engine keywords all present in alpha"
hephaestus_cyclops_arc_welder,Cyclops Arc-Welder,HEPHAESTUS,CHARACTER,original-json,,missing — faction not in alpha (procedural fallback available),TBD pending faction adaptation,deploy_flight(400ms);move(320ms);melee(360ms)/ranged_projectile;damage_float(1200ms);hit_flash(350ms);destroy(320ms),DEPLOY;MOVE;MELEE/RANGED;DAMAGE;DESTROY,Desolate-Tuba:game-core/src/main/resources/cards/faction-cards.json @ dde98f8c71ec80ba9046271d1c84e160735c8fcb,PROTOTYPE,true,"NOT in alpha: adapt by re-adding JSON row, registering faction in FactionDecks.FACTIONS, re-adding tutor names to FactionTutorExpansion, starter-deck entries; engine keywords all present in alpha"
hephaestus_daedalus_prototype,Daedalus Prototype,HEPHAESTUS,CHARACTER,original-json,,missing — faction not in alpha (procedural fallback available),TBD pending faction adaptation,deploy_flight(400ms);move(320ms);melee(360ms)/ranged_projectile;damage_float(1200ms);hit_flash(350ms);destroy(320ms),DEPLOY;MOVE;MELEE/RANGED;DAMAGE;DESTROY,Desolate-Tuba:game-core/src/main/resources/cards/faction-cards.json @ dde98f8c71ec80ba9046271d1c84e160735c8fcb,PROTOTYPE,true,"NOT in alpha: adapt by re-adding JSON row, registering faction in FactionDecks.FACTIONS, re-adding tutor names to FactionTutorExpansion, starter-deck entries; engine keywords all present in alpha"
hephaestus_foundry_siege_walker,Foundry Siege Walker,HEPHAESTUS,CHARACTER,original-json,,missing — faction not in alpha (procedural fallback available),TBD pending faction adaptation,deploy_flight(400ms);move(320ms);melee(360ms)/ranged_projectile;damage_float(1200ms);hit_flash(350ms);destroy(320ms),DEPLOY;MOVE;MELEE/RANGED;DAMAGE;DESTROY,Desolate-Tuba:game-core/src/main/resources/cards/faction-cards.json @ dde98f8c71ec80ba9046271d1c84e160735c8fcb,PROTOTYPE,true,"NOT in alpha: adapt by re-adding JSON row, registering faction in FactionDecks.FACTIONS, re-adding tutor names to FactionTutorExpansion, starter-deck entries; engine keywords all present in alpha"
hephaestus_golden_hand_artificer,Golden Hand Artificer,HEPHAESTUS,CHARACTER,original-json,,missing — faction not in alpha (procedural fallback available),TBD pending faction adaptation,deploy_flight(400ms);move(320ms);melee(360ms)/ranged_projectile;damage_float(1200ms);hit_flash(350ms);destroy(320ms),DEPLOY;MOVE;MELEE/RANGED;DAMAGE;DESTROY,Desolate-Tuba:game-core/src/main/resources/cards/faction-cards.json @ dde98f8c71ec80ba9046271d1c84e160735c8fcb,PROTOTYPE,true,"NOT in alpha: adapt by re-adding JSON row, registering faction in FactionDecks.FACTIONS, re-adding tutor names to FactionTutorExpansion, starter-deck entries; engine keywords all present in alpha"
hephaestus_talos_colossus,Talos Colossus,HEPHAESTUS,CHARACTER,original-json,,missing — faction not in alpha (procedural fallback available),TBD pending faction adaptation,deploy_flight(400ms);move(320ms);melee(360ms)/ranged_projectile;damage_float(1200ms);hit_flash(350ms);destroy(320ms),DEPLOY;MOVE;MELEE/RANGED;DAMAGE;DESTROY,Desolate-Tuba:game-core/src/main/resources/cards/faction-cards.json @ dde98f8c71ec80ba9046271d1c84e160735c8fcb,PROTOTYPE,true,"NOT in alpha: adapt by re-adding JSON row, registering faction in FactionDecks.FACTIONS, re-adding tutor names to FactionTutorExpansion, starter-deck entries; engine keywords all present in alpha"
hephaestus_hephaestus_masterwork,Hephaestus Masterwork,HEPHAESTUS,CHARACTER,original-json,,missing — faction not in alpha (procedural fallback available),TBD pending faction adaptation,deploy_flight(400ms);move(320ms);melee(360ms)/ranged_projectile;damage_float(1200ms);hit_flash(350ms);destroy(320ms),DEPLOY;MOVE;MELEE/RANGED;DAMAGE;DESTROY,Desolate-Tuba:game-core/src/main/resources/cards/faction-cards.json @ dde98f8c71ec80ba9046271d1c84e160735c8fcb,PROTOTYPE,true,"NOT in alpha: adapt by re-adding JSON row, registering faction in FactionDecks.FACTIONS, re-adding tutor names to FactionTutorExpansion, starter-deck entries; engine keywords all present in alpha"
hephaestus_cinderworks_lot,Cinderworks Lot,HEPHAESTUS,LAND,original-json,,missing — faction not in alpha (procedural fallback available),TBD pending faction adaptation,deploy;land_pop(120ms);activated_ability;destroy(320ms),DEPLOY;DESTROY;CLICK,Desolate-Tuba:game-core/src/main/resources/cards/faction-cards.json @ dde98f8c71ec80ba9046271d1c84e160735c8fcb,PROTOTYPE,true,"NOT in alpha: adapt by re-adding JSON row, registering faction in FactionDecks.FACTIONS, re-adding tutor names to FactionTutorExpansion, starter-deck entries; engine keywords all present in alpha"
hephaestus_magma_conduit_field,Magma Conduit Field,HEPHAESTUS,LAND,original-json,,missing — faction not in alpha (procedural fallback available),TBD pending faction adaptation,deploy;land_pop(120ms);activated_ability;destroy(320ms),DEPLOY;DESTROY;CLICK,Desolate-Tuba:game-core/src/main/resources/cards/faction-cards.json @ dde98f8c71ec80ba9046271d1c84e160735c8fcb,PROTOTYPE,true,"NOT in alpha: adapt by re-adding JSON row, registering faction in FactionDecks.FACTIONS, re-adding tutor names to FactionTutorExpansion, starter-deck entries; engine keywords all present in alpha"
hephaestus_cyclops_foundry_floor,Cyclops Foundry Floor,HEPHAESTUS,LAND,original-json,,missing — faction not in alpha (procedural fallback available),TBD pending faction adaptation,deploy;land_pop(120ms);activated_ability;destroy(320ms),DEPLOY;DESTROY;CLICK,Desolate-Tuba:game-core/src/main/resources/cards/faction-cards.json @ dde98f8c71ec80ba9046271d1c84e160735c8fcb,PROTOTYPE,true,"NOT in alpha: adapt by re-adding JSON row, registering faction in FactionDecks.FACTIONS, re-adding tutor names to FactionTutorExpansion, starter-deck entries; engine keywords all present in alpha"
hephaestus_hephaestus_core_forge,Hephaestus Core Forge,HEPHAESTUS,LAND,original-json,,missing — faction not in alpha (procedural fallback available),TBD pending faction adaptation,deploy;land_pop(120ms);activated_ability;destroy(320ms),DEPLOY;DESTROY;CLICK,Desolate-Tuba:game-core/src/main/resources/cards/faction-cards.json @ dde98f8c71ec80ba9046271d1c84e160735c8fcb,PROTOTYPE,true,"NOT in alpha: adapt by re-adding JSON row, registering faction in FactionDecks.FACTIONS, re-adding tutor names to FactionTutorExpansion, starter-deck entries; engine keywords all present in alpha"
hephaestus_automaton_assembly_line,Automaton Assembly Line,HEPHAESTUS,STRUCTURE,original-json,,missing — faction not in alpha (procedural fallback available),TBD pending faction adaptation,deploy;activated_ability;destroy(320ms),DEPLOY;DESTROY;CLICK,Desolate-Tuba:game-core/src/main/resources/cards/faction-cards.json @ dde98f8c71ec80ba9046271d1c84e160735c8fcb,PROTOTYPE,true,"NOT in alpha: adapt by re-adding JSON row, registering faction in FactionDecks.FACTIONS, re-adding tutor names to FactionTutorExpansion, starter-deck entries; engine keywords all present in alpha"
hephaestus_smart_metal_bulwark,Smart-Metal Bulwark,HEPHAESTUS,STRUCTURE,original-json,,missing — faction not in alpha (procedural fallback available),TBD pending faction adaptation,deploy;activated_ability;destroy(320ms),DEPLOY;DESTROY;CLICK,Desolate-Tuba:game-core/src/main/resources/cards/faction-cards.json @ dde98f8c71ec80ba9046271d1c84e160735c8fcb,PROTOTYPE,true,"NOT in alpha: adapt by re-adding JSON row, registering faction in FactionDecks.FACTIONS, re-adding tutor names to FactionTutorExpansion, starter-deck entries; engine keywords all present in alpha"
hephaestus_cyclops_plasma_furnace,Cyclops Plasma Furnace,HEPHAESTUS,STRUCTURE,original-json,,missing — faction not in alpha (procedural fallback available),TBD pending faction adaptation,deploy;activated_ability;destroy(320ms),DEPLOY;DESTROY;CLICK,Desolate-Tuba:game-core/src/main/resources/cards/faction-cards.json @ dde98f8c71ec80ba9046271d1c84e160735c8fcb,PROTOTYPE,true,"NOT in alpha: adapt by re-adding JSON row, registering faction in FactionDecks.FACTIONS, re-adding tutor names to FactionTutorExpansion, starter-deck entries; engine keywords all present in alpha"
hephaestus_talos_foundry_citadel,Talos Foundry Citadel,HEPHAESTUS,STRUCTURE,original-json,,missing — faction not in alpha (procedural fallback available),TBD pending faction adaptation,deploy;activated_ability;destroy(320ms),DEPLOY;DESTROY;CLICK,Desolate-Tuba:game-core/src/main/resources/cards/faction-cards.json @ dde98f8c71ec80ba9046271d1c84e160735c8fcb,PROTOTYPE,true,"NOT in alpha: adapt by re-adding JSON row, registering faction in FactionDecks.FACTIONS, re-adding tutor names to FactionTutorExpansion, starter-deck entries; engine keywords all present in alpha"
hades_land_unmarked_crossing,Unmarked Crossing,HADES,LAND,original-json,,missing — faction not in alpha (procedural fallback available),TBD pending faction adaptation,deploy;land_pop(120ms);activated_ability;destroy(320ms),DEPLOY;DESTROY;CLICK,Desolate-Tuba:game-core/src/main/resources/cards/faction-development-expansion-2.json @ dde98f8c71ec80ba9046271d1c84e160735c8fcb,PROTOTYPE,true,"NOT in alpha: adapt by re-adding JSON row, registering faction in FactionDecks.FACTIONS, re-adding tutor names to FactionTutorExpansion, starter-deck entries; engine keywords all present in alpha"
hades_structure_chthonic_registry,Chthonic Registry,HADES,STRUCTURE,original-json,,missing — faction not in alpha (procedural fallback available),TBD pending faction adaptation,deploy;activated_ability;destroy(320ms),DEPLOY;DESTROY;CLICK,Desolate-Tuba:game-core/src/main/resources/cards/faction-development-expansion-2.json @ dde98f8c71ec80ba9046271d1c84e160735c8fcb,PROTOTYPE,true,"NOT in alpha: adapt by re-adding JSON row, registering faction in FactionDecks.FACTIONS, re-adding tutor names to FactionTutorExpansion, starter-deck entries; engine keywords all present in alpha"
hades_land_fields_beyond_styx,Fields Beyond Styx,HADES,LAND,original-json,,missing — faction not in alpha (procedural fallback available),TBD pending faction adaptation,deploy;land_pop(120ms);activated_ability;destroy(320ms),DEPLOY;DESTROY;CLICK,Desolate-Tuba:game-core/src/main/resources/cards/faction-development-expansion-2.json @ dde98f8c71ec80ba9046271d1c84e160735c8fcb,PROTOTYPE,true,"NOT in alpha: adapt by re-adding JSON row, registering faction in FactionDecks.FACTIONS, re-adding tutor names to FactionTutorExpansion, starter-deck entries; engine keywords all present in alpha"
hades_structure_undying_treasury,Undying Treasury,HADES,STRUCTURE,original-json,,missing — faction not in alpha (procedural fallback available),TBD pending faction adaptation,deploy;activated_ability;destroy(320ms),DEPLOY;DESTROY;CLICK,Desolate-Tuba:game-core/src/main/resources/cards/faction-development-expansion-2.json @ dde98f8c71ec80ba9046271d1c84e160735c8fcb,PROTOTYPE,true,"NOT in alpha: adapt by re-adding JSON row, registering faction in FactionDecks.FACTIONS, re-adding tutor names to FactionTutorExpansion, starter-deck entries; engine keywords all present in alpha"
ares_land_muster_field,Muster Field,ARES,LAND,original-json,,missing — faction not in alpha (procedural fallback available),TBD pending faction adaptation,deploy;land_pop(120ms);activated_ability;destroy(320ms),DEPLOY;DESTROY;CLICK,Desolate-Tuba:game-core/src/main/resources/cards/faction-development-expansion-2.json @ dde98f8c71ec80ba9046271d1c84e160735c8fcb,PROTOTYPE,true,"NOT in alpha: adapt by re-adding JSON row, registering faction in FactionDecks.FACTIONS, re-adding tutor names to FactionTutorExpansion, starter-deck entries; engine keywords all present in alpha"
ares_structure_campaign_forge,Campaign Forge,ARES,STRUCTURE,original-json,,missing — faction not in alpha (procedural fallback available),TBD pending faction adaptation,deploy;activated_ability;destroy(320ms),DEPLOY;DESTROY;CLICK,Desolate-Tuba:game-core/src/main/resources/cards/faction-development-expansion-2.json @ dde98f8c71ec80ba9046271d1c84e160735c8fcb,PROTOTYPE,true,"NOT in alpha: adapt by re-adding JSON row, registering faction in FactionDecks.FACTIONS, re-adding tutor names to FactionTutorExpansion, starter-deck entries; engine keywords all present in alpha"
ares_land_iron_standard_province,Iron-Standard Province,ARES,LAND,original-json,,missing — faction not in alpha (procedural fallback available),TBD pending faction adaptation,deploy;land_pop(120ms);activated_ability;destroy(320ms),DEPLOY;DESTROY;CLICK,Desolate-Tuba:game-core/src/main/resources/cards/faction-development-expansion-2.json @ dde98f8c71ec80ba9046271d1c84e160735c8fcb,PROTOTYPE,true,"NOT in alpha: adapt by re-adding JSON row, registering faction in FactionDecks.FACTIONS, re-adding tutor names to FactionTutorExpansion, starter-deck entries; engine keywords all present in alpha"
ares_structure_triumph_foundry,Triumph Foundry,ARES,STRUCTURE,original-json,,missing — faction not in alpha (procedural fallback available),TBD pending faction adaptation,deploy;activated_ability;destroy(320ms),DEPLOY;DESTROY;CLICK,Desolate-Tuba:game-core/src/main/resources/cards/faction-development-expansion-2.json @ dde98f8c71ec80ba9046271d1c84e160735c8fcb,PROTOTYPE,true,"NOT in alpha: adapt by re-adding JSON row, registering faction in FactionDecks.FACTIONS, re-adding tutor names to FactionTutorExpansion, starter-deck entries; engine keywords all present in alpha"
athena_land_academy_gardens,Academy Gardens,ATHENA,LAND,original-json,,missing — faction not in alpha (procedural fallback available),TBD pending faction adaptation,deploy;land_pop(120ms);activated_ability;destroy(320ms),DEPLOY;DESTROY;CLICK,Desolate-Tuba:game-core/src/main/resources/cards/faction-development-expansion-2.json @ dde98f8c71ec80ba9046271d1c84e160735c8fcb,PROTOTYPE,true,"NOT in alpha: adapt by re-adding JSON row, registering faction in FactionDecks.FACTIONS, re-adding tutor names to FactionTutorExpansion, starter-deck entries; engine keywords all present in alpha"
athena_structure_civic_ledger,Civic Ledger,ATHENA,STRUCTURE,original-json,,missing — faction not in alpha (procedural fallback available),TBD pending faction adaptation,deploy;activated_ability;destroy(320ms),DEPLOY;DESTROY;CLICK,Desolate-Tuba:game-core/src/main/resources/cards/faction-development-expansion-2.json @ dde98f8c71ec80ba9046271d1c84e160735c8fcb,PROTOTYPE,true,"NOT in alpha: adapt by re-adding JSON row, registering faction in FactionDecks.FACTIONS, re-adding tutor names to FactionTutorExpansion, starter-deck entries; engine keywords all present in alpha"
athena_land_strategists_domain,Strategist's Domain,ATHENA,LAND,original-json,,missing — faction not in alpha (procedural fallback available),TBD pending faction adaptation,deploy;land_pop(120ms);activated_ability;destroy(320ms),DEPLOY;DESTROY;CLICK,Desolate-Tuba:game-core/src/main/resources/cards/faction-development-expansion-2.json @ dde98f8c71ec80ba9046271d1c84e160735c8fcb,PROTOTYPE,true,"NOT in alpha: adapt by re-adding JSON row, registering faction in FactionDecks.FACTIONS, re-adding tutor names to FactionTutorExpansion, starter-deck entries; engine keywords all present in alpha"
athena_structure_owl_of_providence,Owl of Providence,ATHENA,STRUCTURE,original-json,,missing — faction not in alpha (procedural fallback available),TBD pending faction adaptation,deploy;activated_ability;destroy(320ms),DEPLOY;DESTROY;CLICK,Desolate-Tuba:game-core/src/main/resources/cards/faction-development-expansion-2.json @ dde98f8c71ec80ba9046271d1c84e160735c8fcb,PROTOTYPE,true,"NOT in alpha: adapt by re-adding JSON row, registering faction in FactionDecks.FACTIONS, re-adding tutor names to FactionTutorExpansion, starter-deck entries; engine keywords all present in alpha"
hephaestus_land_slag_claim,Slag Claim,HEPHAESTUS,LAND,original-json,,missing — faction not in alpha (procedural fallback available),TBD pending faction adaptation,deploy;land_pop(120ms);activated_ability;destroy(320ms),DEPLOY;DESTROY;CLICK,Desolate-Tuba:game-core/src/main/resources/cards/faction-development-expansion-2.json @ dde98f8c71ec80ba9046271d1c84e160735c8fcb,PROTOTYPE,true,"NOT in alpha: adapt by re-adding JSON row, registering faction in FactionDecks.FACTIONS, re-adding tutor names to FactionTutorExpansion, starter-deck entries; engine keywords all present in alpha"
hephaestus_structure_precision_mill,Precision Mill,HEPHAESTUS,STRUCTURE,original-json,,missing — faction not in alpha (procedural fallback available),TBD pending faction adaptation,deploy;activated_ability;destroy(320ms),DEPLOY;DESTROY;CLICK,Desolate-Tuba:game-core/src/main/resources/cards/faction-development-expansion-2.json @ dde98f8c71ec80ba9046271d1c84e160735c8fcb,PROTOTYPE,true,"NOT in alpha: adapt by re-adding JSON row, registering faction in FactionDecks.FACTIONS, re-adding tutor names to FactionTutorExpansion, starter-deck entries; engine keywords all present in alpha"
hephaestus_land_mantle_concession,Mantle Concession,HEPHAESTUS,LAND,original-json,,missing — faction not in alpha (procedural fallback available),TBD pending faction adaptation,deploy;land_pop(120ms);activated_ability;destroy(320ms),DEPLOY;DESTROY;CLICK,Desolate-Tuba:game-core/src/main/resources/cards/faction-development-expansion-2.json @ dde98f8c71ec80ba9046271d1c84e160735c8fcb,PROTOTYPE,true,"NOT in alpha: adapt by re-adding JSON row, registering faction in FactionDecks.FACTIONS, re-adding tutor names to FactionTutorExpansion, starter-deck entries; engine keywords all present in alpha"
hephaestus_structure_perpetual_works,Perpetual Works,HEPHAESTUS,STRUCTURE,original-json,,missing — faction not in alpha (procedural fallback available),TBD pending faction adaptation,deploy;activated_ability;destroy(320ms),DEPLOY;DESTROY;CLICK,Desolate-Tuba:game-core/src/main/resources/cards/faction-development-expansion-2.json @ dde98f8c71ec80ba9046271d1c84e160735c8fcb,PROTOTYPE,true,"NOT in alpha: adapt by re-adding JSON row, registering faction in FactionDecks.FACTIONS, re-adding tutor names to FactionTutorExpansion, starter-deck entries; engine keywords all present in alpha"
hades_land_asphodel_lease,Asphodel Lease,HADES,LAND,original-json,,missing — faction not in alpha (procedural fallback available),TBD pending faction adaptation,deploy;land_pop(120ms);activated_ability;destroy(320ms),DEPLOY;DESTROY;CLICK,Desolate-Tuba:game-core/src/main/resources/cards/faction-development-expansion.json @ dde98f8c71ec80ba9046271d1c84e160735c8fcb,PROTOTYPE,true,"NOT in alpha: adapt by re-adding JSON row, registering faction in FactionDecks.FACTIONS, re-adding tutor names to FactionTutorExpansion, starter-deck entries; engine keywords all present in alpha"
hades_land_erebus_claim,Erebus Claim,HADES,LAND,original-json,,missing — faction not in alpha (procedural fallback available),TBD pending faction adaptation,deploy;land_pop(120ms);activated_ability;destroy(320ms),DEPLOY;DESTROY;CLICK,Desolate-Tuba:game-core/src/main/resources/cards/faction-development-expansion.json @ dde98f8c71ec80ba9046271d1c84e160735c8fcb,PROTOTYPE,true,"NOT in alpha: adapt by re-adding JSON row, registering faction in FactionDecks.FACTIONS, re-adding tutor names to FactionTutorExpansion, starter-deck entries; engine keywords all present in alpha"
hades_structure_obol_counting_house,Obol Counting House,HADES,STRUCTURE,original-json,,missing — faction not in alpha (procedural fallback available),TBD pending faction adaptation,deploy;activated_ability;destroy(320ms),DEPLOY;DESTROY;CLICK,Desolate-Tuba:game-core/src/main/resources/cards/faction-development-expansion.json @ dde98f8c71ec80ba9046271d1c84e160735c8fcb,PROTOTYPE,true,"NOT in alpha: adapt by re-adding JSON row, registering faction in FactionDecks.FACTIONS, re-adding tutor names to FactionTutorExpansion, starter-deck entries; engine keywords all present in alpha"
hades_structure_silent_mortuary,Silent Mortuary,HADES,STRUCTURE,original-json,,missing — faction not in alpha (procedural fallback available),TBD pending faction adaptation,deploy;activated_ability;destroy(320ms),DEPLOY;DESTROY;CLICK,Desolate-Tuba:game-core/src/main/resources/cards/faction-development-expansion.json @ dde98f8c71ec80ba9046271d1c84e160735c8fcb,PROTOTYPE,true,"NOT in alpha: adapt by re-adding JSON row, registering faction in FactionDecks.FACTIONS, re-adding tutor names to FactionTutorExpansion, starter-deck entries; engine keywords all present in alpha"
ares_land_red_dust_march,Red Dust March,ARES,LAND,original-json,,missing — faction not in alpha (procedural fallback available),TBD pending faction adaptation,deploy;land_pop(120ms);activated_ability;destroy(320ms),DEPLOY;DESTROY;CLICK,Desolate-Tuba:game-core/src/main/resources/cards/faction-development-expansion.json @ dde98f8c71ec80ba9046271d1c84e160735c8fcb,PROTOTYPE,true,"NOT in alpha: adapt by re-adding JSON row, registering faction in FactionDecks.FACTIONS, re-adding tutor names to FactionTutorExpansion, starter-deck entries; engine keywords all present in alpha"
ares_land_conquerors_divide,Conqueror's Divide,ARES,LAND,original-json,,missing — faction not in alpha (procedural fallback available),TBD pending faction adaptation,deploy;land_pop(120ms);activated_ability;destroy(320ms),DEPLOY;DESTROY;CLICK,Desolate-Tuba:game-core/src/main/resources/cards/faction-development-expansion.json @ dde98f8c71ec80ba9046271d1c84e160735c8fcb,PROTOTYPE,true,"NOT in alpha: adapt by re-adding JSON row, registering faction in FactionDecks.FACTIONS, re-adding tutor names to FactionTutorExpansion, starter-deck entries; engine keywords all present in alpha"
ares_structure_spoil_depot,Spoil Depot,ARES,STRUCTURE,original-json,,missing — faction not in alpha (procedural fallback available),TBD pending faction adaptation,deploy;activated_ability;destroy(320ms),DEPLOY;DESTROY;CLICK,Desolate-Tuba:game-core/src/main/resources/cards/faction-development-expansion.json @ dde98f8c71ec80ba9046271d1c84e160735c8fcb,PROTOTYPE,true,"NOT in alpha: adapt by re-adding JSON row, registering faction in FactionDecks.FACTIONS, re-adding tutor names to FactionTutorExpansion, starter-deck entries; engine keywords all present in alpha"
ares_structure_veterans_hall,Veterans' Hall,ARES,STRUCTURE,original-json,,missing — faction not in alpha (procedural fallback available),TBD pending faction adaptation,deploy;activated_ability;destroy(320ms),DEPLOY;DESTROY;CLICK,Desolate-Tuba:game-core/src/main/resources/cards/faction-development-expansion.json @ dde98f8c71ec80ba9046271d1c84e160735c8fcb,PROTOTYPE,true,"NOT in alpha: adapt by re-adding JSON row, registering faction in FactionDecks.FACTIONS, re-adding tutor names to FactionTutorExpansion, starter-deck entries; engine keywords all present in alpha"
athena_land_measured_terrace,Measured Terrace,ATHENA,LAND,original-json,,missing — faction not in alpha (procedural fallback available),TBD pending faction adaptation,deploy;land_pop(120ms);activated_ability;destroy(320ms),DEPLOY;DESTROY;CLICK,Desolate-Tuba:game-core/src/main/resources/cards/faction-development-expansion.json @ dde98f8c71ec80ba9046271d1c84e160735c8fcb,PROTOTYPE,true,"NOT in alpha: adapt by re-adding JSON row, registering faction in FactionDecks.FACTIONS, re-adding tutor names to FactionTutorExpansion, starter-deck entries; engine keywords all present in alpha"
athena_land_oracles_province,Oracle's Province,ATHENA,LAND,original-json,,missing — faction not in alpha (procedural fallback available),TBD pending faction adaptation,deploy;land_pop(120ms);activated_ability;destroy(320ms),DEPLOY;DESTROY;CLICK,Desolate-Tuba:game-core/src/main/resources/cards/faction-development-expansion.json @ dde98f8c71ec80ba9046271d1c84e160735c8fcb,PROTOTYPE,true,"NOT in alpha: adapt by re-adding JSON row, registering faction in FactionDecks.FACTIONS, re-adding tutor names to FactionTutorExpansion, starter-deck entries; engine keywords all present in alpha"
athena_structure_logistics_stoa,Logistics Stoa,ATHENA,STRUCTURE,original-json,,missing — faction not in alpha (procedural fallback available),TBD pending faction adaptation,deploy;activated_ability;destroy(320ms),DEPLOY;DESTROY;CLICK,Desolate-Tuba:game-core/src/main/resources/cards/faction-development-expansion.json @ dde98f8c71ec80ba9046271d1c84e160735c8fcb,PROTOTYPE,true,"NOT in alpha: adapt by re-adding JSON row, registering faction in FactionDecks.FACTIONS, re-adding tutor names to FactionTutorExpansion, starter-deck entries; engine keywords all present in alpha"
athena_structure_panacea_annex,Panacea Annex,ATHENA,STRUCTURE,original-json,,missing — faction not in alpha (procedural fallback available),TBD pending faction adaptation,deploy;activated_ability;destroy(320ms),DEPLOY;DESTROY;CLICK,Desolate-Tuba:game-core/src/main/resources/cards/faction-development-expansion.json @ dde98f8c71ec80ba9046271d1c84e160735c8fcb,PROTOTYPE,true,"NOT in alpha: adapt by re-adding JSON row, registering faction in FactionDecks.FACTIONS, re-adding tutor names to FactionTutorExpansion, starter-deck entries; engine keywords all present in alpha"
hephaestus_land_copper_seam,Copper Seam,HEPHAESTUS,LAND,original-json,,missing — faction not in alpha (procedural fallback available),TBD pending faction adaptation,deploy;land_pop(120ms);activated_ability;destroy(320ms),DEPLOY;DESTROY;CLICK,Desolate-Tuba:game-core/src/main/resources/cards/faction-development-expansion.json @ dde98f8c71ec80ba9046271d1c84e160735c8fcb,PROTOTYPE,true,"NOT in alpha: adapt by re-adding JSON row, registering faction in FactionDecks.FACTIONS, re-adding tutor names to FactionTutorExpansion, starter-deck entries; engine keywords all present in alpha"
hephaestus_land_caldera_works,Caldera Works,HEPHAESTUS,LAND,original-json,,missing — faction not in alpha (procedural fallback available),TBD pending faction adaptation,deploy;land_pop(120ms);activated_ability;destroy(320ms),DEPLOY;DESTROY;CLICK,Desolate-Tuba:game-core/src/main/resources/cards/faction-development-expansion.json @ dde98f8c71ec80ba9046271d1c84e160735c8fcb,PROTOTYPE,true,"NOT in alpha: adapt by re-adding JSON row, registering faction in FactionDecks.FACTIONS, re-adding tutor names to FactionTutorExpansion, starter-deck entries; engine keywords all present in alpha"
hephaestus_structure_gear_mint,Gear Mint,HEPHAESTUS,STRUCTURE,original-json,,missing — faction not in alpha (procedural fallback available),TBD pending faction adaptation,deploy;activated_ability;destroy(320ms),DEPLOY;DESTROY;CLICK,Desolate-Tuba:game-core/src/main/resources/cards/faction-development-expansion.json @ dde98f8c71ec80ba9046271d1c84e160735c8fcb,PROTOTYPE,true,"NOT in alpha: adapt by re-adding JSON row, registering faction in FactionDecks.FACTIONS, re-adding tutor names to FactionTutorExpansion, starter-deck entries; engine keywords all present in alpha"
hephaestus_structure_automender_foundry,Automender Foundry,HEPHAESTUS,STRUCTURE,original-json,,missing — faction not in alpha (procedural fallback available),TBD pending faction adaptation,deploy;activated_ability;destroy(320ms),DEPLOY;DESTROY;CLICK,Desolate-Tuba:game-core/src/main/resources/cards/faction-development-expansion.json @ dde98f8c71ec80ba9046271d1c84e160735c8fcb,PROTOTYPE,true,"NOT in alpha: adapt by re-adding JSON row, registering faction in FactionDecks.FACTIONS, re-adding tutor names to FactionTutorExpansion, starter-deck entries; engine keywords all present in alpha"
hades_keyword_grave_skulker,Grave Skulker,HADES,CHARACTER,original-json,,missing — faction not in alpha (procedural fallback available),TBD pending faction adaptation,deploy_flight(400ms);move(320ms);melee(360ms)/ranged_projectile;damage_float(1200ms);hit_flash(350ms);destroy(320ms),DEPLOY;MOVE;MELEE/RANGED;DAMAGE;DESTROY,Desolate-Tuba:game-core/src/main/resources/cards/faction-keyword-cards.json @ dde98f8c71ec80ba9046271d1c84e160735c8fcb,PROTOTYPE,true,"NOT in alpha: adapt by re-adding JSON row, registering faction in FactionDecks.FACTIONS, re-adding tutor names to FactionTutorExpansion, starter-deck entries; engine keywords all present in alpha"
hades_keyword_styx_burrower,Styx Burrower,HADES,CHARACTER,original-json,,missing — faction not in alpha (procedural fallback available),TBD pending faction adaptation,deploy_flight(400ms);move(320ms);melee(360ms)/ranged_projectile;damage_float(1200ms);hit_flash(350ms);destroy(320ms),DEPLOY;MOVE;MELEE/RANGED;DAMAGE;DESTROY,Desolate-Tuba:game-core/src/main/resources/cards/faction-keyword-cards.json @ dde98f8c71ec80ba9046271d1c84e160735c8fcb,PROTOTYPE,true,"NOT in alpha: adapt by re-adding JSON row, registering faction in FactionDecks.FACTIONS, re-adding tutor names to FactionTutorExpansion, starter-deck entries; engine keywords all present in alpha"
hades_keyword_tartarus_colossus,Tartarus Colossus,HADES,CHARACTER,original-json,,missing — faction not in alpha (procedural fallback available),TBD pending faction adaptation,deploy_flight(400ms);move(320ms);melee(360ms)/ranged_projectile;damage_float(1200ms);hit_flash(350ms);destroy(320ms),DEPLOY;MOVE;MELEE/RANGED;DAMAGE;DESTROY,Desolate-Tuba:game-core/src/main/resources/cards/faction-keyword-cards.json @ dde98f8c71ec80ba9046271d1c84e160735c8fcb,PROTOTYPE,true,"NOT in alpha: adapt by re-adding JSON row, registering faction in FactionDecks.FACTIONS, re-adding tutor names to FactionTutorExpansion, starter-deck entries; engine keywords all present in alpha"
hades_keyword_shade_ferryman,Shade Ferryman,HADES,CHARACTER,original-json,,missing — faction not in alpha (procedural fallback available),TBD pending faction adaptation,deploy_flight(400ms);move(320ms);melee(360ms)/ranged_projectile;damage_float(1200ms);hit_flash(350ms);destroy(320ms),DEPLOY;MOVE;MELEE/RANGED;DAMAGE;DESTROY,Desolate-Tuba:game-core/src/main/resources/cards/faction-keyword-cards.json @ dde98f8c71ec80ba9046271d1c84e160735c8fcb,PROTOTYPE,true,"NOT in alpha: adapt by re-adding JSON row, registering faction in FactionDecks.FACTIONS, re-adding tutor names to FactionTutorExpansion, starter-deck entries; engine keywords all present in alpha"
hades_keyword_erebus_reaper,Erebus Reaper,HADES,CHARACTER,original-json,,missing — faction not in alpha (procedural fallback available),TBD pending faction adaptation,deploy_flight(400ms);move(320ms);melee(360ms)/ranged_projectile;damage_float(1200ms);hit_flash(350ms);destroy(320ms),DEPLOY;MOVE;MELEE/RANGED;DAMAGE;DESTROY,Desolate-Tuba:game-core/src/main/resources/cards/faction-keyword-cards.json @ dde98f8c71ec80ba9046271d1c84e160735c8fcb,PROTOTYPE,true,"NOT in alpha: adapt by re-adding JSON row, registering faction in FactionDecks.FACTIONS, re-adding tutor names to FactionTutorExpansion, starter-deck entries; engine keywords all present in alpha"
ares_keyword_bloodshield_recruit,Bloodshield Recruit,ARES,CHARACTER,original-json,,missing — faction not in alpha (procedural fallback available),TBD pending faction adaptation,deploy_flight(400ms);move(320ms);melee(360ms)/ranged_projectile;damage_float(1200ms);hit_flash(350ms);destroy(320ms),DEPLOY;MOVE;MELEE/RANGED;DAMAGE;DESTROY,Desolate-Tuba:game-core/src/main/resources/cards/faction-keyword-cards.json @ dde98f8c71ec80ba9046271d1c84e160735c8fcb,PROTOTYPE,true,"NOT in alpha: adapt by re-adding JSON row, registering faction in FactionDecks.FACTIONS, re-adding tutor names to FactionTutorExpansion, starter-deck entries; engine keywords all present in alpha"
ares_keyword_phalanx_breaker,Phalanx Breaker,ARES,CHARACTER,original-json,,missing — faction not in alpha (procedural fallback available),TBD pending faction adaptation,deploy_flight(400ms);move(320ms);melee(360ms)/ranged_projectile;damage_float(1200ms);hit_flash(350ms);destroy(320ms),DEPLOY;MOVE;MELEE/RANGED;DAMAGE;DESTROY,Desolate-Tuba:game-core/src/main/resources/cards/faction-keyword-cards.json @ dde98f8c71ec80ba9046271d1c84e160735c8fcb,PROTOTYPE,true,"NOT in alpha: adapt by re-adding JSON row, registering faction in FactionDecks.FACTIONS, re-adding tutor names to FactionTutorExpansion, starter-deck entries; engine keywords all present in alpha"
ares_keyword_titan_of_the_red_line,Titan of the Red Line,ARES,CHARACTER,original-json,,missing — faction not in alpha (procedural fallback available),TBD pending faction adaptation,deploy_flight(400ms);move(320ms);melee(360ms)/ranged_projectile;damage_float(1200ms);hit_flash(350ms);destroy(320ms),DEPLOY;MOVE;MELEE/RANGED;DAMAGE;DESTROY,Desolate-Tuba:game-core/src/main/resources/cards/faction-keyword-cards.json @ dde98f8c71ec80ba9046271d1c84e160735c8fcb,PROTOTYPE,true,"NOT in alpha: adapt by re-adding JSON row, registering faction in FactionDecks.FACTIONS, re-adding tutor names to FactionTutorExpansion, starter-deck entries; engine keywords all present in alpha"
ares_keyword_flashblade_skirmisher,Flashblade Gatecrasher,ARES,CHARACTER,original-json,,missing — faction not in alpha (procedural fallback available),TBD pending faction adaptation,deploy_flight(400ms);move(320ms);melee(360ms)/ranged_projectile;damage_float(1200ms);hit_flash(350ms);destroy(320ms),DEPLOY;MOVE;MELEE/RANGED;DAMAGE;DESTROY,Desolate-Tuba:game-core/src/main/resources/cards/faction-keyword-cards.json @ dde98f8c71ec80ba9046271d1c84e160735c8fcb,PROTOTYPE,true,"NOT in alpha: adapt by re-adding JSON row, registering faction in FactionDecks.FACTIONS, re-adding tutor names to FactionTutorExpansion, starter-deck entries; engine keywords all present in alpha"
ares_keyword_warpath_telearch,Warpath Ram,ARES,CHARACTER,original-json,,missing — faction not in alpha (procedural fallback available),TBD pending faction adaptation,deploy_flight(400ms);move(320ms);melee(360ms)/ranged_projectile;damage_float(1200ms);hit_flash(350ms);destroy(320ms),DEPLOY;MOVE;MELEE/RANGED;DAMAGE;DESTROY,Desolate-Tuba:game-core/src/main/resources/cards/faction-keyword-cards.json @ dde98f8c71ec80ba9046271d1c84e160735c8fcb,PROTOTYPE,true,"NOT in alpha: adapt by re-adding JSON row, registering faction in FactionDecks.FACTIONS, re-adding tutor names to FactionTutorExpansion, starter-deck entries; engine keywords all present in alpha"
athena_keyword_aegis_cadet,Aegis Cadet,ATHENA,CHARACTER,original-json,,missing — faction not in alpha (procedural fallback available),TBD pending faction adaptation,deploy_flight(400ms);move(320ms);melee(360ms)/ranged_projectile;damage_float(1200ms);hit_flash(350ms);destroy(320ms),DEPLOY;MOVE;MELEE/RANGED;DAMAGE;DESTROY,Desolate-Tuba:game-core/src/main/resources/cards/faction-keyword-cards.json @ dde98f8c71ec80ba9046271d1c84e160735c8fcb,PROTOTYPE,true,"NOT in alpha: adapt by re-adding JSON row, registering faction in FactionDecks.FACTIONS, re-adding tutor names to FactionTutorExpansion, starter-deck entries; engine keywords all present in alpha"
athena_keyword_owlguard_strategos,Owlguard Strategos,ATHENA,CHARACTER,original-json,,missing — faction not in alpha (procedural fallback available),TBD pending faction adaptation,deploy_flight(400ms);move(320ms);melee(360ms)/ranged_projectile;damage_float(1200ms);hit_flash(350ms);destroy(320ms),DEPLOY;MOVE;MELEE/RANGED;DAMAGE;DESTROY,Desolate-Tuba:game-core/src/main/resources/cards/faction-keyword-cards.json @ dde98f8c71ec80ba9046271d1c84e160735c8fcb,PROTOTYPE,true,"NOT in alpha: adapt by re-adding JSON row, registering faction in FactionDecks.FACTIONS, re-adding tutor names to FactionTutorExpansion, starter-deck entries; engine keywords all present in alpha"
athena_keyword_pallas_war_savant,Pallas War Savant,ATHENA,CHARACTER,original-json,,missing — faction not in alpha (procedural fallback available),TBD pending faction adaptation,deploy_flight(400ms);move(320ms);melee(360ms)/ranged_projectile;damage_float(1200ms);hit_flash(350ms);destroy(320ms),DEPLOY;MOVE;MELEE/RANGED;DAMAGE;DESTROY,Desolate-Tuba:game-core/src/main/resources/cards/faction-keyword-cards.json @ dde98f8c71ec80ba9046271d1c84e160735c8fcb,PROTOTYPE,true,"NOT in alpha: adapt by re-adding JSON row, registering faction in FactionDecks.FACTIONS, re-adding tutor names to FactionTutorExpansion, starter-deck entries; engine keywords all present in alpha"
athena_keyword_hidden_flank_scholar,High-Flank Scholar,ATHENA,CHARACTER,original-json,,missing — faction not in alpha (procedural fallback available),TBD pending faction adaptation,deploy_flight(400ms);move(320ms);melee(360ms)/ranged_projectile;damage_float(1200ms);hit_flash(350ms);destroy(320ms),DEPLOY;MOVE;MELEE/RANGED;DAMAGE;DESTROY,Desolate-Tuba:game-core/src/main/resources/cards/faction-keyword-cards.json @ dde98f8c71ec80ba9046271d1c84e160735c8fcb,PROTOTYPE,true,"NOT in alpha: adapt by re-adding JSON row, registering faction in FactionDecks.FACTIONS, re-adding tutor names to FactionTutorExpansion, starter-deck entries; engine keywords all present in alpha"
athena_keyword_labyrinth_tactician,Labyrinth Marksman,ATHENA,CHARACTER,original-json,,missing — faction not in alpha (procedural fallback available),TBD pending faction adaptation,deploy_flight(400ms);move(320ms);melee(360ms)/ranged_projectile;damage_float(1200ms);hit_flash(350ms);destroy(320ms),DEPLOY;MOVE;MELEE/RANGED;DAMAGE;DESTROY,Desolate-Tuba:game-core/src/main/resources/cards/faction-keyword-cards.json @ dde98f8c71ec80ba9046271d1c84e160735c8fcb,PROTOTYPE,true,"NOT in alpha: adapt by re-adding JSON row, registering faction in FactionDecks.FACTIONS, re-adding tutor names to FactionTutorExpansion, starter-deck entries; engine keywords all present in alpha"
hephaestus_keyword_bronze_line_automaton,Bronze-Line Automaton,HEPHAESTUS,CHARACTER,original-json,,missing — faction not in alpha (procedural fallback available),TBD pending faction adaptation,deploy_flight(400ms);move(320ms);melee(360ms)/ranged_projectile;damage_float(1200ms);hit_flash(350ms);destroy(320ms),DEPLOY;MOVE;MELEE/RANGED;DAMAGE;DESTROY,Desolate-Tuba:game-core/src/main/resources/cards/faction-keyword-cards.json @ dde98f8c71ec80ba9046271d1c84e160735c8fcb,PROTOTYPE,true,"NOT in alpha: adapt by re-adding JSON row, registering faction in FactionDecks.FACTIONS, re-adding tutor names to FactionTutorExpansion, starter-deck entries; engine keywords all present in alpha"
hephaestus_keyword_foundry_bastion,Foundry Bastion,HEPHAESTUS,CHARACTER,original-json,,missing — faction not in alpha (procedural fallback available),TBD pending faction adaptation,deploy_flight(400ms);move(320ms);melee(360ms)/ranged_projectile;damage_float(1200ms);hit_flash(350ms);destroy(320ms),DEPLOY;MOVE;MELEE/RANGED;DAMAGE;DESTROY,Desolate-Tuba:game-core/src/main/resources/cards/faction-keyword-cards.json @ dde98f8c71ec80ba9046271d1c84e160735c8fcb,PROTOTYPE,true,"NOT in alpha: adapt by re-adding JSON row, registering faction in FactionDecks.FACTIONS, re-adding tutor names to FactionTutorExpansion, starter-deck entries; engine keywords all present in alpha"
hephaestus_keyword_colossus_prime,Colossus Prime,HEPHAESTUS,CHARACTER,original-json,,missing — faction not in alpha (procedural fallback available),TBD pending faction adaptation,deploy_flight(400ms);move(320ms);melee(360ms)/ranged_projectile;damage_float(1200ms);hit_flash(350ms);destroy(320ms),DEPLOY;MOVE;MELEE/RANGED;DAMAGE;DESTROY,Desolate-Tuba:game-core/src/main/resources/cards/faction-keyword-cards.json @ dde98f8c71ec80ba9046271d1c84e160735c8fcb,PROTOTYPE,true,"NOT in alpha: adapt by re-adding JSON row, registering faction in FactionDecks.FACTIONS, re-adding tutor names to FactionTutorExpansion, starter-deck entries; engine keywords all present in alpha"
hephaestus_keyword_subforge_sapper,Subforge Sapper,HEPHAESTUS,CHARACTER,original-json,,missing — faction not in alpha (procedural fallback available),TBD pending faction adaptation,deploy_flight(400ms);move(320ms);melee(360ms)/ranged_projectile;damage_float(1200ms);hit_flash(350ms);destroy(320ms),DEPLOY;MOVE;MELEE/RANGED;DAMAGE;DESTROY,Desolate-Tuba:game-core/src/main/resources/cards/faction-keyword-cards.json @ dde98f8c71ec80ba9046271d1c84e160735c8fcb,PROTOTYPE,true,"NOT in alpha: adapt by re-adding JSON row, registering faction in FactionDecks.FACTIONS, re-adding tutor names to FactionTutorExpansion, starter-deck entries; engine keywords all present in alpha"
hephaestus_keyword_mantle_borer,Mantle Borer,HEPHAESTUS,CHARACTER,original-json,,missing — faction not in alpha (procedural fallback available),TBD pending faction adaptation,deploy_flight(400ms);move(320ms);melee(360ms)/ranged_projectile;damage_float(1200ms);hit_flash(350ms);destroy(320ms),DEPLOY;MOVE;MELEE/RANGED;DAMAGE;DESTROY,Desolate-Tuba:game-core/src/main/resources/cards/faction-keyword-cards.json @ dde98f8c71ec80ba9046271d1c84e160735c8fcb,PROTOTYPE,true,"NOT in alpha: adapt by re-adding JSON row, registering faction in FactionDecks.FACTIONS, re-adding tutor names to FactionTutorExpansion, starter-deck entries; engine keywords all present in alpha"
hades_soul_sever,Soul Sever,HADES,SPELL,original-json,,missing — faction not in alpha (procedural fallback available),TBD pending faction adaptation,cast;play_flight(400ms);particle_burst(Kenney);resolve,SPELL;DAMAGE,Desolate-Tuba:game-core/src/main/resources/cards/faction-spells.json @ dde98f8c71ec80ba9046271d1c84e160735c8fcb,PROTOTYPE,true,"NOT in alpha: adapt by re-adding JSON row, registering faction in FactionDecks.FACTIONS, re-adding tutor names to FactionTutorExpansion, starter-deck entries; engine keywords all present in alpha"
hades_grave_pressure,Grave Pressure,HADES,SPELL,original-json,,missing — faction not in alpha (procedural fallback available),TBD pending faction adaptation,cast;play_flight(400ms);particle_burst(Kenney);resolve,SPELL;DAMAGE,Desolate-Tuba:game-core/src/main/resources/cards/faction-spells.json @ dde98f8c71ec80ba9046271d1c84e160735c8fcb,PROTOTYPE,true,"NOT in alpha: adapt by re-adding JSON row, registering faction in FactionDecks.FACTIONS, re-adding tutor names to FactionTutorExpansion, starter-deck entries; engine keywords all present in alpha"
hades_lethes_embrace,Lethe's Embrace,HADES,SPELL,original-json,,missing — faction not in alpha (procedural fallback available),TBD pending faction adaptation,cast;play_flight(400ms);particle_burst(Kenney);resolve,SPELL;DAMAGE,Desolate-Tuba:game-core/src/main/resources/cards/faction-spells.json @ dde98f8c71ec80ba9046271d1c84e160735c8fcb,PROTOTYPE,true,"NOT in alpha: adapt by re-adding JSON row, registering faction in FactionDecks.FACTIONS, re-adding tutor names to FactionTutorExpansion, starter-deck entries; engine keywords all present in alpha"
hades_deathly_vigor,Deathly Vigor,HADES,SPELL,original-json,,missing — faction not in alpha (procedural fallback available),TBD pending faction adaptation,cast;play_flight(400ms);particle_burst(Kenney);resolve,SPELL;DAMAGE,Desolate-Tuba:game-core/src/main/resources/cards/faction-spells.json @ dde98f8c71ec80ba9046271d1c84e160735c8fcb,PROTOTYPE,true,"NOT in alpha: adapt by re-adding JSON row, registering faction in FactionDecks.FACTIONS, re-adding tutor names to FactionTutorExpansion, starter-deck entries; engine keywords all present in alpha"
hades_shroud_of_erebus,Shroud of Erebus,HADES,SPELL,original-json,,missing — faction not in alpha (procedural fallback available),TBD pending faction adaptation,cast;play_flight(400ms);particle_burst(Kenney);resolve,SPELL;DAMAGE,Desolate-Tuba:game-core/src/main/resources/cards/faction-spells.json @ dde98f8c71ec80ba9046271d1c84e160735c8fcb,PROTOTYPE,true,"NOT in alpha: adapt by re-adding JSON row, registering faction in FactionDecks.FACTIONS, re-adding tutor names to FactionTutorExpansion, starter-deck entries; engine keywords all present in alpha"
ares_spear_volley,Spear Volley,ARES,SPELL,original-json,,missing — faction not in alpha (procedural fallback available),TBD pending faction adaptation,cast;play_flight(400ms);particle_burst(Kenney);resolve,SPELL;DAMAGE,Desolate-Tuba:game-core/src/main/resources/cards/faction-spells.json @ dde98f8c71ec80ba9046271d1c84e160735c8fcb,PROTOTYPE,true,"NOT in alpha: adapt by re-adding JSON row, registering faction in FactionDecks.FACTIONS, re-adding tutor names to FactionTutorExpansion, starter-deck entries; engine keywords all present in alpha"
ares_siege_fury,Siege Fury,ARES,SPELL,original-json,,missing — faction not in alpha (procedural fallback available),TBD pending faction adaptation,cast;play_flight(400ms);particle_burst(Kenney);resolve,SPELL;DAMAGE,Desolate-Tuba:game-core/src/main/resources/cards/faction-spells.json @ dde98f8c71ec80ba9046271d1c84e160735c8fcb,PROTOTYPE,true,"NOT in alpha: adapt by re-adding JSON row, registering faction in FactionDecks.FACTIONS, re-adding tutor names to FactionTutorExpansion, starter-deck entries; engine keywords all present in alpha"
ares_forced_march,Forced March,ARES,SPELL,original-json,,missing — faction not in alpha (procedural fallback available),TBD pending faction adaptation,cast;play_flight(400ms);particle_burst(Kenney);resolve,SPELL;DAMAGE,Desolate-Tuba:game-core/src/main/resources/cards/faction-spells.json @ dde98f8c71ec80ba9046271d1c84e160735c8fcb,PROTOTYPE,true,"NOT in alpha: adapt by re-adding JSON row, registering faction in FactionDecks.FACTIONS, re-adding tutor names to FactionTutorExpansion, starter-deck entries; engine keywords all present in alpha"
ares_blood_frenzy,Blood Frenzy,ARES,SPELL,original-json,,missing — faction not in alpha (procedural fallback available),TBD pending faction adaptation,cast;play_flight(400ms);particle_burst(Kenney);resolve,SPELL;DAMAGE,Desolate-Tuba:game-core/src/main/resources/cards/faction-spells.json @ dde98f8c71ec80ba9046271d1c84e160735c8fcb,PROTOTYPE,true,"NOT in alpha: adapt by re-adding JSON row, registering faction in FactionDecks.FACTIONS, re-adding tutor names to FactionTutorExpansion, starter-deck entries; engine keywords all present in alpha"
ares_defiant_roar,Defiant Roar,ARES,SPELL,original-json,,missing — faction not in alpha (procedural fallback available),TBD pending faction adaptation,cast;play_flight(400ms);particle_burst(Kenney);resolve,SPELL;DAMAGE,Desolate-Tuba:game-core/src/main/resources/cards/faction-spells.json @ dde98f8c71ec80ba9046271d1c84e160735c8fcb,PROTOTYPE,true,"NOT in alpha: adapt by re-adding JSON row, registering faction in FactionDecks.FACTIONS, re-adding tutor names to FactionTutorExpansion, starter-deck entries; engine keywords all present in alpha"
athena_calculated_shot,Calculated Shot,ATHENA,SPELL,original-json,,missing — faction not in alpha (procedural fallback available),TBD pending faction adaptation,cast;play_flight(400ms);particle_burst(Kenney);resolve,SPELL;DAMAGE,Desolate-Tuba:game-core/src/main/resources/cards/faction-spells.json @ dde98f8c71ec80ba9046271d1c84e160735c8fcb,PROTOTYPE,true,"NOT in alpha: adapt by re-adding JSON row, registering faction in FactionDecks.FACTIONS, re-adding tutor names to FactionTutorExpansion, starter-deck entries; engine keywords all present in alpha"
athena_expose_structural_weakness,Expose Structural Weakness,ATHENA,SPELL,original-json,,missing — faction not in alpha (procedural fallback available),TBD pending faction adaptation,cast;play_flight(400ms);particle_burst(Kenney);resolve,SPELL;DAMAGE,Desolate-Tuba:game-core/src/main/resources/cards/faction-spells.json @ dde98f8c71ec80ba9046271d1c84e160735c8fcb,PROTOTYPE,true,"NOT in alpha: adapt by re-adding JSON row, registering faction in FactionDecks.FACTIONS, re-adding tutor names to FactionTutorExpansion, starter-deck entries; engine keywords all present in alpha"
athena_aegis_restoration,Aegis Restoration,ATHENA,SPELL,original-json,,missing — faction not in alpha (procedural fallback available),TBD pending faction adaptation,cast;play_flight(400ms);particle_burst(Kenney);resolve,SPELL;DAMAGE,Desolate-Tuba:game-core/src/main/resources/cards/faction-spells.json @ dde98f8c71ec80ba9046271d1c84e160735c8fcb,PROTOTYPE,true,"NOT in alpha: adapt by re-adding JSON row, registering faction in FactionDecks.FACTIONS, re-adding tutor names to FactionTutorExpansion, starter-deck entries; engine keywords all present in alpha"
athena_tactical_edge,Tactical Edge,ATHENA,SPELL,original-json,,missing — faction not in alpha (procedural fallback available),TBD pending faction adaptation,cast;play_flight(400ms);particle_burst(Kenney);resolve,SPELL;DAMAGE,Desolate-Tuba:game-core/src/main/resources/cards/faction-spells.json @ dde98f8c71ec80ba9046271d1c84e160735c8fcb,PROTOTYPE,true,"NOT in alpha: adapt by re-adding JSON row, registering faction in FactionDecks.FACTIONS, re-adding tutor names to FactionTutorExpansion, starter-deck entries; engine keywords all present in alpha"
athena_brace_formation,Brace Formation,ATHENA,SPELL,original-json,,missing — faction not in alpha (procedural fallback available),TBD pending faction adaptation,cast;play_flight(400ms);particle_burst(Kenney);resolve,SPELL;DAMAGE,Desolate-Tuba:game-core/src/main/resources/cards/faction-spells.json @ dde98f8c71ec80ba9046271d1c84e160735c8fcb,PROTOTYPE,true,"NOT in alpha: adapt by re-adding JSON row, registering faction in FactionDecks.FACTIONS, re-adding tutor names to FactionTutorExpansion, starter-deck entries; engine keywords all present in alpha"
hephaestus_plasma_cut,Plasma Cut,HEPHAESTUS,SPELL,original-json,,missing — faction not in alpha (procedural fallback available),TBD pending faction adaptation,cast;play_flight(400ms);particle_burst(Kenney);resolve,SPELL;DAMAGE,Desolate-Tuba:game-core/src/main/resources/cards/faction-spells.json @ dde98f8c71ec80ba9046271d1c84e160735c8fcb,PROTOTYPE,true,"NOT in alpha: adapt by re-adding JSON row, registering faction in FactionDecks.FACTIONS, re-adding tutor names to FactionTutorExpansion, starter-deck entries; engine keywords all present in alpha"
hephaestus_core_meltdown,Core Meltdown,HEPHAESTUS,SPELL,original-json,,missing — faction not in alpha (procedural fallback available),TBD pending faction adaptation,cast;play_flight(400ms);particle_burst(Kenney);resolve,SPELL;DAMAGE,Desolate-Tuba:game-core/src/main/resources/cards/faction-spells.json @ dde98f8c71ec80ba9046271d1c84e160735c8fcb,PROTOTYPE,true,"NOT in alpha: adapt by re-adding JSON row, registering faction in FactionDecks.FACTIONS, re-adding tutor names to FactionTutorExpansion, starter-deck entries; engine keywords all present in alpha"
hephaestus_field_repair,Field Repair,HEPHAESTUS,SPELL,original-json,,missing — faction not in alpha (procedural fallback available),TBD pending faction adaptation,cast;play_flight(400ms);particle_burst(Kenney);resolve,SPELL;DAMAGE,Desolate-Tuba:game-core/src/main/resources/cards/faction-spells.json @ dde98f8c71ec80ba9046271d1c84e160735c8fcb,PROTOTYPE,true,"NOT in alpha: adapt by re-adding JSON row, registering faction in FactionDecks.FACTIONS, re-adding tutor names to FactionTutorExpansion, starter-deck entries; engine keywords all present in alpha"
hephaestus_overclock,Overclock,HEPHAESTUS,SPELL,original-json,,missing — faction not in alpha (procedural fallback available),TBD pending faction adaptation,cast;play_flight(400ms);particle_burst(Kenney);resolve,SPELL;DAMAGE,Desolate-Tuba:game-core/src/main/resources/cards/faction-spells.json @ dde98f8c71ec80ba9046271d1c84e160735c8fcb,PROTOTYPE,true,"NOT in alpha: adapt by re-adding JSON row, registering faction in FactionDecks.FACTIONS, re-adding tutor names to FactionTutorExpansion, starter-deck entries; engine keywords all present in alpha"
hephaestus_reactive_plating,Reactive Plating,HEPHAESTUS,SPELL,original-json,,missing — faction not in alpha (procedural fallback available),TBD pending faction adaptation,cast;play_flight(400ms);particle_burst(Kenney);resolve,SPELL;DAMAGE,Desolate-Tuba:game-core/src/main/resources/cards/faction-spells.json @ dde98f8c71ec80ba9046271d1c84e160735c8fcb,PROTOTYPE,true,"NOT in alpha: adapt by re-adding JSON row, registering faction in FactionDecks.FACTIONS, re-adding tutor names to FactionTutorExpansion, starter-deck entries; engine keywords all present in alpha"
hades_fast_final_breath,Final Breath,HADES,CHARACTER,original-json,,missing — faction not in alpha (procedural fallback available),TBD pending faction adaptation,deploy_flight(400ms);move(320ms);melee(360ms)/ranged_projectile;damage_float(1200ms);hit_flash(350ms);destroy(320ms),DEPLOY;MOVE;MELEE/RANGED;DAMAGE;DESTROY,Desolate-Tuba:game-core/src/main/resources/cards/tactical-keyword-cards.json @ dde98f8c71ec80ba9046271d1c84e160735c8fcb,PROTOTYPE,true,"NOT in alpha: adapt by re-adding JSON row, registering faction in FactionDecks.FACTIONS, re-adding tutor names to FactionTutorExpansion, starter-deck entries; engine keywords all present in alpha"
hades_siege_tombbreaker,Tombbreaker,HADES,CHARACTER,original-json,,missing — faction not in alpha (procedural fallback available),TBD pending faction adaptation,deploy_flight(400ms);move(320ms);melee(360ms)/ranged_projectile;damage_float(1200ms);hit_flash(350ms);destroy(320ms),DEPLOY;MOVE;MELEE/RANGED;DAMAGE;DESTROY,Desolate-Tuba:game-core/src/main/resources/cards/tactical-keyword-cards.json @ dde98f8c71ec80ba9046271d1c84e160735c8fcb,PROTOTYPE,true,"NOT in alpha: adapt by re-adding JSON row, registering faction in FactionDecks.FACTIONS, re-adding tutor names to FactionTutorExpansion, starter-deck entries; engine keywords all present in alpha"
hades_sharp_styx_overwatch,Styx Overwatch,HADES,CHARACTER,original-json,,missing — faction not in alpha (procedural fallback available),TBD pending faction adaptation,deploy_flight(400ms);move(320ms);melee(360ms)/ranged_projectile;damage_float(1200ms);hit_flash(350ms);destroy(320ms),DEPLOY;MOVE;MELEE/RANGED;DAMAGE;DESTROY,Desolate-Tuba:game-core/src/main/resources/cards/tactical-keyword-cards.json @ dde98f8c71ec80ba9046271d1c84e160735c8fcb,PROTOTYPE,true,"NOT in alpha: adapt by re-adding JSON row, registering faction in FactionDecks.FACTIONS, re-adding tutor names to FactionTutorExpansion, starter-deck entries; engine keywords all present in alpha"
ares_fast_first_blood_champion,First-Blood Champion,ARES,CHARACTER,original-json,,missing — faction not in alpha (procedural fallback available),TBD pending faction adaptation,deploy_flight(400ms);move(320ms);melee(360ms)/ranged_projectile;damage_float(1200ms);hit_flash(350ms);destroy(320ms),DEPLOY;MOVE;MELEE/RANGED;DAMAGE;DESTROY,Desolate-Tuba:game-core/src/main/resources/cards/tactical-keyword-cards.json @ dde98f8c71ec80ba9046271d1c84e160735c8fcb,PROTOTYPE,true,"NOT in alpha: adapt by re-adding JSON row, registering faction in FactionDecks.FACTIONS, re-adding tutor names to FactionTutorExpansion, starter-deck entries; engine keywords all present in alpha"
ares_siege_bronze_gatecrasher,Bronze Gatecrasher,ARES,CHARACTER,original-json,,missing — faction not in alpha (procedural fallback available),TBD pending faction adaptation,deploy_flight(400ms);move(320ms);melee(360ms)/ranged_projectile;damage_float(1200ms);hit_flash(350ms);destroy(320ms),DEPLOY;MOVE;MELEE/RANGED;DAMAGE;DESTROY,Desolate-Tuba:game-core/src/main/resources/cards/tactical-keyword-cards.json @ dde98f8c71ec80ba9046271d1c84e160735c8fcb,PROTOTYPE,true,"NOT in alpha: adapt by re-adding JSON row, registering faction in FactionDecks.FACTIONS, re-adding tutor names to FactionTutorExpansion, starter-deck entries; engine keywords all present in alpha"
ares_sharp_battlement_javelinist,Battlement Javelinist,ARES,CHARACTER,original-json,,missing — faction not in alpha (procedural fallback available),TBD pending faction adaptation,deploy_flight(400ms);move(320ms);melee(360ms)/ranged_projectile;damage_float(1200ms);hit_flash(350ms);destroy(320ms),DEPLOY;MOVE;MELEE/RANGED;DAMAGE;DESTROY,Desolate-Tuba:game-core/src/main/resources/cards/tactical-keyword-cards.json @ dde98f8c71ec80ba9046271d1c84e160735c8fcb,PROTOTYPE,true,"NOT in alpha: adapt by re-adding JSON row, registering faction in FactionDecks.FACTIONS, re-adding tutor names to FactionTutorExpansion, starter-deck entries; engine keywords all present in alpha"
athena_fast_counterstroke_adept,Counterstroke Adept,ATHENA,CHARACTER,original-json,,missing — faction not in alpha (procedural fallback available),TBD pending faction adaptation,deploy_flight(400ms);move(320ms);melee(360ms)/ranged_projectile;damage_float(1200ms);hit_flash(350ms);destroy(320ms),DEPLOY;MOVE;MELEE/RANGED;DAMAGE;DESTROY,Desolate-Tuba:game-core/src/main/resources/cards/tactical-keyword-cards.json @ dde98f8c71ec80ba9046271d1c84e160735c8fcb,PROTOTYPE,true,"NOT in alpha: adapt by re-adding JSON row, registering faction in FactionDecks.FACTIONS, re-adding tutor names to FactionTutorExpansion, starter-deck entries; engine keywords all present in alpha"
athena_siege_geometry_breaker,Geometry Breaker,ATHENA,CHARACTER,original-json,,missing — faction not in alpha (procedural fallback available),TBD pending faction adaptation,deploy_flight(400ms);move(320ms);melee(360ms)/ranged_projectile;damage_float(1200ms);hit_flash(350ms);destroy(320ms),DEPLOY;MOVE;MELEE/RANGED;DAMAGE;DESTROY,Desolate-Tuba:game-core/src/main/resources/cards/tactical-keyword-cards.json @ dde98f8c71ec80ba9046271d1c84e160735c8fcb,PROTOTYPE,true,"NOT in alpha: adapt by re-adding JSON row, registering faction in FactionDecks.FACTIONS, re-adding tutor names to FactionTutorExpansion, starter-deck entries; engine keywords all present in alpha"
athena_sharp_acropolis_marksman,Acropolis Marksman,ATHENA,CHARACTER,original-json,,missing — faction not in alpha (procedural fallback available),TBD pending faction adaptation,deploy_flight(400ms);move(320ms);melee(360ms)/ranged_projectile;damage_float(1200ms);hit_flash(350ms);destroy(320ms),DEPLOY;MOVE;MELEE/RANGED;DAMAGE;DESTROY,Desolate-Tuba:game-core/src/main/resources/cards/tactical-keyword-cards.json @ dde98f8c71ec80ba9046271d1c84e160735c8fcb,PROTOTYPE,true,"NOT in alpha: adapt by re-adding JSON row, registering faction in FactionDecks.FACTIONS, re-adding tutor names to FactionTutorExpansion, starter-deck entries; engine keywords all present in alpha"
hephaestus_fast_sparkblade_automaton,Sparkblade Automaton,HEPHAESTUS,CHARACTER,original-json,,missing — faction not in alpha (procedural fallback available),TBD pending faction adaptation,deploy_flight(400ms);move(320ms);melee(360ms)/ranged_projectile;damage_float(1200ms);hit_flash(350ms);destroy(320ms),DEPLOY;MOVE;MELEE/RANGED;DAMAGE;DESTROY,Desolate-Tuba:game-core/src/main/resources/cards/tactical-keyword-cards.json @ dde98f8c71ec80ba9046271d1c84e160735c8fcb,PROTOTYPE,true,"NOT in alpha: adapt by re-adding JSON row, registering faction in FactionDecks.FACTIONS, re-adding tutor names to FactionTutorExpansion, starter-deck entries; engine keywords all present in alpha"
hephaestus_siege_molten_borer,Molten Borer,HEPHAESTUS,CHARACTER,original-json,,missing — faction not in alpha (procedural fallback available),TBD pending faction adaptation,deploy_flight(400ms);move(320ms);melee(360ms)/ranged_projectile;damage_float(1200ms);hit_flash(350ms);destroy(320ms),DEPLOY;MOVE;MELEE/RANGED;DAMAGE;DESTROY,Desolate-Tuba:game-core/src/main/resources/cards/tactical-keyword-cards.json @ dde98f8c71ec80ba9046271d1c84e160735c8fcb,PROTOTYPE,true,"NOT in alpha: adapt by re-adding JSON row, registering faction in FactionDecks.FACTIONS, re-adding tutor names to FactionTutorExpansion, starter-deck entries; engine keywords all present in alpha"
hephaestus_sharp_turret_linker,Turret Linker,HEPHAESTUS,CHARACTER,original-json,,missing — faction not in alpha (procedural fallback available),TBD pending faction adaptation,deploy_flight(400ms);move(320ms);melee(360ms)/ranged_projectile;damage_float(1200ms);hit_flash(350ms);destroy(320ms),DEPLOY;MOVE;MELEE/RANGED;DAMAGE;DESTROY,Desolate-Tuba:game-core/src/main/resources/cards/tactical-keyword-cards.json @ dde98f8c71ec80ba9046271d1c84e160735c8fcb,PROTOTYPE,true,"NOT in alpha: adapt by re-adding JSON row, registering faction in FactionDecks.FACTIONS, re-adding tutor names to FactionTutorExpansion, starter-deck entries; engine keywords all present in alpha"
